customer_id,customer_name,phone_number,email,registered_pincode,registered_city,registered_state,signup_date,acquisition_channel
CUST000001,Vivaan Pillai,6960013389,saanvi.sheikh666@outlook.com,781075,Guwahati,Assam,2025-10-10,Unknown
CUST000002,Neha Kumar,Check Number,ayesha.gupta566@rediffmail.com,600079,Chennai,Tamil Nadu,2025-02-18,Unknown
CUST000003,Tanvi Nair,7164752553,simran.malhotra700@gmail.com,110021,New Delhi,Delhi,2025-12-17,Organic Search
CUST000004,Simran Joshi,6305641395,N/A,282017,Agra,Uttar Pradesh,2024-04-17,Unknown
CUST000005,Anil Banerjee,7871012269,ayesha.shah480@rediffmail.com,474001,Gwalior,Madhya Pradesh,2024-11-20,Unknown
CUST000006,Pooja Yadav,8828148932,ananya.joshi977@gmail.com,700XX2,Kolkata,West Bengal,2025-10-10,Facebook Ads
CUST000007,Rajesh Gupta,7278248963,amit.pillai707@yahoo.com,422051,Nashik,Maharashtra,2025-05-31,WhatsApp Reseller
CUST000008,Myra Nair,7010310518,tanvi.chauhan220@yahoo.com,641073,Coimbatore,Tamil Nadu,2025-10-01,Organic Search
CUST000009,Reyansh Ansari,9010651333,ishaan.yadav188@rediffmail.com,313009,Udaipur,Rajasthan,2025-10-28,Referral
CUST000010,Rekha Rao,7267736026,ayesha.iyer949@outlook.com,422089,Nashik,Maharashtra,2024-04-05,Unknown
CUST000011,Saanvi Das,Check Number,sai.bhatt191@gmail.com,506086,Warangal,Telangana,2025-08-27,Facebook Ads
CUST000012,Aditya Shah,8435346247,amit.malhotra75@gmail.com,474072,Gwalior,Madhya Pradesh,2024-06-03,Facebook Ads
CUST000013,Myra Mukherjee,8980841241,jaspreet.joshi160@rediffmail.com,734026,Siliguri,West Bengal,2025-11-23,Instagram Ads
CUST000014,Priya Agarwal,Missing,N/A,380042,Ahmedabad,Gujarat,2024-09-19,Facebook Ads
CUST000015,Gurpreet Yadav,7805982620,aditya.agarwal367@yahoo.com,641085,Coimbatore,Tamil Nadu,2024-07-17,WhatsApp Reseller
CUST000016,Ananya Naidu,6256342160,kiara.reddy837@outlook.com,143029,Amritsar,Punjab,2025-06-04,Instagram Ads
CUST000017,Arjun Menon,8014294019,harpreet.naidu322@outlook.com,282065,Agra,Uttar Pradesh,2023-08-31,Instagram Ads
CUST000018,Ramesh Sharma,7561595148,suresh.chatterjee413@rediffmail.com,440024,Nagpur,Maharashtra,2024-02-07,Unknown
CUST000019,Rajesh Das,8436995777,lakshmi.chauhan813@yahoo.com,342036,Jodhpur,Rajasthan,2024-05-12,Referral
CUST000020,Sneha Nair,6379176936,myra.kumar672@gmail.com,201098,Ghaziabad,Uttar Pradesh,2024-03-15,Facebook Ads
CUST000021,Deepak Verma,6727889579,lakshmi.yadav851@outlook.com,695095,Thiruvananthapuram,Kerala,2024-08-20,Unknown
CUST000022,Sandeep Rathore,9143455812,N/A,282052,Agra,Uttar Pradesh,2023-12-10,Facebook Ads
CUST000023,Sandeep Desai,Missing,N/A,580045,Hubli,Karnataka,2024-12-30,WhatsApp Reseller
CUST000024,Sunil Agarwal,6656272980,N/A,360054,Rajkot,Gujarat,2023-11-05,Instagram Ads
CUST000025,Aadhya Mishra,9464170805,arjun.menon981@gmail.com,560031,Bengaluru,Karnataka,2025-03-03,Organic Search
CUST000026,Rajesh Reddy,8299124190,rajesh.ansari930@outlook.com,831091,Jamshedpur,Jharkhand,2025-10-07,Facebook Ads
CUST000027,Sandeep Das,6905865185,suresh.rao502@gmail.com,121046,Faridabad,Haryana,2024-02-19,Facebook Ads
CUST000028,Harpreet Rathore,9769453147,deepak.desai625@outlook.com,600063,Chennai,Tamil Nadu,2025-08-05,Instagram Ads
CUST000029,Neha Agarwal,6831367837,N/A,221028,Varanasi,Uttar Pradesh,2025-02-18,WhatsApp Reseller
CUST000030,Manoj Rathore,8574443135,N/A,713094,Asansol,West Bengal,2024-10-05,WhatsApp Reseller
CUST000031,Saanvi Das,Missing,rekha.kumar281@gmail.com,800070,Patna,Bihar,2025-10-22,Organic Search
CUST000032,Aarav Desai,6471167190,N/A,121097,Faridabad,Haryana,2023-08-23,Facebook Ads
CUST000033,Vikas Malhotra,9499091334,N/A,395052,Surat,Gujarat,2025-01-08,Referral
CUST000034,Gurpreet Das,7493618324,arjun.verma170@rediffmail.com,208072,Kanpur,Uttar Pradesh,2025-04-12,Unknown
CUST000035,Ravi Iyer,Check Number,rajesh.desai974@gmail.com,823086,Gaya,Bihar,2024-02-16,Organic Search
CUST000036,Vikas Malhotra,9175655125,geeta.das679@outlook.com,39507,Surat,Gujarat,2024-04-05,Organic Search
CUST000037,Aarav Ansari,6385977034,N/A,380080,Ahmedabad,Gujarat,2023-10-11,Instagram Ads
CUST000038,Manoj Yadav,9127484677,manoj.kumar393@yahoo.com,462065,Bhopal,Madhya Pradesh,2026-01-18,Instagram Ads
CUST000039,Aarav Das,9278755886,mohammed.bhatt194@yahoo.com,380029,Ahmedabad,Gujarat,2025-05-04,Unknown
CUST000040,Ayesha Banerjee,7702895171,deepak.sharma740@yahoo.com,500083, Hyderabad ,Telangana,2024-02-10,Instagram Ads
CUST000041,Ravi Khan,9578091343,ramesh.singh779@gmail.com,753088,Cuttack,Odisha,2024-02-23,Instagram Ads
CUST000042,Ramesh Kumar,7221969379,deepak.khan261@outlook.com,734001,Siliguri,West Bengal,2025-01-14,Unknown
CUST000043,Arjun Mishra,8647436713,N/A,360084,Rajkot,Gujarat,2025-08-24,Referral
CUST000044,Geeta Rao,7953394210,vikas.verma594@rediffmail.com,751011,Bhubaneswar,Odisha,2023-12-31,Facebook Ads
CUST000045,Rekha Agarwal,8247451712,kiara.bhatt693@outlook.com,313071,Udaipur,Rajasthan,2025-09-19,Instagram Ads
CUST000046,Deepak Mukherjee,9513709859,arjun.khan844@outlook.com,360038,Rajkot,Gujarat,2025-09-28,Instagram Ads
CUST000047,Reyansh Nair,9586926179,N/A,506056,Warangal,Telangana,2025-10-06,Unknown
CUST000048,Isha Mukherjee,9139005329,amit.joshi213@yahoo.com,713029,Asansol,West Bengal,2024-07-24,Instagram Ads
CUST000049,Rekha Iyer,6205395024,jaspreet.yadav539@gmail.com,143060,Amritsar,Punjab,2025-09-21,Referral
CUST000050,Kiara Shah,8700766177,N/A,641035,Coimbatore,Tamil Nadu,2024-09-04,Instagram Ads
CUST000051,Kavita Das,6183673657,harpreet.singh321@outlook.com,560032,Bengaluru,Karnataka,2024-05-31,Referral
CUST000052,Sai Gupta,8280988516,tanvi.menon434@gmail.com,122076,Gurugram,Haryana,2023-10-04,Unknown
CUST000053,Reyansh Mukherjee,8936899809,simran.iyer30@yahoo.com,500097,Hyderabad,Telangana,2025-06-17,Facebook Ads
CUST000054,Tanvi Banerjee,6836675254,sandeep.desai611@gmail.com,143019,Amritsar,Punjab,2024-07-02,Referral
CUST000055,Tanvi Yadav,8381561497,sneha.verma226@outlook.com,28200,Agra,Uttar Pradesh,2024-11-05,Instagram Ads
CUST000056,Krishna Sharma,7683885160,deepak.malhotra80@rediffmail.com,800073,Patna,Bihar,2025-03-03,Referral
CUST000057,Mohammed Patel,8161369681,sneha.pillai348@yahoo.com,570021,Mysuru,Karnataka,2026-01-11,WhatsApp Reseller
CUST000058,Farhan Mukherjee,7312432921,sandeep.khan506@outlook.com,313097,Udaipur,Rajasthan,2023-11-30,Unknown
CUST000059,Mohammed Bhatt,9177449058,deepak.mishra39@gmail.com,781036,Guwahati,Assam,2024-05-03,WhatsApp Reseller
CUST000060,Ayesha Mishra,6793597820,N/A,751090,Bhubaneswar,Odisha,2024-08-31,WhatsApp Reseller
CUST000061,Zoya Malhotra,6515186449,imran.gupta597@yahoo.com,302039,Jaipur,Rajasthan,2025-01-25,Facebook Ads
CUST000062,Sai Das,8281685054,N/A,751017,Bhubaneswar,Odisha,2024-02-07,WhatsApp Reseller
CUST000063,Jaspreet Agarwal,7962229270,riya.pillai244@outlook.com,360096,Rajkot,Gujarat,2023-09-30,Facebook Ads
CUST000064,Sunita Agarwal,9746886239,priya.verma657@outlook.com,823070,Gaya,Bihar,2023-10-27,Referral
CUST000065,Amit Patel,9137506068,N/A,800012,Patna,Bihar,2025-11-08,Facebook Ads
CUST000066,Sunita Sheikh,9790104328,sunil.rathore434@gmail.com,440030,Nagpur,Maharashtra,2025-04-14,Organic Search
CUST000067,Geeta Shah,7246095396,N/A,110067,New Delhi,Delhi,2025-10-11,WhatsApp Reseller
CUST000068,Sunita Verma,8051531952,rekha.chatterjee834@yahoo.com,411087,Pune,Maharashtra,2024-12-29,Facebook Ads
CUST000069,Gurpreet Menon,Missing,saanvi.verma811@yahoo.com,141040,Ludhiana,Punjab,2025-11-29,Organic Search
CUST000070,Amit Khan,8415667652,geeta.mukherjee947@rediffmail.com,221093,Varanasi,Uttar Pradesh,2025-12-26,WhatsApp Reseller
CUST000071,Reyansh Gupta,Check Number,N/A,800081,Patna,Bihar,2025-03-10,Unknown
CUST000072,Rohit Bhatt,6213556909,vikas.mukherjee381@outlook.com,302073,Jaipur,Rajasthan,2026-01-01,Unknown
CUST000073,Krishna Sharma,9814473947,N/A,282091, Agra ,Uttar Pradesh,2025-05-22,Unknown
CUST000074,Arjun Joshi,7258313237,manoj.desai378@outlook.com,734070,Siliguri,West Bengal,2024-02-06,Instagram Ads
CUST000075,Harpreet Chauhan,6251778528,diya.menon990@yahoo.com,570007,Mysuru,Karnataka,2024-01-29,Facebook Ads
CUST000076,Gurpreet Nair,8143842498,N/A,302079,Jaipur,Rajasthan,2025-03-08,Referral
CUST000077,Aditya Khan,7969078447,N/A,411007,Pune,Maharashtra,2025-11-10,Facebook Ads
CUST000078,Rohit Chatterjee,8625881537,N/A,700049,Kolkata,West Bengal,2024-05-21,Instagram Ads
CUST000079,Mohammed Reddy,9747016873,farhan.verma52@rediffmail.com,452083,Indore,Madhya Pradesh,2024-01-25,Referral
CUST000080,Priya Pillai,6609835841,vikas.menon564@rediffmail.com,600079,Chennai,Tamil Nadu,2025-09-17,Instagram Ads
CUST000081,Zoya Menon,6002578729,N/A,700078,Kolkata,West Bengal,2024-07-10,WhatsApp Reseller
CUST000082,Geeta Sheikh,6551694097,isha.naidu996@yahoo.com,380074,Ahmedabad,Gujarat,2024-08-05,WhatsApp Reseller
CUST000083,Riya Nair,6756263689,jaspreet.pillai64@yahoo.com,560071,Bengaluru,Karnataka,2025-09-03,Organic Search
CUST000084,Deepak Malhotra,8973348434,gurpreet.reddy707@outlook.com,842044,Muzaffarpur,Bihar,2025-08-08,Instagram Ads
CUST000085,Rajesh Ansari,9524041574,aadhya.reddy848@rediffmail.com,800089, Patna ,Bihar,2025-09-30,Facebook Ads
CUST000086,Kavita Nair,Missing,N/A,422098,Nashik,Maharashtra,2024-03-18,Organic Search
CUST000087,Sunita Chauhan,8540193802,diya.malhotra942@gmail.com,834050,Ranchi,Jharkhand,2023-08-17,Instagram Ads
CUST000088,Sneha Desai,8478872874,krishna.chatterjee167@outlook.com,440091,Nagpur,Maharashtra,2026-01-23,WhatsApp Reseller
CUST000089,Saanvi Patel,9685161227,myra.sharma268@outlook.com,682096,Kochi,Kerala,2023-12-19,Unknown
CUST000090,Priya Khan,6742684145,kiara.kumar490@yahoo.com,452077,Indore,Madhya Pradesh,2026-01-21,WhatsApp Reseller
CUST000091,Aadhya Menon,6878519108,N/A,831066,Jamshedpur,Jharkhand,2023-10-10,WhatsApp Reseller
CUST000092,Lakshmi Mishra,9790874064,N/A,506044,Warangal,Telangana,2025-10-31,Referral
CUST000093,Pooja Yadav,9567661825,rekha.banerjee542@yahoo.com,500028,Hyderabad,Telangana,2025-12-31,Organic Search
CUST000094,Rekha Yadav,7752431069,N/A,682004,Kochi,Kerala,2024-01-27,Facebook Ads
CUST000095,Vikas Nair,6284395995,rohit.ansari534@yahoo.com,440XX5,Nagpur,Maharashtra,2024-12-17,Unknown
CUST000096,Manoj Chauhan,9856624628,kiara.das879@yahoo.com,682007,Kochi,Kerala,2024-11-21,WhatsApp Reseller
CUST000097,Myra Iyer,8183046990,saanvi.naidu780@yahoo.com,141042,Ludhiana,Punjab,2024-12-31,Facebook Ads
CUST000098,Amit Chauhan,7638546785,zoya.rathore904@outlook.com,160092,Chandigarh,Chandigarh,2023-12-30,Instagram Ads
CUST000099,Aditya Desai,6489964235,rajesh.rao252@outlook.com,842087,Muzaffarpur,Bihar,2024-12-05,Unknown
CUST000100,Geeta Mishra,9280801006,N/A,834064, Ranchi ,Jharkhand,2024-01-06,Organic Search
CUST000101,Vivaan Sharma,6848408621,kavita.kumar247@yahoo.com,831032,Jamshedpur,Jharkhand,2024-09-20,Referral
CUST000102,Deepak Desai,6016668700,sai.chauhan866@outlook.com,713042,Asansol,West Bengal,2024-12-13,WhatsApp Reseller
CUST000103,Aadhya Agarwal,9401489025,aadhya.desai148@outlook.com,440038,Nagpur,Maharashtra,2025-06-11,Unknown
CUST000104,Ayesha Menon,6850163159,N/A,360034,Rajkot,Gujarat,2025-02-27,Instagram Ads
CUST000105,Ramesh Patel,6943114262,N/A,462039,Bhopal,Madhya Pradesh,2025-01-13,Facebook Ads
CUST000106,Ramesh Mishra,6015819956,suresh.banerjee798@gmail.com,122071,Gurugram,Haryana,2025-07-25,WhatsApp Reseller
CUST000107,Ayesha Patel,6264647154,harpreet.khan508@yahoo.com,302017,Jaipur,Rajasthan,2024-03-02,WhatsApp Reseller
CUST000108,Imran Mishra,7459375265,simran.khan503@yahoo.com,560035,Bengaluru,Karnataka,2023-11-01,WhatsApp Reseller
CUST000109,Rekha Patel,9374167243,N/A,313076,Udaipur,Rajasthan,2024-06-05,Unknown
CUST000110,Aditya Naidu,Check Number,ramesh.singh11@gmail.com,580065,Hubli,Karnataka,2024-07-25,WhatsApp Reseller
CUST000111,Zoya Banerjee,7507146112,imran.mishra804@yahoo.com,208044,Kanpur,Uttar Pradesh,2024-11-02,Organic Search
CUST000112,Sneha Verma,8123828258,deepak.nair817@outlook.com,842023,Muzaffarpur,Bihar,2025-11-25,Unknown
CUST000113,Vikas Desai,Missing,aadhya.reddy286@gmail.com,753068,Cuttack,Odisha,2025-07-14,Referral
CUST000114,Geeta Rathore,9969155792,gurpreet.naidu305@gmail.com,221040,Varanasi,Uttar Pradesh,2024-03-17,Instagram Ads
CUST000115,Lakshmi Banerjee,9627828274,mohammed.rao462@gmail.com,695001,Thiruvananthapuram,Kerala,2025-09-10,WhatsApp Reseller
CUST000116,Geeta Yadav,9721903404,pooja.patel800@outlook.com,380098,Ahmedabad,Gujarat,2024-04-04,WhatsApp Reseller
CUST000117,Sandeep Joshi,6783613407,sai.mishra887@gmail.com,160030,Chandigarh,Chandigarh,2025-05-03,Instagram Ads
CUST000118,Ramesh Patel,Check Number,pooja.das587@rediffmail.com,753065,Cuttack,Odisha,2024-04-25,Facebook Ads
CUST000119,Neha Bhatt,7325367294,ayesha.mishra78@gmail.com,580095,Hubli,Karnataka,2025-12-03,Organic Search
CUST000120,Anil Sharma,6751863637,pooja.chatterjee561@yahoo.com,506062,Warangal,Telangana,2025-03-03,Referral
CUST000121,Deepak Sharma,6632424154,N/A,121080,Faridabad,Haryana,2024-05-01,Organic Search
CUST000122,Gurpreet Singh,7870051627,N/A,834047, Ranchi ,Jharkhand,2025-10-31,Unknown
CUST000123,Arjun Rathore,7753269731,ishaan.menon127@outlook.com,682054,Kochi,Kerala,2025-09-08,Facebook Ads
CUST000124,Sunil Pillai,6438983640,myra.chauhan396@gmail.com,462081,Bhopal,Madhya Pradesh,2024-05-27,Instagram Ads
CUST000125,Ayesha Bhatt,7710910430,ravi.rathore294@outlook.com,842051,Muzaffarpur,Bihar,2025-09-19,Facebook Ads
CUST000126,Sneha Gupta,7856914630,ramesh.singh465@gmail.com,282094,Agra,Uttar Pradesh,2025-11-08,Unknown
CUST000127,Aarav Patel,8252410564,priya.sheikh999@gmail.com,141065,Ludhiana,Punjab,2024-02-14,Facebook Ads
CUST000128,Priya Menon,7800030756,diya.malhotra984@gmail.com,713091,Asansol,West Bengal,2025-08-24,Facebook Ads
CUST000129,Mohammed Iyer,6802380617,N/A,58005,Hubli,Karnataka,2024-01-26,Unknown
CUST000130,Deepak Mukherjee,7832060385,N/A,753084,Cuttack,Odisha,2025-05-29,Referral
CUST000131,Myra Yadav,Missing,N/A,226029,Lucknow,Uttar Pradesh,2024-08-08,Instagram Ads
CUST000132,Sai Desai,6990623445,ravi.sheikh852@rediffmail.com,625034,Madurai,Tamil Nadu,2023-12-29,WhatsApp Reseller
CUST000133,Reyansh Patel,6853747411,N/A,121041,Faridabad,Haryana,2025-08-26,Organic Search
CUST000134,Riya Das,Missing,N/A,380013,Ahmedabad,Gujarat,2025-12-13,Facebook Ads
CUST000135,Ravi Mukherjee,6994101372,N/A,313073,Udaipur,Rajasthan,2023-10-12,Referral
CUST000136,Ramesh Patel,8472099934,manoj.chauhan63@gmail.com,560017,Bengaluru,Karnataka,2024-03-04,Facebook Ads
CUST000137,Rekha Naidu,9875985642,N/A,781060,Guwahati,Assam,2023-11-03,Facebook Ads
CUST000138,Tanvi Nair,6396522395,simran.mukherjee936@gmail.com,121045,Faridabad,Haryana,2025-05-24,Facebook Ads
CUST000139,Sneha Patel,7930870593,N/A,506018,Warangal,Telangana,2024-07-26,WhatsApp Reseller
CUST000140,Zoya Sheikh,6545226752,manoj.sheikh911@rediffmail.com,713075,Asansol,West Bengal,2025-11-19,Unknown
CUST000141,Diya Pillai,6295939172,N/A,800011,Patna,Bihar,2025-09-24,Instagram Ads
CUST000142,Priya Reddy,6006762676,ayesha.singh849@outlook.com,641073,Coimbatore,Tamil Nadu,2026-01-21,Organic Search
CUST000143,Aditya Das,8262181599,gurpreet.sharma442@yahoo.com,110055,New Delhi,Delhi,2023-11-06,Organic Search
CUST000144,Harpreet Malhotra,8431069872,aarav.yadav90@rediffmail.com,695080,Thiruvananthapuram,Kerala,2024-07-14,Facebook Ads
CUST000145,Pooja Gupta,9774186256,vikas.verma270@outlook.com,302028,Jaipur,Rajasthan,2024-04-19,Unknown
CUST000146,Sai Ansari,7806868793,sai.banerjee925@gmail.com,831066,Jamshedpur,Jharkhand,2025-10-25,Facebook Ads
CUST000147,Vikas Patel,7320616329,N/A,160071,Chandigarh,Chandigarh,2023-12-19,WhatsApp Reseller
CUST000148,Aarav Naidu,9162299911,reyansh.naidu293@rediffmail.com,625033,Madurai,Tamil Nadu,2023-08-22,Organic Search
CUST000149,Neha Banerjee,6653074505,sneha.das288@outlook.com,440087,Nagpur,Maharashtra,2025-08-09,Instagram Ads
CUST000150,Mohammed Iyer,6373678508,N/A,641067,Coimbatore,Tamil Nadu,2023-12-02,Referral
CUST000151,Deepak Verma,8578610357,diya.bhatt486@rediffmail.com,201033,Ghaziabad,Uttar Pradesh,2025-12-30,Referral
CUST000152,Ananya Bhatt,7334680072,sunil.naidu9@yahoo.com,560039,Bengaluru,Karnataka,2025-12-13,Organic Search
CUST000153,Farhan Mishra,9910858994,reyansh.chauhan66@rediffmail.com,560081,Bengaluru,Karnataka,2023-09-13,Unknown
CUST000154,Saanvi Kumar,6965207446,jaspreet.verma598@yahoo.com,834091,Ranchi,Jharkhand,2025-04-02,Unknown
CUST000155,Sneha Bhatt,8172482513,jaspreet.bhatt315@outlook.com,734042,Siliguri,West Bengal,2024-08-31,Referral
CUST000156,Shreya Desai,9381684602,N/A,500091,Hyderabad,Telangana,2025-12-09,Instagram Ads
CUST000157,Aarav Mishra,7712966667,aditya.joshi205@rediffmail.com,781041,Guwahati,Assam,2025-12-04,Unknown
CUST000158,Harpreet Nair,6689421044,kavita.shah537@rediffmail.com,400087,Mumbai,Maharashtra,2024-05-01,Instagram Ads
CUST000159,Ravi Sharma,6982150648,sunil.verma678@gmail.com,31300,Udaipur,Rajasthan,2025-08-17,WhatsApp Reseller
CUST000160,Simran Kumar,Missing,suresh.ansari104@rediffmail.com,221089,Varanasi,Uttar Pradesh,2024-10-04,WhatsApp Reseller
CUST000161,Pooja Singh,7483564208,aadhya.sheikh956@outlook.com,75300,Cuttack,Odisha,2025-10-04,Facebook Ads
CUST000162,Lakshmi Gupta,8374470120,zoya.naidu694@rediffmail.com,122014,Gurugram,Haryana,2023-11-26,Referral
CUST000163,Isha Patel,8155216674,simran.bhatt490@outlook.com,141021,Ludhiana,Punjab,2024-03-24,Facebook Ads
CUST000164,Anil Chauhan,7965902771,vikas.verma65@rediffmail.com,121001,Faridabad,Haryana,2024-12-02,WhatsApp Reseller
CUST000165,Tanvi Bhatt,6637562890,ananya.rathore870@outlook.com,452021,Indore,Madhya Pradesh,2025-06-17,Instagram Ads
CUST000166,Lakshmi Nair,7177971775,N/A,282052,Agra,Uttar Pradesh,2025-12-12,WhatsApp Reseller
CUST000167,Lakshmi Joshi,8037589975,N/A,781045,Guwahati,Assam,2025-03-27,WhatsApp Reseller
CUST000168,Simran Singh,9149331637,saanvi.sheikh347@gmail.com,395005,Surat,Gujarat,2025-01-15,Referral
CUST000169,Tanvi Desai,9080869782,N/A,641084,Coimbatore,Tamil Nadu,2024-10-21,Organic Search
CUST000170,Simran Menon,8722698485,N/A,580091,Hubli,Karnataka,2024-05-19,Facebook Ads
CUST000171,Lakshmi Joshi,6587996846,N/A,83408,Ranchi,Jharkhand,2025-08-03,Unknown
CUST000172,Vihaan Sheikh,6571983863,simran.das710@gmail.com,221049,Varanasi,Uttar Pradesh,2025-09-05,Instagram Ads
CUST000173,Aarav Pillai,9359893347,riya.gupta192@yahoo.com,462015,Bhopal,Madhya Pradesh,2025-12-08,Instagram Ads
CUST000174,Anil Bhatt,7025909479,arjun.naidu725@rediffmail.com,141023,Ludhiana,Punjab,2025-08-21,Organic Search
CUST000175,Ravi Gupta,8554398780,farhan.mishra247@yahoo.com,360087,Rajkot,Gujarat,2024-08-01,Organic Search
CUST000176,Harpreet Das,Check Number,sandeep.joshi547@gmail.com,221026,Varanasi,Uttar Pradesh,2024-07-28,Organic Search
CUST000177,Rekha Rao,9120750110,priya.joshi73@yahoo.com,121052,Faridabad,Haryana,2025-07-06,Instagram Ads
CUST000178,Riya Singh,6901581449,amit.malhotra449@outlook.com,41108,Pune,Maharashtra,2024-12-30,Organic Search
CUST000179,Shreya Kumar,8088210099,manoj.gupta313@yahoo.com,360092,Rajkot,Gujarat,2025-04-05,WhatsApp Reseller
CUST000180,Diya Nair,6290878141,saanvi.pillai595@outlook.com,143045,Amritsar,Punjab,2025-08-21,Instagram Ads
CUST000181,Saanvi Chatterjee,8929955620,kiara.sheikh758@outlook.com,753046,Cuttack,Odisha,2025-11-22,Organic Search
CUST000182,Sandeep Das,6428341108,anil.desai415@yahoo.com,641070,Coimbatore,Tamil Nadu,2025-01-30,Organic Search
CUST000183,Rohit Mukherjee,8278816580,pankaj.ansari170@yahoo.com,834022,Ranchi,Jharkhand,2023-12-01,Unknown
CUST000184,Aditya Nair,8530385677,aditya.khan332@gmail.com,500066,Hyderabad,Telangana,2025-01-30,Instagram Ads
CUST000185,Rajesh Patel,6846386557,sunil.sharma514@yahoo.com,474029,Gwalior,Madhya Pradesh,2024-07-24,Facebook Ads
CUST000186,Zoya Shah,7651777392,N/A,342075,Jodhpur,Rajasthan,2025-08-24,WhatsApp Reseller
CUST000187,Ananya Iyer,9990413797,ananya.nair851@outlook.com,143074,Amritsar,Punjab,2025-12-06,WhatsApp Reseller
CUST000188,Harpreet Ansari,6366210388,rohit.shah99@yahoo.com,221078,Varanasi,Uttar Pradesh,2025-08-14,WhatsApp Reseller
CUST000189,Sunita Ansari,9865086376,jaspreet.malhotra780@gmail.com,160032,Chandigarh,Chandigarh,2025-10-29,Instagram Ads
CUST000190,Rekha Yadav,6981806356,rohit.yadav668@rediffmail.com,751068,Bhubaneswar,Odisha,2023-08-19,Unknown
CUST000191,Aadhya Yadav,7588744956,tanvi.singh766@yahoo.com,570089,Mysuru,Karnataka,2023-12-21,WhatsApp Reseller
CUST000192,Riya Sheikh,6279611435,aditya.pillai394@outlook.com,753066,Cuttack,Odisha,2024-02-19,Facebook Ads
CUST000193,Vikas Sharma,8309883920,isha.sharma162@gmail.com,781099,Guwahati,Assam,2024-09-13,WhatsApp Reseller
CUST000194,Aarav Pillai,8895543937,rajesh.sharma268@yahoo.com,313013,Udaipur,Rajasthan,2024-08-20,Referral
CUST000195,Rekha Rao,9697357790,priya.gupta392@yahoo.com,380029,Ahmedabad,Gujarat,2025-05-14,WhatsApp Reseller
CUST000196,Simran Rao,8182755394,jaspreet.ansari953@yahoo.com,360025,Rajkot,Gujarat,2026-01-23,Facebook Ads
CUST000197,Myra Rao,6117908075,geeta.agarwal903@rediffmail.com,208097,Kanpur,Uttar Pradesh,2025-07-09,WhatsApp Reseller
CUST000198,Kavita Naidu,6856271875,aarav.ansari216@outlook.com,141041,Ludhiana,Punjab,2025-12-08,WhatsApp Reseller
CUST000199,Neha Chauhan,7763655647,ishaan.desai703@yahoo.com,221092,Varanasi,Uttar Pradesh,2025-06-04,Organic Search
CUST000200,Jaspreet Kumar,Missing,suresh.chauhan138@rediffmail.com,313038,Udaipur,Rajasthan,2025-09-05,Organic Search
CUST000201,Ananya Verma,6754558845,krishna.mukherjee889@yahoo.com,121083,Faridabad,Haryana,2024-02-25,Instagram Ads
CUST000202,Lakshmi Chauhan,6694722569,arjun.gupta166@rediffmail.com,842040,Muzaffarpur,Bihar,2024-03-14,Unknown
CUST000203,Vikas Menon,9622023413,reyansh.singh66@outlook.com,570003,Mysuru,Karnataka,2025-04-30,Referral
CUST000204,Rohit Gupta,8334722820,farhan.bhatt938@rediffmail.com,221059,Varanasi,Uttar Pradesh,2024-05-10,WhatsApp Reseller
CUST000205,Simran Joshi,9884578317,N/A,641066,Coimbatore,Tamil Nadu,2025-09-16,Instagram Ads
CUST000206,Aarav Sheikh,9406493085,N/A,500094,Hyderabad,Telangana,2024-08-03,Instagram Ads
CUST000207,Shreya Nair,8484631224,deepak.shah464@rediffmail.com,122062,Gurugram,Haryana,2024-11-26,Referral
CUST000208,Pooja Iyer,Missing,N/A,342053,Jodhpur,Rajasthan,2025-10-20,Organic Search
CUST000209,Aditya Chatterjee,8618723460,sandeep.sheikh255@outlook.com,695056,Thiruvananthapuram,Kerala,2023-11-14,Organic Search
CUST000210,Tanvi Reddy,8520881474,vihaan.bhatt683@yahoo.com,121030,Faridabad,Haryana,2024-08-17,Instagram Ads
CUST000211,Ravi Naidu,9925132719,amit.khan62@gmail.com,474019,Gwalior,Madhya Pradesh,2025-10-02,Organic Search
CUST000212,Manoj Naidu,9306524077,rekha.sheikh502@yahoo.com,208069,Kanpur,Uttar Pradesh,2025-03-14,WhatsApp Reseller
CUST000213,Arjun Rathore,8708620959,N/A,462087,Bhopal,Madhya Pradesh,2025-08-21,Instagram Ads
CUST000214,Isha Chatterjee,7203173109,N/A,842028,Muzaffarpur,Bihar,2024-12-09,Unknown
CUST000215,Sai Mishra,9509480141,kavita.singh104@yahoo.com,506024,Warangal,Telangana,2023-10-03,Unknown
CUST000216,Jaspreet Joshi,8761228685,rekha.shah454@rediffmail.com,342070,Jodhpur,Rajasthan,2024-07-10,Organic Search
CUST000217,Harpreet Chatterjee,Check Number,sunil.sharma531@yahoo.com,781XX8,Guwahati,Assam,2024-11-18,Referral
CUST000218,Neha Malhotra,7107522459,priya.naidu308@gmail.com,695072,Thiruvananthapuram,Kerala,2023-10-13,Instagram Ads
CUST000219,Geeta Rao,6940961055,ramesh.yadav953@gmail.com,500029,Hyderabad,Telangana,2025-08-08,Unknown
CUST000220,Vihaan Das,7583206799,N/A,781043,Guwahati,Assam,2025-01-06,WhatsApp Reseller
CUST000221,Sai Banerjee,7278376938,N/A,570099,Mysuru,Karnataka,2025-05-09,Referral
CUST000222,Suresh Yadav,8904259792,N/A,160093,Chandigarh,Chandigarh,2024-03-16,Facebook Ads
CUST000223,Imran Sheikh,9053833884,pankaj.pillai145@gmail.com,800084,Patna,Bihar,2026-01-18,Instagram Ads
CUST000224,Simran Shah,6645104636,gurpreet.singh926@rediffmail.com,313076,Udaipur,Rajasthan,2023-11-16,Organic Search
CUST000225,Vivaan Verma,9205554384,shreya.iyer900@outlook.com,462003,Bhopal,Madhya Pradesh,2024-02-03,Facebook Ads
CUST000226,Tanvi Kumar,7639264957,aadhya.khan142@yahoo.com,700039,Kolkata,West Bengal,2024-12-26,Organic Search
CUST000227,Rajesh Malhotra,6252056647,N/A,143024,Amritsar,Punjab,2024-04-01,WhatsApp Reseller
CUST000228,Rajesh Shah,8172897526,N/A,282097,Agra,Uttar Pradesh,2024-05-22,Facebook Ads
CUST000229,Amit Reddy,9573660965,jaspreet.desai609@gmail.com,831057,Jamshedpur,Jharkhand,2025-07-09,WhatsApp Reseller
CUST000230,Jaspreet Verma,6347644726,vihaan.sheikh530@yahoo.com,360082,Rajkot,Gujarat,2024-12-23,Facebook Ads
CUST000231,Rekha Kumar,6279371452,krishna.gupta117@outlook.com,474010,Gwalior,Madhya Pradesh,2024-02-20,WhatsApp Reseller
CUST000232,Manoj Banerjee,7222064474,N/A,302097,Jaipur,Rajasthan,2025-01-10,WhatsApp Reseller
CUST000233,Geeta Nair,9199038498,N/A,400044,Mumbai,Maharashtra,2024-05-20,Instagram Ads
CUST000234,Vihaan Singh,8999827950,sneha.chatterjee378@outlook.com,700097,Kolkata,West Bengal,2025-11-04,Organic Search
CUST000235,Simran Bhatt,7901981794,mohammed.iyer539@rediffmail.com,141078,Ludhiana,Punjab,2025-09-30,Organic Search
CUST000236,Diya Agarwal,7010713966,N/A,506025,Warangal,Telangana,2023-10-28,Instagram Ads
CUST000237,Manoj Chatterjee,8569902355,sunita.malhotra486@gmail.com,823061,Gaya,Bihar,2024-09-01,Instagram Ads
CUST000238,Suresh Malhotra,8958803955,rohit.iyer861@gmail.com,625048,Madurai,Tamil Nadu,2023-11-22,WhatsApp Reseller
CUST000239,Sunil Singh,8046173574,sneha.patel115@rediffmail.com,560099,Bengaluru,Karnataka,2025-07-25,WhatsApp Reseller
CUST000240,Imran Malhotra,8521823076,kavita.singh5@rediffmail.com,143087,Amritsar,Punjab,2025-07-22,Organic Search
CUST000241,Kavita Menon,8353344857,N/A,440079,Nagpur,Maharashtra,2025-10-19,Instagram Ads
CUST000242,Gurpreet Naidu,8870207016,ramesh.banerjee184@outlook.com,282039,Agra,Uttar Pradesh,2025-09-10,WhatsApp Reseller
CUST000243,Amit Mishra,9174773329,zoya.banerjee188@rediffmail.com,122041,Gurugram,Haryana,2023-12-21,Organic Search
CUST000244,Ananya Das,7816158148,anil.yadav245@yahoo.com,625061,Madurai,Tamil Nadu,2023-09-19,WhatsApp Reseller
CUST000245,Ramesh Desai,7219719975,N/A,600013,Chennai,Tamil Nadu,2023-11-21,Instagram Ads
CUST000246,Tanvi Verma,6227846997,riya.agarwal325@rediffmail.com,506086,Warangal,Telangana,2024-04-12,Unknown
CUST000247,Anil Sharma,7405800851,vivaan.nair443@outlook.com,734091,Siliguri,West Bengal,2025-11-02,Facebook Ads
CUST000248,Sunita Kumar,9242201027,ishaan.gupta141@outlook.com,831089,Jamshedpur,Jharkhand,2025-08-08,Organic Search
CUST000249,Manoj Rao,7690973846,rajesh.mukherjee35@gmail.com,380090,Ahmedabad,Gujarat,2024-11-24,Referral
CUST000250,Harpreet Rathore,8781891371,rekha.naidu594@rediffmail.com,143043,Amritsar,Punjab,2024-01-16,WhatsApp Reseller
CUST000251,Farhan Naidu,8940792904,N/A,700064,Kolkata,West Bengal,2024-11-27,Facebook Ads
CUST000252,Neha Bhatt,7752437280,sai.kumar610@yahoo.com,753096,Cuttack,Odisha,2025-04-20,Unknown
CUST000253,Shreya Patel,8102767478,riya.sheikh400@outlook.com,641067,Coimbatore,Tamil Nadu,2024-01-20,Organic Search
CUST000254,Kavita Ansari,8694544149,sandeep.ansari768@yahoo.com,682075,Kochi,Kerala,2025-03-15,Unknown
CUST000255,Manoj Sharma,6618175344,vivaan.shah95@gmail.com,342084,Jodhpur,Rajasthan,2025-03-18,Unknown
CUST000256,Krishna Gupta,7124471746,tanvi.menon789@rediffmail.com,160099,Chandigarh,Chandigarh,2024-02-07,Organic Search
CUST000257,Priya Rao,7962712863,N/A,700009,Kolkata,West Bengal,2025-12-02,Referral
CUST000258,Isha Khan,7569087766,sandeep.naidu805@gmail.com,506000,Warangal,Telangana,2025-09-02,Referral
CUST000259,Farhan Chatterjee,6585174328,ayesha.ansari196@rediffmail.com,452013,Indore,Madhya Pradesh,2024-08-02,Unknown
CUST000260,Saanvi Kumar,7761847870,vihaan.chatterjee807@gmail.com,641027,Coimbatore,Tamil Nadu,2024-01-11,Unknown
CUST000261,Jaspreet Desai,9079032020,reyansh.mishra626@yahoo.com,360008,Rajkot,Gujarat,2025-09-02,Facebook Ads
CUST000262,Saanvi Yadav,9519825309,arjun.singh281@yahoo.com,110021,New Delhi,Delhi,2023-11-01,Facebook Ads
CUST000263,Ishaan Singh,9207100219,suresh.sheikh827@outlook.com,474026,Gwalior,Madhya Pradesh,2025-12-22,Organic Search
CUST000264,Pankaj Sheikh,Check Number,pankaj.mukherjee884@yahoo.com,201080,Ghaziabad,Uttar Pradesh,2025-08-07,Referral
CUST000265,Sunita Chauhan,Missing,isha.mukherjee292@yahoo.com,143042,Amritsar,Punjab,2024-03-02,Referral
CUST000266,Vihaan Malhotra,6781137995,jaspreet.ansari920@rediffmail.com,121014, Faridabad ,Haryana,2024-01-05,Organic Search
CUST000267,Sunita Desai,7397265273,N/A,20807,Kanpur,Uttar Pradesh,2025-11-18,Organic Search
CUST000268,Imran Nair,7983168739,deepak.iyer15@outlook.com,302031,Jaipur,Rajasthan,2023-12-16,WhatsApp Reseller
CUST000269,Aarav Yadav,Missing,sunita.pillai788@gmail.com,143050,Amritsar,Punjab,2024-06-24,Organic Search
CUST000270,Sai Joshi,9325431074,deepak.bhatt585@gmail.com,506059,Warangal,Telangana,2025-05-31,Facebook Ads
CUST000271,Deepak Sheikh,6658046498,aadhya.naidu702@gmail.com,713042,Asansol,West Bengal,2024-05-01,Instagram Ads
CUST000272,Ayesha Mukherjee,Missing,zoya.patel664@gmail.com,422099,Nashik,Maharashtra,2025-10-11,WhatsApp Reseller
CUST000273,Sunita Pillai,7355486401,vikas.chauhan514@gmail.com,160068,Chandigarh,Chandigarh,2024-04-08,Organic Search
CUST000274,Riya Sheikh,6371162411,N/A,753026,Cuttack,Odisha,2025-01-21,Organic Search
CUST000275,Ishaan Chauhan,6431038569,isha.naidu335@outlook.com,682089,Kochi,Kerala,2024-07-27,Instagram Ads
CUST000276,Sneha Patel,8402547292,pooja.patel997@yahoo.com,452088,Indore,Madhya Pradesh,2025-09-19,Facebook Ads
CUST000277,Mohammed Desai,6552578284,vivaan.banerjee954@outlook.com,160058,Chandigarh,Chandigarh,2025-12-21,WhatsApp Reseller
CUST000278,Isha Sheikh,7975170281,ravi.shah862@yahoo.com,380011,Ahmedabad,Gujarat,2025-02-27,WhatsApp Reseller
CUST000279,Sandeep Iyer,6863759980,zoya.banerjee152@outlook.com,39504,Surat,Gujarat,2025-06-19,WhatsApp Reseller
CUST000280,Harpreet Agarwal,9426629912,N/A,122075,Gurugram,Haryana,2025-06-26,Organic Search
CUST000281,Deepak Sheikh,7264870494,jaspreet.mishra230@gmail.com,342019,Jodhpur,Rajasthan,2024-07-12,Organic Search
CUST000282,Tanvi Agarwal,7014719597,priya.khan703@outlook.com,160015,Chandigarh,Chandigarh,2024-04-03,Instagram Ads
CUST000283,Vihaan Kumar,7520456504,shreya.malhotra79@yahoo.com,302023,Jaipur,Rajasthan,2024-06-16,WhatsApp Reseller
CUST000284,Mohammed Rao,8518952028,sandeep.chauhan422@rediffmail.com,842020,Muzaffarpur,Bihar,2023-08-23,Facebook Ads
CUST000285,Simran Rao,6671120754,N/A,462038,Bhopal,Madhya Pradesh,2024-05-14,Facebook Ads
CUST000286,Sneha Kumar,6107603108,N/A,695038,Thiruvananthapuram,Kerala,2025-06-14,WhatsApp Reseller
CUST000287,Saanvi Patel,Missing,rohit.bhatt765@rediffmail.com,226044,Lucknow,Uttar Pradesh,2024-06-10,WhatsApp Reseller
CUST000288,Rajesh Gupta,Missing,N/A,201096,Ghaziabad,Uttar Pradesh,2024-09-02,Facebook Ads
CUST000289,Gurpreet Chauhan,9125663836,mohammed.singh478@gmail.com,380063,Ahmedabad,Gujarat,2023-09-14,Unknown
CUST000290,Mohammed Chauhan,8738646317,zoya.patel14@outlook.com,440050,Nagpur,Maharashtra,2025-11-09,Referral
CUST000291,Ravi Sheikh,7153539613,harpreet.chauhan286@rediffmail.com,143082,Amritsar,Punjab,2024-12-24,WhatsApp Reseller
CUST000292,Lakshmi Iyer,Check Number,N/A,570079,Mysuru,Karnataka,2024-09-23,WhatsApp Reseller
CUST000293,Deepak Reddy,8880061675,N/A,506084,Warangal,Telangana,2023-11-13,Facebook Ads
CUST000294,Ishaan Das,6978897782,ravi.iyer507@outlook.com,506045,Warangal,Telangana,2024-11-17,Referral
CUST000295,Ishaan Rao,6561655650,myra.nair664@rediffmail.com,47408,Gwalior,Madhya Pradesh,2025-12-17,WhatsApp Reseller
CUST000296,Deepak Ansari,9407905696,reyansh.naidu501@gmail.com,842026,Muzaffarpur,Bihar,2025-12-25,Instagram Ads
CUST000297,Sneha Mukherjee,6834404963,sai.sheikh865@gmail.com,302034,Jaipur,Rajasthan,2024-05-13,Instagram Ads
CUST000298,Sneha Rathore,8366498782,shreya.sheikh529@yahoo.com,110027,New Delhi,Delhi,2024-04-05,Instagram Ads
CUST000299,Pankaj Bhatt,6835723246,arjun.khan209@outlook.com,781036,Guwahati,Assam,2024-08-05,Facebook Ads
CUST000300,Krishna Kumar,9786603242,neha.ansari564@yahoo.com,570005,Mysuru,Karnataka,2025-06-02,Referral
CUST000301,Sunil Das,9516231981,anil.menon954@rediffmail.com,122011,Gurugram,Haryana,2025-03-17,WhatsApp Reseller
CUST000302,Jaspreet Pillai,7347649078,krishna.chatterjee559@outlook.com,560031,Bengaluru,Karnataka,2023-10-30,Instagram Ads
CUST000303,Zoya Rao,6034864518,vikas.banerjee9@outlook.com,500032,Hyderabad,Telangana,2024-01-31,Instagram Ads
CUST000304,Ananya Malhotra,9041776561,simran.iyer519@gmail.com,226077,Lucknow,Uttar Pradesh,2023-09-05,Organic Search
CUST000305,Amit Verma,9206345911,kavita.sheikh993@yahoo.com,695087,Thiruvananthapuram,Kerala,2026-01-04,Organic Search
CUST000306,Diya Ansari,8316526693,vivaan.malhotra572@yahoo.com,141059,Ludhiana,Punjab,2025-05-11,Referral
CUST000307,Ramesh Shah,6086771333,neha.das765@outlook.com,570055,Mysuru,Karnataka,2024-05-10,Unknown
CUST000308,Suresh Patel,8439735971,ishaan.bhatt332@outlook.com,682091,Kochi,Kerala,2025-07-23,Instagram Ads
CUST000309,Manoj Verma,Check Number,tanvi.mukherjee136@gmail.com,110033,New Delhi,Delhi,2025-10-27,Organic Search
CUST000310,Mohammed Sheikh,6502745644,amit.malhotra271@rediffmail.com,141021,Ludhiana,Punjab,2025-11-02,WhatsApp Reseller
CUST000311,Vikas Verma,Check Number,N/A,831092,Jamshedpur,Jharkhand,2024-04-21,Facebook Ads
CUST000312,Lakshmi Rao,6892613715,riya.ansari125@outlook.com,302013,Jaipur,Rajasthan,2023-12-27,Organic Search
CUST000313,Deepak Khan,6509759230,pooja.chatterjee818@gmail.com,831070,Jamshedpur,Jharkhand,2024-09-28,Instagram Ads
CUST000314,Sandeep Bhatt,Missing,aadhya.patel398@outlook.com,342096,Jodhpur,Rajasthan,2025-06-01,Organic Search
CUST000315,Sneha Agarwal,6583776749,sai.menon433@rediffmail.com,600055,Chennai,Tamil Nadu,2024-01-10,Unknown
CUST000316,Riya Sheikh,6476174224,kavita.yadav303@gmail.com,208005,Kanpur,Uttar Pradesh,2024-04-09,Referral
CUST000317,Harpreet Desai,6801722601,gurpreet.das322@outlook.com,625057,Madurai,Tamil Nadu,2024-03-27,Facebook Ads
CUST000318,Jaspreet Shah,6061027769,sneha.shah833@rediffmail.com,342088,Jodhpur,Rajasthan,2025-11-13,Facebook Ads
CUST000319,Saanvi Singh,7037236831,N/A,141021,Ludhiana,Punjab,2026-01-18,Organic Search
CUST000320,Vikas Desai,9050166799,pooja.verma500@outlook.com,500075,Hyderabad,Telangana,2026-01-12,Facebook Ads
CUST000321,Vivaan Yadav,8671795760,harpreet.reddy481@rediffmail.com,422064,Nashik,Maharashtra,2024-08-10,WhatsApp Reseller
CUST000322,Ishaan Agarwal,8729341722,sunil.chauhan104@outlook.com,831063,Jamshedpur,Jharkhand,2024-10-10,Referral
CUST000323,Farhan Ansari,6156193183,imran.naidu364@gmail.com,734071,Siliguri,West Bengal,2025-05-10,WhatsApp Reseller
CUST000324,Reyansh Sheikh,6199180812,aadhya.malhotra371@yahoo.com,751090,Bhubaneswar,Odisha,2024-03-18,Referral
CUST000325,Zoya Chatterjee,7760375482,zoya.sheikh773@outlook.com,143085,Amritsar,Punjab,2024-04-10,Organic Search
CUST000326,Ramesh Yadav,8072081155,sandeep.patel445@gmail.com,208004,Kanpur,Uttar Pradesh,2025-09-13,Referral
CUST000327,Tanvi Agarwal,9845504892,vikas.khan211@outlook.com,781083,Guwahati,Assam,2024-02-02,Referral
CUST000328,Imran Banerjee,7884318848,shreya.patel24@gmail.com,440069,Nagpur,Maharashtra,2024-07-31,Unknown
CUST000329,Krishna Pillai,Check Number,jaspreet.desai580@yahoo.com,600036,Chennai,Tamil Nadu,2024-09-02,Unknown
CUST000330,Ayesha Rathore,7571266110,N/A,141086,Ludhiana,Punjab,2024-02-01,Organic Search
CUST000331,Geeta Khan,9622827728,krishna.sheikh218@outlook.com,221095,Varanasi,Uttar Pradesh,2024-06-13,WhatsApp Reseller
CUST000332,Krishna Mukherjee,Missing,rohit.singh381@rediffmail.com,580038,Hubli,Karnataka,2025-10-12,Organic Search
CUST000333,Pooja Reddy,Missing,manoj.mukherjee70@gmail.com,422073,Nashik,Maharashtra,2025-03-26,Organic Search
CUST000334,Harpreet Rao,9772519966,ravi.chatterjee554@gmail.com,500056,Hyderabad,Telangana,2023-10-01,Unknown
CUST000335,Shreya Naidu,6813989098,N/A,411068, Pune ,Maharashtra,2024-06-26,Unknown
CUST000336,Sai Naidu,6705626085,sai.singh102@yahoo.com,474023,Gwalior,Madhya Pradesh,2024-11-04,Unknown
CUST000337,Pankaj Chatterjee,6526546103,sunil.desai243@outlook.com,302064,Jaipur,Rajasthan,2025-12-03,WhatsApp Reseller
CUST000338,Sunita Sharma,6489138249,sai.bhatt652@yahoo.com,580018,Hubli,Karnataka,2025-11-26,WhatsApp Reseller
CUST000339,Vikas Verma,8200749465,N/A,600094,Chennai,Tamil Nadu,2024-07-13,Referral
CUST000340,Manoj Iyer,8547435537,imran.sharma936@yahoo.com,141000,Ludhiana,Punjab,2024-01-21,Organic Search
CUST000341,Gurpreet Chauhan,6807156956,N/A,462047,Bhopal,Madhya Pradesh,2024-02-19,Unknown
CUST000342,Neha Ansari,6943375047,N/A,411081,Pune,Maharashtra,2023-12-18,WhatsApp Reseller
CUST000343,Manoj Reddy,7192124938,neha.reddy869@gmail.com,506088,Warangal,Telangana,2025-08-11,WhatsApp Reseller
CUST000344,Ramesh Khan,8664187758,harpreet.nair49@rediffmail.com,625068,Madurai,Tamil Nadu,2026-01-30,WhatsApp Reseller
CUST000345,Kiara Sheikh,7325411076,anil.naidu642@rediffmail.com,411031,Pune,Maharashtra,2024-01-08,Referral
CUST000346,Myra Gupta,6791100651,N/A,700078, Kolkata ,West Bengal,2024-08-18,Referral
CUST000347,Ayesha Banerjee,6767699150,N/A,800076,Patna,Bihar,2023-09-15,WhatsApp Reseller
CUST000348,Lakshmi Iyer,9232002496,isha.menon367@rediffmail.com,141069,Ludhiana,Punjab,2024-04-20,Instagram Ads
CUST000349,Kavita Desai,7880653331,tanvi.chauhan712@outlook.com,713042,Asansol,West Bengal,2026-01-24,WhatsApp Reseller
CUST000350,Imran Patel,9303379337,N/A,823023,Gaya,Bihar,2024-11-30,Referral
CUST000351,Rohit Das,8003342342,N/A,462033, Bhopal ,Madhya Pradesh,2025-10-07,Unknown
CUST000352,Aadhya Das,8289611223,ayesha.sheikh384@rediffmail.com,160081, Chandigarh ,Chandigarh,2025-02-20,WhatsApp Reseller
CUST000353,Rohit Chatterjee,7897317912,amit.agarwal661@rediffmail.com,800059,Patna,Bihar,2023-11-16,Unknown
CUST000354,Geeta Chauhan,6333736346,rajesh.patel958@rediffmail.com,500010,Hyderabad,Telangana,2024-01-31,Facebook Ads
CUST000355,Deepak Rathore,9665754602,priya.khan78@rediffmail.com,474037,Gwalior,Madhya Pradesh,2025-12-21,Referral
CUST000356,Reyansh Singh,7544439284,sneha.das843@rediffmail.com,282051,Agra,Uttar Pradesh,2025-06-13,Referral
CUST000357,Lakshmi Menon,7337389877,sai.chatterjee867@yahoo.com,500089,Hyderabad,Telangana,2024-04-03,Referral
CUST000358,Rajesh Bhatt,Missing,tanvi.rao364@rediffmail.com,713054,Asansol,West Bengal,2025-09-12,WhatsApp Reseller
CUST000359,Anil Sharma,Missing,ishaan.kumar976@rediffmail.com,823077,Gaya,Bihar,2025-03-05,Organic Search
CUST000360,Arjun Joshi,8974121820,N/A,226049,Lucknow,Uttar Pradesh,2024-12-28,WhatsApp Reseller
CUST000361,Vihaan Mukherjee,9621286716,aadhya.kumar892@yahoo.com,110090,New Delhi,Delhi,2024-10-24,Instagram Ads
CUST000362,Lakshmi Sheikh,6271693859,deepak.mishra590@gmail.com,474036,Gwalior,Madhya Pradesh,2025-07-09,Unknown
CUST000363,Pankaj Rao,7296762916,aditya.nair907@yahoo.com,823080,Gaya,Bihar,2024-12-28,Unknown
CUST000364,Suresh Menon,6185672438,vivaan.gupta655@outlook.com,226095,Lucknow,Uttar Pradesh,2024-09-14,Referral
CUST000365,Gurpreet Malhotra,9118372742,vivaan.shah103@yahoo.com,221068,Varanasi,Uttar Pradesh,2025-10-07,Referral
CUST000366,Rohit Mishra,6837081647,aarav.verma791@outlook.com,682031,Kochi,Kerala,2025-04-28,Referral
CUST000367,Aarav Chatterjee,6312206815,shreya.reddy640@yahoo.com,580050,Hubli,Karnataka,2026-01-04,Instagram Ads
CUST000368,Ravi Khan,9314950136,sunil.chauhan105@yahoo.com,342012,Jodhpur,Rajasthan,2026-01-17,Organic Search
CUST000369,Simran Kumar,8715099768,kiara.rathore602@gmail.com,682078,Kochi,Kerala,2023-12-05,Facebook Ads
CUST000370,Vihaan Kumar,7630397524,amit.verma534@outlook.com,753036,Cuttack,Odisha,2025-11-12,Instagram Ads
CUST000371,Aadhya Joshi,7968527017,saanvi.verma650@yahoo.com,700016,Kolkata,West Bengal,2025-05-29,Facebook Ads
CUST000372,Ramesh Pillai,Check Number,N/A,380046,Ahmedabad,Gujarat,2025-11-13,Organic Search
CUST000373,Jaspreet Yadav,9066149828,priya.banerjee475@rediffmail.com,380048,Ahmedabad,Gujarat,2024-05-18,Facebook Ads
CUST000374,Rohit Malhotra,8766656749,aditya.malhotra128@outlook.com,500020,Hyderabad,Telangana,2025-07-16,Unknown
CUST000375,Gurpreet Chauhan,6663370502,deepak.ansari151@rediffmail.com,734074,Siliguri,West Bengal,2024-08-29,Referral
CUST000376,Gurpreet Malhotra,6836264488,ayesha.desai316@outlook.com,122093,Gurugram,Haryana,2024-04-13,Facebook Ads
CUST000377,Aadhya Malhotra,6270116864,ananya.patel384@yahoo.com,282025,Agra,Uttar Pradesh,2023-12-28,Organic Search
CUST000378,Aadhya Patel,7467912141,neha.gupta351@gmail.com,452061,Indore,Madhya Pradesh,2023-10-22,Referral
CUST000379,Aarav Ansari,6380698477,sunil.yadav345@rediffmail.com,282043,Agra,Uttar Pradesh,2023-12-25,Unknown
CUST000380,Pankaj Verma,6076209184,amit.rao255@rediffmail.com,570087,Mysuru,Karnataka,2025-01-10,Unknown
CUST000381,Shreya Rao,6573976915,sunita.ansari878@gmail.com,313037,Udaipur,Rajasthan,2026-01-29,WhatsApp Reseller
CUST000382,Ishaan Chauhan,9271783332,tanvi.sheikh92@gmail.com,380XX1,Ahmedabad,Gujarat,2025-12-31,Instagram Ads
CUST000383,Priya Ansari,6287153991,ayesha.malhotra735@outlook.com,208071,Kanpur,Uttar Pradesh,2024-01-27,Facebook Ads
CUST000384,Pooja Gupta,7195256904,rekha.reddy868@outlook.com,221040,Varanasi,Uttar Pradesh,2025-10-06,WhatsApp Reseller
CUST000385,Anil Nair,8243772942,simran.verma614@rediffmail.com,831088,Jamshedpur,Jharkhand,2024-05-26,WhatsApp Reseller
CUST000386,Aadhya Chauhan,Missing,imran.kumar848@yahoo.com,500028,Hyderabad,Telangana,2024-04-26,Organic Search
CUST000387,Tanvi Malhotra,9567566184,N/A,570041,Mysuru,Karnataka,2025-04-01,Unknown
CUST000388,Isha Patel,9423330591,rohit.banerjee974@outlook.com,823021,Gaya,Bihar,2024-10-21,Referral
CUST000389,Isha Chatterjee,9301367492,ayesha.menon709@gmail.com,160083,Chandigarh,Chandigarh,2024-08-23,Instagram Ads
CUST000390,Krishna Gupta,7099974192,isha.sheikh445@rediffmail.com,400012,Mumbai,Maharashtra,2025-10-02,Facebook Ads
CUST000391,Simran Sharma,9189813129,N/A,570016,Mysuru,Karnataka,2023-10-23,WhatsApp Reseller
CUST000392,Amit Verma,7603408487,geeta.sheikh321@rediffmail.com,221065,Varanasi,Uttar Pradesh,2023-09-14,Referral
CUST000393,Sneha Bhatt,7954296184,isha.agarwal168@outlook.com,313032,Udaipur,Rajasthan,2025-09-09,WhatsApp Reseller
CUST000394,Shreya Pillai,8989262566,N/A,226014,Lucknow,Uttar Pradesh,2025-11-21,Unknown
CUST000395,Imran Menon,6163611284,geeta.singh542@rediffmail.com,122036,Gurugram,Haryana,2025-01-26,Facebook Ads
CUST000396,Ayesha Patel,9792408222,jaspreet.iyer55@rediffmail.com,842031,Muzaffarpur,Bihar,2023-12-25,Facebook Ads
CUST000397,Deepak Rathore,7414651113,ananya.desai59@gmail.com,641070,Coimbatore,Tamil Nadu,2025-02-04,Organic Search
CUST000398,Harpreet Kumar,Check Number,tanvi.malhotra844@gmail.com,682021,Kochi,Kerala,2024-08-30,Facebook Ads
CUST000399,Zoya Rao,Missing,geeta.banerjee175@rediffmail.com,342043,Jodhpur,Rajasthan,2025-11-17,Referral
CUST000400,Sunita Das,9348079705,N/A,800044,Patna,Bihar,2025-04-01,Referral
CUST000401,Geeta Reddy,6702437654,N/A,121056,Faridabad,Haryana,2024-11-17,Instagram Ads
CUST000402,Farhan Agarwal,7402665023,tanvi.iyer122@outlook.com,600063,Chennai,Tamil Nadu,2026-01-27,Organic Search
CUST000403,Jaspreet Rao,6022580305,sunil.pillai9@outlook.com,380036,Ahmedabad,Gujarat,2024-01-20,WhatsApp Reseller
CUST000404,Lakshmi Patel,7637189239,rohit.nair124@yahoo.com,143035,Amritsar,Punjab,2024-01-17,Referral
CUST000405,Sai Bhatt,7356708604,zoya.iyer966@rediffmail.com,753031,Cuttack,Odisha,2025-07-12,Unknown
CUST000406,Pooja Chauhan,8755411082,jaspreet.naidu371@rediffmail.com,842035,Muzaffarpur,Bihar,2025-06-29,Facebook Ads
CUST000407,Sunil Singh,Check Number,N/A,781024,Guwahati,Assam,2024-01-03,Instagram Ads
CUST000408,Shreya Sheikh,6294240903,N/A,713096,Asansol,West Bengal,2024-10-30,Organic Search
CUST000409,Aadhya Patel,6878844344,ananya.nair47@yahoo.com,751081,Bhubaneswar,Odisha,2025-04-29,Instagram Ads
CUST000410,Myra Rao,Check Number,N/A,422035,Nashik,Maharashtra,2024-04-15,Unknown
CUST000411,Harpreet Pillai,8983735439,amit.banerjee160@outlook.com,474092,Gwalior,Madhya Pradesh,2025-10-16,Facebook Ads
CUST000412,Diya Reddy,7404226931,N/A,625067,Madurai,Tamil Nadu,2025-07-27,WhatsApp Reseller
CUST000413,Ayesha Sharma,6231429001,N/A,121061,Faridabad,Haryana,2025-01-11,Instagram Ads
CUST000414,Rohit Nair,6001841862,kiara.sharma233@outlook.com,700045,Kolkata,West Bengal,2024-09-29,Organic Search
CUST000415,Krishna Chauhan,8519515109,ramesh.rathore343@yahoo.com,682019,Kochi,Kerala,2024-01-31,Instagram Ads
CUST000416,Reyansh Iyer,8102252677,N/A,734041,Siliguri,West Bengal,2023-08-20,Instagram Ads
CUST000417,Ramesh Chauhan,8236687887,kiara.banerjee86@outlook.com,842099,Muzaffarpur,Bihar,2024-09-13,Referral
CUST000418,Aarav Reddy,Missing,manoj.chauhan981@yahoo.com,201007,Ghaziabad,Uttar Pradesh,2025-01-27,Instagram Ads
CUST000419,Manoj Malhotra,7021260650,tanvi.desai76@outlook.com,62502,Madurai,Tamil Nadu,2025-09-07,Organic Search
CUST000420,Diya Chauhan,8765704120,aditya.shah770@yahoo.com,143001,Amritsar,Punjab,2023-12-11,WhatsApp Reseller
CUST000421,Lakshmi Das,7418623690,diya.rao764@gmail.com,221059,Varanasi,Uttar Pradesh,2024-06-26,Organic Search
CUST000422,Zoya Khan,6159503428,N/A,302025,Jaipur,Rajasthan,2025-12-08,WhatsApp Reseller
CUST000423,Sunita Verma,8468356521,N/A,440048,Nagpur,Maharashtra,2024-07-04,Instagram Ads
CUST000424,Riya Mishra,7322889857,N/A,302091,Jaipur,Rajasthan,2025-08-30,WhatsApp Reseller
CUST000425,Rohit Desai,6248171752,ananya.gupta287@rediffmail.com,751009,Bhubaneswar,Odisha,2025-11-17,Organic Search
CUST000426,Vikas Khan,9054669275,pankaj.chatterjee383@gmail.com,221064,Varanasi,Uttar Pradesh,2023-12-13,Referral
CUST000427,Vihaan Pillai,6214629613,deepak.ansari96@rediffmail.com,753082,Cuttack,Odisha,2024-04-13,Referral
CUST000428,Reyansh Malhotra,9365155973,N/A,342019,Jodhpur,Rajasthan,2024-01-14,Referral
CUST000429,Ayesha Verma,9730306442,arjun.iyer415@gmail.com,751091,Bhubaneswar,Odisha,2023-12-02,Unknown
CUST000430,Vihaan Gupta,8235677826,simran.desai399@gmail.com,221076,Varanasi,Uttar Pradesh,2025-07-28,WhatsApp Reseller
CUST000431,Tanvi Rao,8027275164,aarav.mishra966@yahoo.com,143081,Amritsar,Punjab,2025-03-07,Organic Search
CUST000432,Sandeep Patel,7390550448,krishna.sheikh512@outlook.com,695045,Thiruvananthapuram,Kerala,2024-07-22,Instagram Ads
CUST000433,Deepak Yadav,7866464911,reyansh.gupta666@gmail.com,160052,Chandigarh,Chandigarh,2025-08-05,WhatsApp Reseller
CUST000434,Vikas Rathore,Missing,pooja.bhatt431@yahoo.com,121058,Faridabad,Haryana,2024-04-24,Instagram Ads
CUST000435,Isha Sheikh,8384444630,N/A,625047,Madurai,Tamil Nadu,2024-12-06,WhatsApp Reseller
CUST000436,Ananya Desai,9396096262,mohammed.rathore163@outlook.com,842090,Muzaffarpur,Bihar,2025-02-23,WhatsApp Reseller
CUST000437,Amit Khan,7531106092,gurpreet.joshi943@gmail.com,570003,Mysuru,Karnataka,2023-09-22,Instagram Ads
CUST000438,Isha Agarwal,9404120911,sunil.singh110@yahoo.com,342023,Jodhpur,Rajasthan,2025-06-01,Facebook Ads
CUST000439,Geeta Naidu,6366572240,N/A,570043,Mysuru,Karnataka,2025-10-21,WhatsApp Reseller
CUST000440,Ananya Rathore,7908088235,N/A,360093,Rajkot,Gujarat,2026-01-27,Referral
CUST000441,Manoj Khan,9342346199,aadhya.pillai500@outlook.com,734054,Siliguri,West Bengal,2024-02-07,WhatsApp Reseller
CUST000442,Ayesha Yadav,6720849649,N/A,121023,Faridabad,Haryana,2024-05-21,Instagram Ads
CUST000443,Aadhya Ansari,8105053795,manoj.gupta395@rediffmail.com,201067,Ghaziabad,Uttar Pradesh,2025-11-19,WhatsApp Reseller
CUST000444,Rajesh Agarwal,9553307704,krishna.mishra176@rediffmail.com,831030,Jamshedpur,Jharkhand,2025-11-17,WhatsApp Reseller
CUST000445,Pooja Kumar,6501716445,ravi.gupta570@rediffmail.com,400006,Mumbai,Maharashtra,2024-10-17,Organic Search
CUST000446,Zoya Shah,Check Number,simran.bhatt54@rediffmail.com,834005,Ranchi,Jharkhand,2025-09-30,Instagram Ads
CUST000447,Pankaj Naidu,7297125296,tanvi.singh535@yahoo.com,700084,Kolkata,West Bengal,2024-02-28,Organic Search
CUST000448,Priya Menon,7311703037,N/A,208075,Kanpur,Uttar Pradesh,2025-10-30,Instagram Ads
CUST000449,Rohit Bhatt,7567983631,N/A,625013,Madurai,Tamil Nadu,2024-04-01,Facebook Ads
CUST000450,Sunita Ansari,6815632686,N/A,282083,Agra,Uttar Pradesh,2026-01-03,Instagram Ads
CUST000451,Diya Shah,6031310094,rekha.singh283@yahoo.com,313089,Udaipur,Rajasthan,2024-12-16,Facebook Ads
CUST000452,Geeta Reddy,8012897432,arjun.patel192@rediffmail.com,695018,Thiruvananthapuram,Kerala,2025-05-03,Instagram Ads
CUST000453,Priya Agarwal,8790737100,pooja.rao234@yahoo.com,411099,Pune,Maharashtra,2025-08-04,Instagram Ads
CUST000454,Jaspreet Mukherjee,9457054589,N/A,641052,Coimbatore,Tamil Nadu,2024-09-17,Instagram Ads
CUST000455,Myra Desai,8313614878,riya.mukherjee910@rediffmail.com,506053,Warangal,Telangana,2026-01-01,Referral
CUST000456,Simran Chatterjee,9954107272,pooja.shah572@yahoo.com,47403,Gwalior,Madhya Pradesh,2024-08-18,Instagram Ads
CUST000457,Vihaan Chauhan,6042548821,rohit.pillai202@outlook.com,474010,Gwalior,Madhya Pradesh,2025-09-28,Unknown
CUST000458,Ramesh Banerjee,8494296592,saanvi.iyer139@outlook.com,781038,Guwahati,Assam,2025-01-02,Organic Search
CUST000459,Ayesha Naidu,7875857567,suresh.mishra29@gmail.com,360053,Rajkot,Gujarat,2025-07-29,WhatsApp Reseller
CUST000460,Ishaan Shah,8062607870,neha.rao666@gmail.com,380012,Ahmedabad,Gujarat,2025-01-15,Instagram Ads
CUST000461,Jaspreet Desai,6382872324,harpreet.malhotra7@outlook.com,422025, Nashik ,Maharashtra,2025-09-30,WhatsApp Reseller
CUST000462,Aadhya Singh,9601467238,pankaj.ansari450@gmail.com,12108,Faridabad,Haryana,2025-05-24,Facebook Ads
CUST000463,Simran Joshi,6975466176,N/A,38004,Ahmedabad,Gujarat,2024-01-04,WhatsApp Reseller
CUST000464,Farhan Kumar,8025883586,diya.khan156@rediffmail.com,641072,Coimbatore,Tamil Nadu,2025-12-20,Instagram Ads
CUST000465,Ravi Gupta,9792988425,N/A,831003,Jamshedpur,Jharkhand,2025-03-28,Unknown
CUST000466,Riya Chauhan,7126610941,jaspreet.gupta453@rediffmail.com,121003,Faridabad,Haryana,2024-09-08,Organic Search
CUST000467,Shreya Desai,9743326831,N/A,560017,Bengaluru,Karnataka,2025-09-18,WhatsApp Reseller
CUST000468,Arjun Chatterjee,9339785598,arjun.mishra438@outlook.com,360072,Rajkot,Gujarat,2023-08-31,Referral
CUST000469,Kiara Verma,7446512418,kavita.malhotra626@rediffmail.com,160007,Chandigarh,Chandigarh,2024-09-09,Organic Search
CUST000470,Vivaan Verma,8023850371,rajesh.agarwal625@gmail.com,221009,Varanasi,Uttar Pradesh,2024-04-04,Referral
CUST000471,Ishaan Iyer,9835674300,saanvi.joshi623@outlook.com,462094,Bhopal,Madhya Pradesh,2024-09-29,Unknown
CUST000472,Simran Yadav,6955356033,aarav.nair423@gmail.com,141001,Ludhiana,Punjab,2024-11-18,Referral
CUST000473,Vikas Patel,7429671114,aadhya.chauhan723@rediffmail.com,422028,Nashik,Maharashtra,2025-09-25,WhatsApp Reseller
CUST000474,Isha Nair,6056974132,N/A,800092,Patna,Bihar,2023-08-27,Organic Search
CUST000475,Deepak Singh,9410496706,N/A,834055,Ranchi,Jharkhand,2023-12-12,WhatsApp Reseller
CUST000476,Sunil Menon,8930596601,harpreet.malhotra695@rediffmail.com,734068,Siliguri,West Bengal,2026-01-06,WhatsApp Reseller
CUST000477,Ayesha Mishra,7044138459,pankaj.iyer371@rediffmail.com,221083,Varanasi,Uttar Pradesh,2025-08-19,Instagram Ads
CUST000478,Mohammed Rao,9070578360,sai.iyer919@rediffmail.com,452056,Indore,Madhya Pradesh,2024-03-27,Instagram Ads
CUST000479,Kiara Khan,7102879508,N/A,506045,Warangal,Telangana,2025-09-24,Referral
CUST000480,Krishna Rathore,Check Number,isha.mukherjee482@rediffmail.com,380020,Ahmedabad,Gujarat,2024-11-04,WhatsApp Reseller
CUST000481,Sunil Reddy,8369026113,rajesh.khan562@outlook.com,411015,Pune,Maharashtra,2025-10-16,WhatsApp Reseller
CUST000482,Kavita Rathore,8353537513,suresh.mukherjee82@rediffmail.com,500009,Hyderabad,Telangana,2024-03-28,Facebook Ads
CUST000483,Suresh Nair,7836929445,sai.yadav432@yahoo.com,641080,Coimbatore,Tamil Nadu,2023-11-19,Organic Search
CUST000484,Krishna Yadav,6206021288,ramesh.mukherjee131@outlook.com,400030,Mumbai,Maharashtra,2025-08-15,WhatsApp Reseller
CUST000485,Reyansh Pillai,9676472298,aarav.desai608@rediffmail.com,751058,Bhubaneswar,Odisha,2024-05-11,Unknown
CUST000486,Sandeep Singh,Missing,kavita.agarwal538@outlook.com,474049,Gwalior,Madhya Pradesh,2025-04-21,Referral
CUST000487,Kavita Iyer,6542144773,pooja.malhotra266@gmail.com,226085,Lucknow,Uttar Pradesh,2024-11-18,Facebook Ads
CUST000488,Aditya Agarwal,6705349678,deepak.das941@gmail.com,411015,Pune,Maharashtra,2024-05-30,Referral
CUST000489,Harpreet Ansari,7152854781,mohammed.agarwal947@gmail.com,141090,Ludhiana,Punjab,2025-04-22,Unknown
CUST000490,Shreya Khan,7347272742,N/A,781008,Guwahati,Assam,2025-12-27,Facebook Ads
CUST000491,Simran Iyer,7578243477,ravi.shah366@outlook.com,440028,Nagpur,Maharashtra,2024-11-30,Organic Search
CUST000492,Myra Ansari,8156277963,N/A,641098,Coimbatore,Tamil Nadu,2025-03-05,Organic Search
CUST000493,Ravi Iyer,7504763928,N/A,641069,Coimbatore,Tamil Nadu,2024-11-23,Unknown
CUST000494,Sandeep Menon,7583286342,imran.yadav221@yahoo.com,700004,Kolkata,West Bengal,2025-02-05,Referral
CUST000495,Geeta Verma,7041662411,N/A,380095,Ahmedabad,Gujarat,2024-12-21,Referral
CUST000496,Ravi Reddy,Check Number,rajesh.chauhan386@rediffmail.com,474028,Gwalior,Madhya Pradesh,2023-11-13,Instagram Ads
CUST000497,Lakshmi Nair,9581739063,sunita.desai112@rediffmail.com,695080,Thiruvananthapuram,Kerala,2024-08-04,WhatsApp Reseller
CUST000498,Rohit Banerjee,7074645205,sunil.yadav893@gmail.com,201026,Ghaziabad,Uttar Pradesh,2025-11-08,Organic Search
CUST000499,Myra Chatterjee,6161620281,N/A,842054,Muzaffarpur,Bihar,2024-04-05,Organic Search
CUST000500,Manoj Yadav,9448595922,riya.reddy823@rediffmail.com,141032,Ludhiana,Punjab,2023-12-28,Unknown
CUST000501,Kavita Sheikh,Missing,N/A,141000,Ludhiana,Punjab,2025-08-17,Referral
CUST000502,Imran Singh,8835034469,zoya.shah786@outlook.com,360071,Rajkot,Gujarat,2024-10-20,WhatsApp Reseller
CUST000503,Harpreet Reddy,9599949732,N/A,143060,Amritsar,Punjab,2025-10-19,Facebook Ads
CUST000504,Vikas Yadav,6386667548,sai.agarwal620@yahoo.com,380081,Ahmedabad,Gujarat,2023-10-29,WhatsApp Reseller
CUST000505,Simran Naidu,8205756398,saanvi.banerjee384@yahoo.com,641001,Coimbatore,Tamil Nadu,2024-09-18,Referral
CUST000506,Imran Singh,6940476044,rajesh.rao32@outlook.com,474080,Gwalior,Madhya Pradesh,2025-03-21,Unknown
CUST000507,Reyansh Verma,7221610705,rekha.iyer874@yahoo.com,360094,Rajkot,Gujarat,2023-10-29,Unknown
CUST000508,Harpreet Mukherjee,9601382412,N/A,302095,Jaipur,Rajasthan,2024-06-11,Instagram Ads
CUST000509,Krishna Chatterjee,6971112125,N/A,462047,Bhopal,Madhya Pradesh,2025-02-07,Instagram Ads
CUST000510,Saanvi Pillai,6642429563,neha.agarwal205@yahoo.com,682033,Kochi,Kerala,2024-04-15,Instagram Ads
CUST000511,Farhan Menon,7096289365,riya.naidu296@yahoo.com,474064,Gwalior,Madhya Pradesh,2025-01-25,Referral
CUST000512,Aadhya Iyer,7727955969,mohammed.sheikh108@rediffmail.com,380001,Ahmedabad,Gujarat,2023-12-03,Unknown
CUST000513,Farhan Das,9979966734,sunil.chatterjee495@outlook.com,121029,Faridabad,Haryana,2025-07-25,Referral
CUST000514,Sandeep Iyer,6282498392,imran.naidu983@gmail.com,580039,Hubli,Karnataka,2024-11-22,Facebook Ads
CUST000515,Tanvi Kumar,7336132850,farhan.singh483@outlook.com,625060,Madurai,Tamil Nadu,2026-02-01,Facebook Ads
CUST000516,Ishaan Chatterjee,8469681579,sunil.patel787@yahoo.com,121043,Faridabad,Haryana,2025-01-01,Referral
CUST000517,Ishaan Chauhan,8626244670,suresh.patel168@outlook.com,834013, Ranchi ,Jharkhand,2025-06-11,Unknown
CUST000518,Aarav Patel,9707660464,krishna.shah827@outlook.com,570099,Mysuru,Karnataka,2023-11-02,Instagram Ads
CUST000519,Diya Yadav,6205943897,deepak.das41@gmail.com,160058,Chandigarh,Chandigarh,2023-11-20,Instagram Ads
CUST000520,Imran Ansari,7456075409,harpreet.verma545@outlook.com,221010,Varanasi,Uttar Pradesh,2024-11-23,Organic Search
CUST000521,Deepak Sheikh,9015502916,harpreet.gupta346@rediffmail.com,282002,Agra,Uttar Pradesh,2025-02-13,Unknown
CUST000522,Ramesh Singh,8988305973,ramesh.iyer765@yahoo.com,12208,Gurugram,Haryana,2023-09-29,Instagram Ads
CUST000523,Aadhya Sharma,8479513305,pankaj.das746@outlook.com,400081,Mumbai,Maharashtra,2024-12-12,WhatsApp Reseller
CUST000524,Imran Chatterjee,Check Number,N/A,400095,Mumbai,Maharashtra,2025-02-15,Instagram Ads
CUST000525,Deepak Sharma,9604873682,N/A,641014,Coimbatore,Tamil Nadu,2024-03-13,Unknown
CUST000526,Suresh Mukherjee,8551588863,geeta.menon476@rediffmail.com,570057,Mysuru,Karnataka,2024-07-18,Instagram Ads
CUST000527,Imran Menon,6696663093,pankaj.rathore83@outlook.com,400041,Mumbai,Maharashtra,2024-08-05,Organic Search
CUST000528,Zoya Sharma,9883275327,N/A,682003,Kochi,Kerala,2025-10-31,Unknown
CUST000529,Myra Naidu,8237100687,arjun.naidu428@rediffmail.com,751068,Bhubaneswar,Odisha,2024-11-04,WhatsApp Reseller
CUST000530,Sunita Rao,9056876112,amit.rao594@gmail.com,411046,Pune,Maharashtra,2024-11-09,Organic Search
CUST000531,Reyansh Chatterjee,9345475749,aditya.menon144@yahoo.com,226003,Lucknow,Uttar Pradesh,2025-05-07,Unknown
CUST000532,Gurpreet Patel,9422294643,aadhya.desai311@yahoo.com,800033,Patna,Bihar,2025-03-24,Organic Search
CUST000533,Ananya Mukherjee,8856728727,aarav.ansari970@gmail.com,500039,Hyderabad,Telangana,2024-05-09,Unknown
CUST000534,Saanvi Mukherjee,6833506158,manoj.joshi867@gmail.com,160007,Chandigarh,Chandigarh,2024-04-07,Instagram Ads
CUST000535,Isha Bhatt,6948413128,aadhya.nair250@outlook.com,342068, Jodhpur ,Rajasthan,2024-02-26,Facebook Ads
CUST000536,Vikas Gupta,7974909617,saanvi.desai826@outlook.com,500032,Hyderabad,Telangana,2025-10-05,Unknown
CUST000537,Lakshmi Chauhan,8483548847,amit.patel500@gmail.com,342065,Jodhpur,Rajasthan,2025-03-02,Organic Search
CUST000538,Reyansh Malhotra,7313348458,riya.das950@yahoo.com,682019,Kochi,Kerala,2025-03-27,Facebook Ads
CUST000539,Tanvi Patel,9964347452,harpreet.mukherjee850@rediffmail.com,302054,Jaipur,Rajasthan,2024-05-18,Organic Search
CUST000540,Farhan Khan,8033445056,mohammed.joshi574@yahoo.com,422079,Nashik,Maharashtra,2024-12-10,Referral
CUST000541,Mohammed Pillai,9067349960,shreya.chatterjee283@rediffmail.com,201036, Ghaziabad ,Uttar Pradesh,2025-08-21,Unknown
CUST000542,Rohit Bhatt,6735984884,ishaan.menon789@gmail.com,580089,Hubli,Karnataka,2023-10-11,Organic Search
CUST000543,Mohammed Mishra,8490216667,N/A,226055,Lucknow,Uttar Pradesh,2025-07-28,WhatsApp Reseller
CUST000544,Rajesh Chatterjee,6818281979,saanvi.menon75@outlook.com,506059,Warangal,Telangana,2025-04-18,Facebook Ads
CUST000545,Arjun Patel,9069409600,ramesh.kumar266@yahoo.com,834098,Ranchi,Jharkhand,2025-02-28,Facebook Ads
CUST000546,Gurpreet Bhatt,7342108902,arjun.chatterjee892@rediffmail.com,452084,Indore,Madhya Pradesh,2025-02-03,Instagram Ads
CUST000547,Sandeep Mukherjee,6607360776,N/A,208022,Kanpur,Uttar Pradesh,2025-06-24,Referral
CUST000548,Aadhya Singh,8563318574,deepak.sharma8@outlook.com,302051,Jaipur,Rajasthan,2023-12-20,Referral
CUST000549,Isha Das,9704502329,kavita.kumar144@outlook.com,600007,Chennai,Tamil Nadu,2023-09-17,Unknown
CUST000550,Pankaj Yadav,7822512073,shreya.mukherjee931@rediffmail.com,800003,Patna,Bihar,2025-01-17,Referral
CUST000551,Aditya Joshi,Check Number,N/A,143077,Amritsar,Punjab,2024-12-11,Facebook Ads
CUST000552,Rekha Mukherjee,6779323822,sai.pillai98@outlook.com,842078,Muzaffarpur,Bihar,2024-03-31,Unknown
CUST000553,Imran Sheikh,8256529060,diya.sharma147@gmail.com,831030,Jamshedpur,Jharkhand,2025-03-30,Organic Search
CUST000554,Farhan Reddy,9737948714,lakshmi.malhotra346@rediffmail.com,500023,Hyderabad,Telangana,2023-09-07,WhatsApp Reseller
CUST000555,Reyansh Ansari,8156082137,N/A,625044,Madurai,Tamil Nadu,2024-03-24,WhatsApp Reseller
CUST000556,Lakshmi Reddy,7589298808,kiara.sheikh970@yahoo.com,342012,Jodhpur,Rajasthan,2024-12-21,Facebook Ads
CUST000557,Pankaj Yadav,9468677524,N/A,143093,Amritsar,Punjab,2024-07-28,Organic Search
CUST000558,Sunita Rao,7626693351,N/A,141094,Ludhiana,Punjab,2025-09-07,Organic Search
CUST000559,Neha Menon,8819737418,deepak.kumar73@rediffmail.com,143005,Amritsar,Punjab,2024-03-15,Unknown
CUST000560,Anil Patel,9438119953,tanvi.chauhan857@outlook.com,625081,Madurai,Tamil Nadu,2024-11-22,Unknown
CUST000561,Shreya Rathore,8510173973,tanvi.iyer107@outlook.com,282072,Agra,Uttar Pradesh,2025-05-20,Organic Search
CUST000562,Reyansh Desai,6911359966,aditya.mukherjee663@outlook.com,440073,Nagpur,Maharashtra,2024-05-26,Unknown
CUST000563,Vivaan Reddy,Missing,imran.singh300@outlook.com,600093,Chennai,Tamil Nadu,2024-03-18,Unknown
CUST000564,Myra Iyer,Missing,deepak.sheikh651@rediffmail.com,734020,Siliguri,West Bengal,2025-02-06,Unknown
CUST000565,Ravi Menon,9155983541,sai.khan416@rediffmail.com,842081,Muzaffarpur,Bihar,2024-01-05,Unknown
CUST000566,Imran Naidu,7250139488,manoj.joshi183@outlook.com,506009,Warangal,Telangana,2025-02-07,Organic Search
CUST000567,Gurpreet Chatterjee,9149915370,rohit.ansari281@gmail.com,221088,Varanasi,Uttar Pradesh,2025-09-05,Organic Search
CUST000568,Aadhya Kumar,Missing,pankaj.chauhan859@outlook.com,834070,Ranchi,Jharkhand,2023-10-24,WhatsApp Reseller
CUST000569,Shreya Desai,8546553585,simran.kumar330@yahoo.com,474074,Gwalior,Madhya Pradesh,2024-12-19,Unknown
CUST000570,Mohammed Singh,8837490797,N/A,500057,Hyderabad,Telangana,2024-08-02,Facebook Ads
CUST000571,Farhan Gupta,8097626374,riya.das339@yahoo.com,110065,New Delhi,Delhi,2024-03-05,WhatsApp Reseller
CUST000572,Aarav Shah,6918623392,vivaan.khan952@outlook.com,842042,Muzaffarpur,Bihar,2023-09-02,Unknown
CUST000573,Suresh Banerjee,8214526471,ravi.reddy233@rediffmail.com,682081,Kochi,Kerala,2025-01-01,WhatsApp Reseller
CUST000574,Sunil Verma,Missing,zoya.singh173@gmail.com,22106,Varanasi,Uttar Pradesh,2026-01-12,WhatsApp Reseller
CUST000575,Arjun Patel,7512959272,vikas.sharma638@gmail.com,713015,Asansol,West Bengal,2023-09-06,Referral
CUST000576,Diya Desai,9392957867,tanvi.joshi68@rediffmail.com,734018,Siliguri,West Bengal,2024-03-04,Organic Search
CUST000577,Vihaan Malhotra,6815899886,N/A,440097,Nagpur,Maharashtra,2025-01-31,Organic Search
CUST000578,Sai Chauhan,9474080314,jaspreet.agarwal585@yahoo.com,60009,Chennai,Tamil Nadu,2025-01-11,Facebook Ads
CUST000579,Vihaan Rao,7850317235,N/A,734048,Siliguri,West Bengal,2024-07-31,Referral
CUST000580,Imran Patel,8602293946,N/A,201083,Ghaziabad,Uttar Pradesh,2024-03-28,Referral
CUST000581,Suresh Banerjee,9490607231,N/A,580068,Hubli,Karnataka,2023-10-12,Unknown
CUST000582,Pooja Joshi,6631873280,reyansh.singh235@gmail.com,695023,Thiruvananthapuram,Kerala,2024-12-21,Facebook Ads
CUST000583,Zoya Mishra,6833509025,priya.malhotra180@rediffmail.com,60008,Chennai,Tamil Nadu,2024-05-12,Referral
CUST000584,Shreya Reddy,6713984822,mohammed.verma115@gmail.com,208068,Kanpur,Uttar Pradesh,2025-07-28,Instagram Ads
CUST000585,Reyansh Ansari,9913098107,isha.banerjee290@outlook.com,440095,Nagpur,Maharashtra,2025-09-08,Instagram Ads
CUST000586,Sunita Malhotra,8324264250,sneha.kumar44@outlook.com,781069,Guwahati,Assam,2024-10-24,Unknown
CUST000587,Ravi Yadav,9767555628,aadhya.sheikh196@yahoo.com,734093,Siliguri,West Bengal,2025-07-03,WhatsApp Reseller
CUST000588,Isha Das,9496033582,N/A,580026,Hubli,Karnataka,2025-01-14,Unknown
CUST000589,Sandeep Kumar,7265732759,pankaj.rathore753@gmail.com,682008,Kochi,Kerala,2024-07-05,Instagram Ads
CUST000590,Farhan Reddy,8159597752,reyansh.naidu576@yahoo.com,122019,Gurugram,Haryana,2025-03-18,Facebook Ads
CUST000591,Shreya Chauhan,7127102676,sandeep.sharma601@rediffmail.com,462074,Bhopal,Madhya Pradesh,2024-07-16,Organic Search
CUST000592,Farhan Agarwal,Check Number,mohammed.das729@gmail.com,831063,Jamshedpur,Jharkhand,2024-07-01,Instagram Ads
CUST000593,Lakshmi Iyer,6752034476,neha.pillai778@outlook.com,221042,Varanasi,Uttar Pradesh,2025-07-20,Referral
CUST000594,Sneha Banerjee,8655866525,manoj.reddy501@rediffmail.com,452057, Indore ,Madhya Pradesh,2026-01-13,WhatsApp Reseller
CUST000595,Ishaan Naidu,7512931100,N/A,160080,Chandigarh,Chandigarh,2026-01-09,Instagram Ads
CUST000596,Pankaj Singh,6211063301,shreya.rathore198@outlook.com,831090,Jamshedpur,Jharkhand,2025-10-16,Organic Search
CUST000597,Riya Desai,Check Number,N/A,800041,Patna,Bihar,2024-01-14,Unknown
CUST000598,Sunil Yadav,9453804421,geeta.mukherjee925@gmail.com,474055,Gwalior,Madhya Pradesh,2025-04-04,Organic Search
CUST000599,Riya Gupta,8919457575,amit.chauhan321@yahoo.com,40002,Mumbai,Maharashtra,2024-01-01,Instagram Ads
CUST000600,Deepak Mishra,6256265062,diya.reddy98@gmail.com,570019,Mysuru,Karnataka,2024-10-15,Organic Search
CUST000601,Manoj Iyer,9627051157,rohit.nair532@outlook.com,302053,Jaipur,Rajasthan,2025-03-28,Facebook Ads
CUST000602,Sneha Ansari,7845525971,zoya.yadav253@yahoo.com,700088,Kolkata,West Bengal,2024-04-27,Unknown
CUST000603,Neha Joshi,7259399337,vivaan.chatterjee524@gmail.com,500018,Hyderabad,Telangana,2023-11-19,Unknown
CUST000604,Vikas Banerjee,8250733055,sunita.joshi150@rediffmail.com,282062,Agra,Uttar Pradesh,2025-11-25,Facebook Ads
CUST000605,Sunil Shah,7884366044,N/A,834059,Ranchi,Jharkhand,2025-07-24,Unknown
CUST000606,Ananya Shah,8743974292,vivaan.singh54@rediffmail.com,560047,Bengaluru,Karnataka,2024-07-13,WhatsApp Reseller
CUST000607,Ramesh Khan,6459908027,arjun.kumar156@gmail.com,411091,Pune,Maharashtra,2024-04-29,Instagram Ads
CUST000608,Imran Menon,9628137214,N/A,122089,Gurugram,Haryana,2024-12-06,Facebook Ads
CUST000609,Mohammed Chatterjee,9084706810,N/A,141089,Ludhiana,Punjab,2024-09-07,Facebook Ads
CUST000610,Rohit Joshi,8858623945,priya.banerjee123@rediffmail.com,570057,Mysuru,Karnataka,2025-06-29,Organic Search
CUST000611,Krishna Verma,7394394570,N/A,226003,Lucknow,Uttar Pradesh,2025-07-27,Instagram Ads
CUST000612,Harpreet Banerjee,9927789431,aarav.bhatt32@gmail.com,226035,Lucknow,Uttar Pradesh,2024-09-08,Unknown
CUST000613,Reyansh Verma,9514604014,N/A,452081,Indore,Madhya Pradesh,2025-08-22,Organic Search
CUST000614,Krishna Gupta,8409712316,vivaan.verma510@outlook.com,342052,Jodhpur,Rajasthan,2026-01-18,Referral
CUST000615,Pooja Pillai,6433700968,geeta.naidu238@gmail.com,282011,Agra,Uttar Pradesh,2024-02-06,WhatsApp Reseller
CUST000616,Tanvi Agarwal,7556296575,rohit.rao689@outlook.com,302052,Jaipur,Rajasthan,2025-01-15,Instagram Ads
CUST000617,Farhan Khan,7058295829,N/A,141053,Ludhiana,Punjab,2025-02-26,Referral
CUST000618,Rajesh Sharma,7571558686,farhan.pillai418@gmail.com,395082,Surat,Gujarat,2025-10-18,Unknown
CUST000619,Lakshmi Naidu,8364381300,N/A,400057,Mumbai,Maharashtra,2023-11-12,Unknown
CUST000620,Simran Shah,Check Number,geeta.chatterjee360@gmail.com,570060,Mysuru,Karnataka,2026-01-22,Referral
CUST000621,Anil Shah,9060717481,harpreet.rao733@gmail.com,600095,Chennai,Tamil Nadu,2024-02-27,Referral
CUST000622,Manoj Menon,9102908718,neha.sheikh579@outlook.com,842068,Muzaffarpur,Bihar,2025-03-21,WhatsApp Reseller
CUST000623,Vikas Das,Missing,sunil.chatterjee437@gmail.com,506009,Warangal,Telangana,2025-08-07,Organic Search
CUST000624,Sandeep Banerjee,9371122299,N/A,834067,Ranchi,Jharkhand,2025-08-05,Referral
CUST000625,Aditya Iyer,6114576832,ananya.gupta585@yahoo.com,580057,Hubli,Karnataka,2024-10-04,Instagram Ads
CUST000626,Tanvi Patel,6332426050,aarav.singh538@rediffmail.com,500001,Hyderabad,Telangana,2025-11-25,Facebook Ads
CUST000627,Aadhya Reddy,7126881228,amit.gupta490@gmail.com,500031,Hyderabad,Telangana,2023-11-04,Instagram Ads
CUST000628,Priya Yadav,9035679327,lakshmi.agarwal417@yahoo.com,208066,Kanpur,Uttar Pradesh,2023-10-08,WhatsApp Reseller
CUST000629,Arjun Joshi,6546475489,sneha.bhatt972@outlook.com,411049,Pune,Maharashtra,2024-12-01,Unknown
CUST000630,Sunil Shah,9517588914,neha.bhatt296@yahoo.com,462041,Bhopal,Madhya Pradesh,2024-03-05,Instagram Ads
CUST000631,Imran Rathore,9392435885,N/A,313092,Udaipur,Rajasthan,2023-10-10,WhatsApp Reseller
CUST000632,Imran Patel,8367497852,arjun.iyer128@outlook.com,78105,Guwahati,Assam,2023-10-05,Organic Search
CUST000633,Neha Rathore,6679176651,N/A,462008,Bhopal,Madhya Pradesh,2024-06-14,Facebook Ads
CUST000634,Riya Yadav,6159446333,rajesh.menon274@rediffmail.com,121019,Faridabad,Haryana,2024-01-03,Organic Search
CUST000635,Pankaj Sharma,8711363379,N/A,226030,Lucknow,Uttar Pradesh,2024-07-27,Organic Search
CUST000636,Kiara Singh,9726960843,geeta.yadav809@rediffmail.com,641063,Coimbatore,Tamil Nadu,2025-06-28,WhatsApp Reseller
CUST000637,Rohit Sheikh,7633556434,ayesha.shah899@outlook.com,226087,Lucknow,Uttar Pradesh,2025-01-16,Referral
CUST000638,Vivaan Banerjee,6767616453,N/A,641074,Coimbatore,Tamil Nadu,2024-02-02,Referral
CUST000639,Vihaan Menon,6418472426,N/A,560008,Bengaluru,Karnataka,2025-01-24,Unknown
CUST000640,Manoj Chauhan,7039111428,deepak.joshi780@rediffmail.com,342019,Jodhpur,Rajasthan,2025-04-12,Instagram Ads
CUST000641,Neha Rathore,6622072239,rajesh.naidu286@outlook.com,302022,Jaipur,Rajasthan,2023-12-10,Unknown
CUST000642,Aditya Gupta,Check Number,kavita.mukherjee806@outlook.com,751067,Bhubaneswar,Odisha,2023-12-22,Facebook Ads
CUST000643,Arjun Shah,6966645057,vivaan.reddy446@yahoo.com,440075,Nagpur,Maharashtra,2025-07-05,Instagram Ads
CUST000644,Rohit Sharma,8767753726,myra.kumar919@gmail.com,570006,Mysuru,Karnataka,2025-05-27,Organic Search
CUST000645,Pooja Mukherjee,Check Number,N/A,110065,New Delhi,Delhi,2024-05-30,Organic Search
CUST000646,Pankaj Mishra,8089177680,manoj.pillai767@gmail.com,570019,Mysuru,Karnataka,2025-02-24,Unknown
CUST000647,Harpreet Khan,6964630040,saanvi.yadav583@yahoo.com,641019,Coimbatore,Tamil Nadu,2024-01-14,Referral
CUST000648,Aditya Iyer,7727117595,priya.desai572@rediffmail.com,110041,New Delhi,Delhi,2025-08-18,WhatsApp Reseller
CUST000649,Neha Naidu,7067458476,N/A,395018,Surat,Gujarat,2024-03-05,Facebook Ads
CUST000650,Reyansh Sheikh,9695413297,tanvi.gupta794@rediffmail.com,625007,Madurai,Tamil Nadu,2025-08-29,Organic Search
CUST000651,Imran Mukherjee,9693663439,imran.patel613@rediffmail.com,500010, Hyderabad ,Telangana,2026-01-01,WhatsApp Reseller
CUST000652,Sai Malhotra,7007202455,sai.verma170@rediffmail.com,600004,Chennai,Tamil Nadu,2024-09-15,Facebook Ads
CUST000653,Geeta Singh,6942179428,N/A,302043,Jaipur,Rajasthan,2024-12-28,Instagram Ads
CUST000654,Pooja Khan,7453372201,N/A,380092,Ahmedabad,Gujarat,2025-03-25,Instagram Ads
CUST000655,Gurpreet Chauhan,8370526351,priya.banerjee192@outlook.com,474050,Gwalior,Madhya Pradesh,2025-06-02,Facebook Ads
CUST000656,Gurpreet Yadav,7024617520,myra.rathore619@outlook.com,842025,Muzaffarpur,Bihar,2023-12-31,Unknown
CUST000657,Imran Naidu,6783325848,kavita.desai628@yahoo.com,713093,Asansol,West Bengal,2024-02-04,WhatsApp Reseller
CUST000658,Rekha Menon,6691767993,anil.nair461@rediffmail.com,462083,Bhopal,Madhya Pradesh,2025-04-10,WhatsApp Reseller
CUST000659,Priya Sharma,Missing,vikas.nair407@gmail.com,221009,Varanasi,Uttar Pradesh,2024-12-24,Organic Search
CUST000660,Harpreet Naidu,6793884136,N/A,411054,Pune,Maharashtra,2024-09-06,Referral
CUST000661,Jaspreet Pillai,9263251448,shreya.gupta79@yahoo.com,121000, Faridabad ,Haryana,2025-09-22,Facebook Ads
CUST000662,Vikas Chatterjee,9817941515,saanvi.joshi968@rediffmail.com,160079,Chandigarh,Chandigarh,2023-12-11,Referral
CUST000663,Imran Patel,7750566186,saanvi.shah653@outlook.com,302095,Jaipur,Rajasthan,2025-09-05,Facebook Ads
CUST000664,Geeta Joshi,Check Number,zoya.khan347@outlook.com,831000,Jamshedpur,Jharkhand,2023-11-25,Facebook Ads
CUST000665,Kavita Joshi,9788519053,N/A,121038,Faridabad,Haryana,2024-06-03,Instagram Ads
CUST000666,Neha Chatterjee,8174460045,sai.bhatt141@gmail.com,560012,Bengaluru,Karnataka,2025-08-29,Referral
CUST000667,Aadhya Desai,8488189848,reyansh.agarwal414@gmail.com,342053,Jodhpur,Rajasthan,2024-06-21,Referral
CUST000668,Reyansh Desai,Missing,zoya.banerjee555@gmail.com,141075,Ludhiana,Punjab,2025-11-23,Referral
CUST000669,Diya Khan,6073228360,neha.desai814@yahoo.com,70003,Kolkata,West Bengal,2025-08-13,WhatsApp Reseller
CUST000670,Ishaan Banerjee,Check Number,ravi.desai196@rediffmail.com,800073,Patna,Bihar,2025-02-14,Unknown
CUST000671,Gurpreet Verma,Missing,arjun.ansari405@yahoo.com,201035,Ghaziabad,Uttar Pradesh,2025-09-19,Facebook Ads
CUST000672,Simran Sharma,9221556684,N/A,160045,Chandigarh,Chandigarh,2023-10-06,Facebook Ads
CUST000673,Neha Yadav,6078436142,diya.yadav788@gmail.com,506097,Warangal,Telangana,2024-09-19,Instagram Ads
CUST000674,Vikas Reddy,9642737203,N/A,834092,Ranchi,Jharkhand,2025-06-17,Instagram Ads
CUST000675,Sneha Pillai,6344389982,kavita.sharma153@gmail.com,831088,Jamshedpur,Jharkhand,2024-08-22,Referral
CUST000676,Diya Singh,9449369995,sunita.shah201@yahoo.com,500043,Hyderabad,Telangana,2025-07-18,Instagram Ads
CUST000677,Ramesh Joshi,7360376811,manoj.mishra736@yahoo.com,506027,Warangal,Telangana,2025-06-13,Organic Search
CUST000678,Isha Desai,6539114983,simran.iyer555@yahoo.com,160089,Chandigarh,Chandigarh,2025-04-20,Facebook Ads
CUST000679,Reyansh Gupta,Check Number,N/A,580020,Hubli,Karnataka,2025-02-28,Facebook Ads
CUST000680,Deepak Verma,7013546212,aarav.patel384@gmail.com,141087,Ludhiana,Punjab,2025-04-05,Facebook Ads
CUST000681,Rohit Yadav,8888995729,rajesh.reddy977@outlook.com,226078,Lucknow,Uttar Pradesh,2025-11-19,Instagram Ads
CUST000682,Harpreet Naidu,Missing,ravi.das385@outlook.com,751074,Bhubaneswar,Odisha,2025-06-27,Facebook Ads
CUST000683,Krishna Joshi,7082832308,rekha.agarwal76@yahoo.com,695010,Thiruvananthapuram,Kerala,2024-08-04,Instagram Ads
CUST000684,Ishaan Rao,7231829716,rekha.gupta756@rediffmail.com,700087,Kolkata,West Bengal,2024-07-19,Referral
CUST000685,Vivaan Menon,Missing,N/A,400095,Mumbai,Maharashtra,2023-11-26,Unknown
CUST000686,Reyansh Mishra,8090255618,N/A,313018,Udaipur,Rajasthan,2024-09-27,Instagram Ads
CUST000687,Sandeep Gupta,6567086700,aarav.ansari268@yahoo.com,506081,Warangal,Telangana,2024-08-16,Instagram Ads
CUST000688,Ravi Banerjee,7483550542,ayesha.pillai43@gmail.com,395006,Surat,Gujarat,2025-09-01,WhatsApp Reseller
CUST000689,Pankaj Mukherjee,Missing,N/A,462007,Bhopal,Madhya Pradesh,2024-10-18,Instagram Ads
CUST000690,Manoj Malhotra,Missing,shreya.pillai265@yahoo.com,395060,Surat,Gujarat,2025-09-27,Facebook Ads
CUST000691,Amit Reddy,8321269428,tanvi.ansari749@rediffmail.com,560020,Bengaluru,Karnataka,2024-01-28,Instagram Ads
CUST000692,Aadhya Singh,6706462554,aditya.patel413@yahoo.com,395047,Surat,Gujarat,2024-11-17,Facebook Ads
CUST000693,Sai Chauhan,8489880315,simran.rathore532@yahoo.com,411035,Pune,Maharashtra,2024-03-19,WhatsApp Reseller
CUST000694,Riya Sheikh,6433335384,gurpreet.singh405@yahoo.com,695013,Thiruvananthapuram,Kerala,2025-11-30,WhatsApp Reseller
CUST000695,Krishna Joshi,6373265306,harpreet.gupta980@gmail.com,625078,Madurai,Tamil Nadu,2024-01-25,Organic Search
CUST000696,Lakshmi Bhatt,6023009156,ishaan.rao612@gmail.com,121048,Faridabad,Haryana,2024-10-17,Instagram Ads
CUST000697,Sunil Singh,6936595201,N/A,800037,Patna,Bihar,2023-10-13,Instagram Ads
CUST000698,Ishaan Menon,7399821374,suresh.gupta95@rediffmail.com,411089,Pune,Maharashtra,2024-06-11,WhatsApp Reseller
CUST000699,Jaspreet Verma,8376660811,ramesh.menon867@gmail.com,360024,Rajkot,Gujarat,2024-12-11,Organic Search
CUST000700,Sai Rao,Missing,rohit.ansari467@gmail.com,570095,Mysuru,Karnataka,2024-05-20,Instagram Ads
CUST000701,Vihaan Rao,Check Number,N/A,700038,Kolkata,West Bengal,2025-02-02,Facebook Ads
CUST000702,Myra Chauhan,7603359101,vikas.sheikh711@gmail.com,700006,Kolkata,West Bengal,2025-04-02,Unknown
CUST000703,Pooja Das,9492699969,ayesha.bhatt800@rediffmail.com,110082,New Delhi,Delhi,2023-11-02,Unknown
CUST000704,Deepak Gupta,8969325914,lakshmi.agarwal318@yahoo.com,682024,Kochi,Kerala,2023-12-15,Instagram Ads
CUST000705,Ramesh Banerjee,6690872617,vivaan.khan453@yahoo.com,143039,Amritsar,Punjab,2023-11-30,WhatsApp Reseller
CUST000706,Mohammed Ansari,Check Number,simran.desai625@outlook.com,751070,Bhubaneswar,Odisha,2025-06-21,WhatsApp Reseller
CUST000707,Riya Kumar,9965613087,reyansh.ansari851@yahoo.com,734067,Siliguri,West Bengal,2024-07-24,Instagram Ads
CUST000708,Neha Banerjee,8840027300,lakshmi.yadav615@outlook.com,31304,Udaipur,Rajasthan,2023-11-29,WhatsApp Reseller
CUST000709,Sai Ansari,6016809414,N/A,313052,Udaipur,Rajasthan,2025-11-17,Facebook Ads
CUST000710,Isha Yadav,Missing,zoya.nair653@rediffmail.com,474063,Gwalior,Madhya Pradesh,2024-11-05,Facebook Ads
CUST000711,Vikas Agarwal,7925081776,ananya.desai717@gmail.com,422XX3,Nashik,Maharashtra,2024-02-01,Referral
CUST000712,Saanvi Mishra,8523561781,aadhya.bhatt921@yahoo.com,313010,Udaipur,Rajasthan,2025-07-13,Facebook Ads
CUST000713,Mohammed Kumar,8613371844,vihaan.pillai985@yahoo.com,380041,Ahmedabad,Gujarat,2024-03-18,Referral
CUST000714,Pooja Verma,6678127782,arjun.sharma854@yahoo.com,600062,Chennai,Tamil Nadu,2025-04-25,Referral
CUST000715,Priya Rathore,8797363831,diya.joshi698@rediffmail.com,781043,Guwahati,Assam,2025-07-18,Referral
CUST000716,Simran Desai,9177067368,rohit.bhatt812@gmail.com,506000, Warangal ,Telangana,2023-11-20,Facebook Ads
CUST000717,Farhan Chatterjee,9505871469,N/A,208073,Kanpur,Uttar Pradesh,2024-04-28,WhatsApp Reseller
CUST000718,Anil Joshi,9998480220,aditya.shah709@yahoo.com,440069,Nagpur,Maharashtra,2024-07-11,Unknown
CUST000719,Pooja Khan,6145788707,diya.nair917@outlook.com,221061,Varanasi,Uttar Pradesh,2024-08-31,Facebook Ads
CUST000720,Vikas Iyer,6779876829,ramesh.rathore510@yahoo.com,411016,Pune,Maharashtra,2024-05-12,Unknown
CUST000721,Isha Joshi,9235040566,N/A,440015,Nagpur,Maharashtra,2023-11-15,Unknown
CUST000722,Zoya Iyer,9325942328,neha.naidu401@yahoo.com,700024,Kolkata,West Bengal,2023-09-13,Referral
CUST000723,Ananya Iyer,8725629269,N/A,700064,Kolkata,West Bengal,2024-12-14,Instagram Ads
CUST000724,Geeta Rathore,8095744303,pankaj.singh899@gmail.com,411014,Pune,Maharashtra,2024-04-11,Referral
CUST000725,Gurpreet Chatterjee,6153641547,mohammed.reddy110@yahoo.com,313046,Udaipur,Rajasthan,2024-08-16,Organic Search
CUST000726,Myra Naidu,6094214105,ayesha.shah542@gmail.com,395067, Surat ,Gujarat,2025-10-25,Organic Search
CUST000727,Zoya Kumar,8622586605,anil.rathore426@outlook.com,400035,Mumbai,Maharashtra,2025-04-29,Unknown
CUST000728,Imran Pillai,8965594282,pankaj.malhotra122@gmail.com,700054,Kolkata,West Bengal,2024-08-28,Referral
CUST000729,Sneha Mukherjee,7132155130,sunita.verma535@yahoo.com,440054,Nagpur,Maharashtra,2025-08-26,Instagram Ads
CUST000730,Kavita Rathore,9273677462,ishaan.mukherjee867@yahoo.com,823036,Gaya,Bihar,2025-04-16,Facebook Ads
CUST000731,Rekha Naidu,7123920491,jaspreet.sharma907@gmail.com,342053,Jodhpur,Rajasthan,2024-02-08,WhatsApp Reseller
CUST000732,Vivaan Joshi,6722577545,N/A,625073,Madurai,Tamil Nadu,2025-02-13,Referral
CUST000733,Sandeep Bhatt,7160827172,riya.reddy204@outlook.com,380093,Ahmedabad,Gujarat,2023-10-19,Facebook Ads
CUST000734,Diya Patel,7621659143,rohit.nair919@yahoo.com,411046,Pune,Maharashtra,2025-03-05,WhatsApp Reseller
CUST000735,Manoj Das,9732643095,priya.desai831@outlook.com,226092,Lucknow,Uttar Pradesh,2025-03-11,WhatsApp Reseller
CUST000736,Diya Desai,Missing,myra.ansari923@outlook.com,641063,Coimbatore,Tamil Nadu,2026-01-30,Instagram Ads
CUST000737,Manoj Malhotra,6125608320,priya.menon568@outlook.com,141087,Ludhiana,Punjab,2024-06-18,WhatsApp Reseller
CUST000738,Riya Reddy,8852386003,sneha.nair945@outlook.com,641073,Coimbatore,Tamil Nadu,2025-02-09,Organic Search
CUST000739,Ananya Reddy,6029295014,N/A,110025,New Delhi,Delhi,2025-02-11,Referral
CUST000740,Anil Chauhan,6221321767,N/A,226048,Lucknow,Uttar Pradesh,2024-02-29,WhatsApp Reseller
CUST000741,Ishaan Pillai,9339304936,aadhya.joshi14@yahoo.com,440085,Nagpur,Maharashtra,2024-11-01,Facebook Ads
CUST000742,Reyansh Gupta,7509522946,anil.reddy718@rediffmail.com,800044,Patna,Bihar,2025-08-05,Unknown
CUST000743,Aadhya Sheikh,7970137124,farhan.joshi335@rediffmail.com,834097,Ranchi,Jharkhand,2026-01-31,Instagram Ads
CUST000744,Sandeep Kumar,9159273874,sunil.shah63@outlook.com,110010,New Delhi,Delhi,2024-01-03,Organic Search
CUST000745,Ishaan Bhatt,8542034030,pankaj.mukherjee930@outlook.com,208072,Kanpur,Uttar Pradesh,2025-09-21,Organic Search
CUST000746,Arjun Mukherjee,8546234712,N/A,82307,Gaya,Bihar,2024-05-05,Referral
CUST000747,Jaspreet Naidu,9641726808,reyansh.naidu745@rediffmail.com,226018,Lucknow,Uttar Pradesh,2026-01-05,Instagram Ads
CUST000748,Sai Reddy,Check Number,neha.chauhan308@yahoo.com,422022,Nashik,Maharashtra,2024-10-15,WhatsApp Reseller
CUST000749,Farhan Joshi,9669470318,saanvi.ansari823@yahoo.com,600020,Chennai,Tamil Nadu,2025-07-30,Instagram Ads
CUST000750,Ramesh Rao,7270004666,imran.khan604@gmail.com,600014,Chennai,Tamil Nadu,2024-12-25,Instagram Ads
CUST000751,Jaspreet Khan,6949053152,pankaj.shah514@gmail.com,440038,Nagpur,Maharashtra,2026-01-12,Organic Search
CUST000752,Geeta Khan,9166984166,rohit.reddy497@rediffmail.com,751062,Bhubaneswar,Odisha,2024-08-09,Facebook Ads
CUST000753,Diya Reddy,8991970142,tanvi.kumar27@yahoo.com,842065,Muzaffarpur,Bihar,2024-11-11,Referral
CUST000754,Vihaan Rao,Missing,tanvi.khan266@gmail.com,122069,Gurugram,Haryana,2024-12-08,Instagram Ads
CUST000755,Amit Shah,9211708894,lakshmi.sharma835@gmail.com,682051,Kochi,Kerala,2024-02-14,Facebook Ads
CUST000756,Farhan Rathore,9857082004,suresh.chauhan328@outlook.com,160023,Chandigarh,Chandigarh,2024-10-27,Instagram Ads
CUST000757,Sai Menon,7879429688,harpreet.menon402@outlook.com,751006,Bhubaneswar,Odisha,2024-12-16,Unknown
CUST000758,Sai Naidu,9078327488,harpreet.banerjee363@gmail.com,160058,Chandigarh,Chandigarh,2025-05-13,Unknown
CUST000759,Diya Das,9496683496,N/A,834001,Ranchi,Jharkhand,2024-12-21,Facebook Ads
CUST000760,Anil Menon,7089348688,aditya.agarwal447@yahoo.com,302050,Jaipur,Rajasthan,2025-02-02,Organic Search
CUST000761,Arjun Yadav,6319359236,aadhya.chauhan737@outlook.com,751043,Bhubaneswar,Odisha,2024-06-22,Instagram Ads
CUST000762,Reyansh Banerjee,6254472419,mohammed.khan33@yahoo.com,462035,Bhopal,Madhya Pradesh,2024-08-27,Organic Search
CUST000763,Arjun Menon,6880678214,neha.yadav530@gmail.com,500041,Hyderabad,Telangana,2023-12-29,Organic Search
CUST000764,Ramesh Shah,7969874869,sai.chatterjee349@rediffmail.com,22108,Varanasi,Uttar Pradesh,2024-07-22,Referral
CUST000765,Sunita Mukherjee,6511716039,N/A,682040,Kochi,Kerala,2023-11-25,Facebook Ads
CUST000766,Anil Iyer,9700099424,anil.iyer184@gmail.com,121048,Faridabad,Haryana,2024-08-23,Unknown
CUST000767,Ramesh Yadav,Missing,ramesh.iyer166@gmail.com,462039,Bhopal,Madhya Pradesh,2024-05-14,Organic Search
CUST000768,Vivaan Desai,8338906235,ravi.agarwal391@yahoo.com,700023,Kolkata,West Bengal,2024-07-31,Referral
CUST000769,Shreya Chatterjee,Check Number,vikas.yadav988@outlook.com,121060,Faridabad,Haryana,2024-12-22,Organic Search
CUST000770,Sai Patel,8886008017,ravi.chauhan729@outlook.com,411016,Pune,Maharashtra,2025-10-18,Organic Search
CUST000771,Neha Mishra,7612120384,amit.agarwal491@rediffmail.com,400044,Mumbai,Maharashtra,2023-11-03,Referral
CUST000772,Farhan Rao,8824218385,N/A,625086,Madurai,Tamil Nadu,2024-07-14,Instagram Ads
CUST000773,Deepak Chatterjee,6123274897,pankaj.pillai836@gmail.com,800099,Patna,Bihar,2024-04-05,Instagram Ads
CUST000774,Riya Pillai,9217508019,myra.rao43@rediffmail.com,834081,Ranchi,Jharkhand,2024-04-16,Instagram Ads
CUST000775,Rohit Iyer,7400181677,lakshmi.agarwal69@outlook.com,360022,Rajkot,Gujarat,2024-09-04,Instagram Ads
CUST000776,Ramesh Verma,8179937810,isha.menon933@rediffmail.com,221076,Varanasi,Uttar Pradesh,2025-05-09,WhatsApp Reseller
CUST000777,Rekha Pillai,9988290457,ishaan.rao491@gmail.com,831057,Jamshedpur,Jharkhand,2025-05-16,Referral
CUST000778,Harpreet Shah,8242383972,N/A,122014,Gurugram,Haryana,2023-09-03,Referral
CUST000779,Ananya Agarwal,6983221010,N/A,570066,Mysuru,Karnataka,2023-10-19,Referral
CUST000780,Shreya Shah,9610814356,pooja.verma940@yahoo.com,411037,Pune,Maharashtra,2024-08-30,Referral
CUST000781,Amit Verma,7354695100,sandeep.sharma469@outlook.com,474000,Gwalior,Madhya Pradesh,2024-08-28,Unknown
CUST000782,Vikas Rao,9666411065,sai.sheikh93@yahoo.com,474000,Gwalior,Madhya Pradesh,2025-01-09,Organic Search
CUST000783,Anil Iyer,6583668348,N/A,753077,Cuttack,Odisha,2023-10-18,WhatsApp Reseller
CUST000784,Shreya Desai,9915059625,N/A,462076,Bhopal,Madhya Pradesh,2024-08-18,Unknown
CUST000785,Shreya Rathore,7604180952,deepak.mukherjee344@rediffmail.com,734015,Siliguri,West Bengal,2024-10-24,Referral
CUST000786,Ishaan Chauhan,6882419962,diya.patel145@outlook.com,831075, Jamshedpur ,Jharkhand,2023-12-29,Unknown
CUST000787,Ishaan Singh,8570568209,zoya.chauhan851@gmail.com,713002, Asansol ,West Bengal,2025-05-05,Unknown
CUST000788,Neha Verma,7472828954,N/A,700033,Kolkata,West Bengal,2024-12-09,Organic Search
CUST000789,Rekha Malhotra,6710580119,aarav.shah183@outlook.com,110013,New Delhi,Delhi,2024-12-30,Facebook Ads
CUST000790,Jaspreet Agarwal,9092300716,riya.sharma5@outlook.com,600089,Chennai,Tamil Nadu,2025-11-11,WhatsApp Reseller
CUST000791,Gurpreet Chatterjee,7987698936,sunil.iyer286@outlook.com,823052, Gaya ,Bihar,2024-07-06,WhatsApp Reseller
CUST000792,Saanvi Naidu,7104502589,riya.patel71@outlook.com,143027,Amritsar,Punjab,2024-10-04,Instagram Ads
CUST000793,Kavita Menon,7680648606,anil.joshi225@rediffmail.com,641069,Coimbatore,Tamil Nadu,2025-05-15,Instagram Ads
CUST000794,Shreya Bhatt,8507740657,N/A,208072,Kanpur,Uttar Pradesh,2025-01-06,Referral
CUST000795,Sandeep Chatterjee,6913111786,riya.sharma146@rediffmail.com,360090,Rajkot,Gujarat,2025-02-25,Unknown
CUST000796,Ananya Khan,7541201227,N/A,695053,Thiruvananthapuram,Kerala,2025-08-04,Referral
CUST000797,Imran Reddy,8947950740,geeta.singh784@outlook.com,842016,Muzaffarpur,Bihar,2025-10-11,Unknown
CUST000798,Zoya Khan,6006493403,anil.singh4@rediffmail.com,474004,Gwalior,Madhya Pradesh,2024-03-13,WhatsApp Reseller
CUST000799,Pooja Gupta,6359928553,N/A,695049,Thiruvananthapuram,Kerala,2023-12-16,WhatsApp Reseller
CUST000800,Vivaan Banerjee,6186774037,simran.ansari129@yahoo.com,400072,Mumbai,Maharashtra,2024-04-13,Instagram Ads
CUST000801,Aarav Banerjee,7550325017,ayesha.chatterjee262@yahoo.com,208023,Kanpur,Uttar Pradesh,2026-01-11,Facebook Ads
CUST000802,Shreya Patel,7334511009,suresh.rao694@gmail.com,474000,Gwalior,Madhya Pradesh,2025-12-01,Organic Search
CUST000803,Myra Sharma,9732904575,rajesh.joshi809@outlook.com,380072,Ahmedabad,Gujarat,2025-05-18,Organic Search
CUST000804,Ravi Verma,7027558214,N/A,823056,Gaya,Bihar,2025-08-14,Facebook Ads
CUST000805,Diya Reddy,6921581897,riya.mukherjee580@gmail.com,462098,Bhopal,Madhya Pradesh,2026-01-26,Instagram Ads
CUST000806,Manoj Gupta,9721688005,N/A,700048,Kolkata,West Bengal,2024-07-18,Organic Search
CUST000807,Lakshmi Iyer,6182272002,pankaj.das550@yahoo.com,342029,Jodhpur,Rajasthan,2023-11-02,Instagram Ads
CUST000808,Neha Chauhan,7811659930,N/A,122081,Gurugram,Haryana,2025-04-23,Facebook Ads
CUST000809,Ishaan Kumar,7135302816,N/A,208087, Kanpur ,Uttar Pradesh,2023-09-13,Facebook Ads
CUST000810,Deepak Mukherjee,7210291617,sunil.verma882@yahoo.com,641067,Coimbatore,Tamil Nadu,2024-10-22,Instagram Ads
CUST000811,Jaspreet Joshi,9622913167,vihaan.mukherjee416@rediffmail.com,201053,Ghaziabad,Uttar Pradesh,2023-09-23,Referral
CUST000812,Simran Banerjee,9550494440,ramesh.banerjee202@rediffmail.com,560024,Bengaluru,Karnataka,2025-06-07,Referral
CUST000813,Sunil Banerjee,9261142436,jaspreet.chatterjee964@rediffmail.com,823019,Gaya,Bihar,2024-04-10,Unknown
CUST000814,Jaspreet Chauhan,6962341996,saanvi.joshi347@yahoo.com,440092,Nagpur,Maharashtra,2024-08-04,Facebook Ads
CUST000815,Vihaan Mukherjee,8303115876,harpreet.iyer379@outlook.com,713049,Asansol,West Bengal,2024-03-21,Organic Search
CUST000816,Deepak Banerjee,8535365974,harpreet.shah796@outlook.com,700008,Kolkata,West Bengal,2023-11-09,Referral
CUST000817,Pooja Mukherjee,Missing,imran.malhotra859@rediffmail.com,342043,Jodhpur,Rajasthan,2025-02-15,Instagram Ads
CUST000818,Ayesha Banerjee,6307423591,N/A,713085,Asansol,West Bengal,2024-06-22,Facebook Ads
CUST000819,Ananya Yadav,8430796373,riya.agarwal19@gmail.com,201087,Ghaziabad,Uttar Pradesh,2023-11-13,Instagram Ads
CUST000820,Krishna Gupta,6845235426,lakshmi.naidu472@rediffmail.com,302087,Jaipur,Rajasthan,2025-09-09,Referral
CUST000821,Isha Patel,6865237772,N/A,50605,Warangal,Telangana,2025-07-18,Unknown
CUST000822,Rohit Rao,6558000272,arjun.das191@rediffmail.com,734024,Siliguri,West Bengal,2023-10-21,Unknown
CUST000823,Aadhya Menon,6720313695,N/A,160092,Chandigarh,Chandigarh,2023-12-07,Organic Search
CUST000824,Ishaan Pillai,7322273938,diya.sharma295@rediffmail.com,201088,Ghaziabad,Uttar Pradesh,2025-02-14,Instagram Ads
CUST000825,Kiara Yadav,6761087082,geeta.naidu983@gmail.com,208020,Kanpur,Uttar Pradesh,2025-09-22,Referral
CUST000826,Krishna Kumar,7882176484,sunita.reddy333@outlook.com,400016,Mumbai,Maharashtra,2024-09-16,Unknown
CUST000827,Ananya Malhotra,Missing,reyansh.menon623@rediffmail.com,143019,Amritsar,Punjab,2025-09-09,WhatsApp Reseller
CUST000828,Tanvi Ansari,8606295350,myra.rao919@outlook.com,143031,Amritsar,Punjab,2024-01-29,Organic Search
CUST000829,Geeta Iyer,8384185201,ayesha.patel411@gmail.com,682036,Kochi,Kerala,2023-11-12,Organic Search
CUST000830,Ayesha Gupta,9055491215,harpreet.iyer74@gmail.com,831086,Jamshedpur,Jharkhand,2025-01-23,WhatsApp Reseller
CUST000831,Rajesh Pillai,8787520702,N/A,831083, Jamshedpur ,Jharkhand,2025-10-31,Instagram Ads
CUST000832,Rajesh Nair,9789760987,ananya.yadav503@outlook.com,110077,New Delhi,Delhi,2025-07-10,Unknown
CUST000833,Amit Sharma,9865339431,shreya.menon392@rediffmail.com,560003,Bengaluru,Karnataka,2024-03-12,Unknown
CUST000834,Kiara Singh,8057644974,gurpreet.verma2@yahoo.com,700071,Kolkata,West Bengal,2025-07-30,Unknown
CUST000835,Ravi Das,8163656045,suresh.nair362@rediffmail.com,600060,Chennai,Tamil Nadu,2024-09-11,Instagram Ads
CUST000836,Pankaj Patel,6952963530,N/A,452044,Indore,Madhya Pradesh,2024-11-22,Organic Search
CUST000837,Ramesh Das,8898959654,ramesh.nair306@rediffmail.com,682037,Kochi,Kerala,2025-07-05,Referral
CUST000838,Krishna Banerjee,7934497439,N/A,823006,Gaya,Bihar,2024-05-16,WhatsApp Reseller
CUST000839,Aadhya Desai,8132109720,krishna.bhatt491@gmail.com,500038,Hyderabad,Telangana,2024-01-23,Instagram Ads
CUST000840,Suresh Mukherjee,7203004496,ayesha.malhotra66@yahoo.com,781028,Guwahati,Assam,2024-02-06,Unknown
CUST000841,Ishaan Menon,Check Number,manoj.yadav995@gmail.com,734078, Siliguri ,West Bengal,2025-10-15,Instagram Ads
CUST000842,Simran Chatterjee,6388503423,N/A,313031,Udaipur,Rajasthan,2025-05-12,Instagram Ads
CUST000843,Isha Singh,9868008529,N/A,580083,Hubli,Karnataka,2025-07-04,Organic Search
CUST000844,Deepak Iyer,8023850228,N/A,800096,Patna,Bihar,2025-11-28,Facebook Ads
CUST000845,Kavita Kumar,7025691330,kiara.reddy260@outlook.com,313008,Udaipur,Rajasthan,2025-09-18,Instagram Ads
CUST000846,Ramesh Kumar,8530245301,diya.malhotra237@rediffmail.com,400021,Mumbai,Maharashtra,2024-11-10,Facebook Ads
CUST000847,Rekha Das,6172224050,harpreet.yadav939@rediffmail.com,440069,Nagpur,Maharashtra,2025-09-24,Organic Search
CUST000848,Simran Chauhan,6992406583,vikas.kumar808@outlook.com,834043,Ranchi,Jharkhand,2024-04-21,Facebook Ads
CUST000849,Aditya Naidu,8668448237,saanvi.mishra588@gmail.com,842012,Muzaffarpur,Bihar,2024-05-29,Organic Search
CUST000850,Myra Sheikh,9901707403,farhan.singh602@rediffmail.com,380022,Ahmedabad,Gujarat,2025-12-21,Organic Search
CUST000851,Diya Kumar,8338722054,krishna.banerjee181@outlook.com,121087,Faridabad,Haryana,2025-08-09,Organic Search
CUST000852,Jaspreet Pillai,8447048878,N/A,31302,Udaipur,Rajasthan,2025-07-17,Unknown
CUST000853,Pankaj Menon,9749266329,suresh.nair275@yahoo.com,734063,Siliguri,West Bengal,2025-11-20,Instagram Ads
CUST000854,Vivaan Yadav,7920592294,N/A,452019,Indore,Madhya Pradesh,2025-08-28,Unknown
CUST000855,Kiara Yadav,9294206615,N/A,474026,Gwalior,Madhya Pradesh,2024-12-17,Referral
CUST000856,Rajesh Joshi,7112212154,krishna.sheikh382@yahoo.com,440069,Nagpur,Maharashtra,2025-04-28,Instagram Ads
CUST000857,Amit Desai,6644200629,geeta.mishra654@outlook.com,400040,Mumbai,Maharashtra,2025-10-18,Unknown
CUST000858,Ravi Pillai,9234219262,saanvi.patel18@rediffmail.com,570005,Mysuru,Karnataka,2025-04-19,Facebook Ads
CUST000859,Harpreet Chauhan,Check Number,neha.desai708@gmail.com,160065,Chandigarh,Chandigarh,2025-04-19,Facebook Ads
CUST000860,Suresh Sharma,6005328538,reyansh.sharma330@gmail.com,600022,Chennai,Tamil Nadu,2024-11-26,WhatsApp Reseller
CUST000861,Manoj Sheikh,7990076862,amit.yadav956@yahoo.com,400022,Mumbai,Maharashtra,2025-02-03,WhatsApp Reseller
CUST000862,Riya Naidu,9618518626,myra.yadav566@rediffmail.com,75301,Cuttack,Odisha,2025-01-03,Facebook Ads
CUST000863,Gurpreet Shah,7527918750,sunita.chauhan395@gmail.com,313054,Udaipur,Rajasthan,2025-06-15,Facebook Ads
CUST000864,Rekha Rathore,6927976178,farhan.desai430@yahoo.com,400038,Mumbai,Maharashtra,2024-04-22,Unknown
CUST000865,Harpreet Kumar,9862959125,sneha.shah520@yahoo.com,411028,Pune,Maharashtra,2024-01-30,Unknown
CUST000866,Vikas Pillai,6747296694,vikas.desai634@outlook.com,400071,Mumbai,Maharashtra,2023-12-12,Unknown
CUST000867,Manoj Mukherjee,8641839841,myra.das860@outlook.com,506080,Warangal,Telangana,2025-05-16,WhatsApp Reseller
CUST000868,Ayesha Das,Check Number,N/A,360017,Rajkot,Gujarat,2025-10-15,WhatsApp Reseller
CUST000869,Rekha Patel,6308898305,tanvi.rao554@yahoo.com,422094,Nashik,Maharashtra,2026-01-14,Referral
CUST000870,Suresh Bhatt,8000305661,N/A,462045,Bhopal,Madhya Pradesh,2025-02-11,Facebook Ads
CUST000871,Tanvi Bhatt,9908701872,N/A,641096,Coimbatore,Tamil Nadu,2024-07-27,Referral
CUST000872,Neha Malhotra,6674568652,N/A,422044,Nashik,Maharashtra,2025-06-10,Facebook Ads
CUST000873,Sandeep Patel,6533470474,ayesha.das555@rediffmail.com,842041,Muzaffarpur,Bihar,2024-11-23,Instagram Ads
CUST000874,Kiara Joshi,7455312900,ravi.kumar675@yahoo.com,302008,Jaipur,Rajasthan,2025-10-26,Unknown
CUST000875,Deepak Chauhan,7958558522,N/A,143040,Amritsar,Punjab,2024-04-24,Instagram Ads
CUST000876,Vikas Gupta,6549147744,amit.mukherjee654@yahoo.com,753018,Cuttack,Odisha,2025-11-07,Unknown
CUST000877,Deepak Singh,9344930537,vivaan.nair200@gmail.com,800053,Patna,Bihar,2025-10-10,Facebook Ads
CUST000878,Isha Rathore,9087882815,N/A,201071,Ghaziabad,Uttar Pradesh,2023-10-10,Instagram Ads
CUST000879,Vikas Sheikh,7537801891,riya.chauhan193@rediffmail.com,342048,Jodhpur,Rajasthan,2025-09-29,Unknown
CUST000880,Anil Naidu,8336299946,N/A,560075,Bengaluru,Karnataka,2025-08-19,Referral
CUST000881,Rekha Shah,6835211896,pooja.agarwal295@yahoo.com,160049,Chandigarh,Chandigarh,2025-12-14,Instagram Ads
CUST000882,Tanvi Shah,9285759582,N/A,753009,Cuttack,Odisha,2023-12-25,WhatsApp Reseller
CUST000883,Tanvi Bhatt,7488397170,amit.desai542@rediffmail.com,751033,Bhubaneswar,Odisha,2024-03-27,Facebook Ads
CUST000884,Amit Bhatt,6123038856,krishna.menon84@yahoo.com,600062,Chennai,Tamil Nadu,2024-09-11,WhatsApp Reseller
CUST000885,Vivaan Pillai,7177905528,ramesh.desai213@yahoo.com,400047,Mumbai,Maharashtra,2023-10-15,Unknown
CUST000886,Amit Sharma,6532601193,sai.sharma255@yahoo.com,380060,Ahmedabad,Gujarat,2024-07-30,Instagram Ads
CUST000887,Harpreet Yadav,6810450243,aadhya.banerjee72@rediffmail.com,160067,Chandigarh,Chandigarh,2025-05-28,Facebook Ads
CUST000888,Aadhya Sheikh,9933539005,N/A,641081,Coimbatore,Tamil Nadu,2025-11-13,Referral
CUST000889,Ayesha Rao,7551164369,ishaan.rao521@yahoo.com,834023,Ranchi,Jharkhand,2025-02-24,WhatsApp Reseller
CUST000890,Isha Banerjee,7428164416,reyansh.shah714@outlook.com,580041,Hubli,Karnataka,2023-12-10,Unknown
CUST000891,Priya Verma,6388027304,suresh.reddy433@yahoo.com,823065,Gaya,Bihar,2024-12-09,Unknown
CUST000892,Krishna Rathore,8309690676,amit.bhatt940@gmail.com,282022,Agra,Uttar Pradesh,2024-10-25,WhatsApp Reseller
CUST000893,Amit Iyer,8135872717,saanvi.sharma658@outlook.com,380071,Ahmedabad,Gujarat,2024-10-24,Instagram Ads
CUST000894,Sneha Reddy,6873877583,aadhya.banerjee291@outlook.com,440032,Nagpur,Maharashtra,2025-07-09,Referral
CUST000895,Farhan Reddy,Check Number,priya.gupta671@yahoo.com,753029,Cuttack,Odisha,2025-10-09,Unknown
CUST000896,Deepak Kumar,Check Number,N/A,734061,Siliguri,West Bengal,2024-10-28,Facebook Ads
CUST000897,Neha Joshi,Missing,N/A,143049,Amritsar,Punjab,2023-12-26,Organic Search
CUST000898,Diya Mukherjee,7240432611,pankaj.verma37@yahoo.com,226067,Lucknow,Uttar Pradesh,2025-07-29,Referral
CUST000899,Rohit Joshi,7020095366,arjun.desai370@yahoo.com,500069,Hyderabad,Telangana,2026-01-20,Instagram Ads
CUST000900,Reyansh Chauhan,6073971307,sai.singh210@outlook.com,411095,Pune,Maharashtra,2025-12-02,Organic Search
CUST000901,Diya Singh,8617192817,deepak.iyer314@yahoo.com,506018,Warangal,Telangana,2025-09-09,Facebook Ads
CUST000902,Rohit Gupta,Missing,imran.patel220@rediffmail.com,342018,Jodhpur,Rajasthan,2025-01-28,Unknown
CUST000903,Neha Das,9269032655,ishaan.chauhan419@gmail.com,411077,Pune,Maharashtra,2024-06-14,Unknown
CUST000904,Farhan Rao,8160211915,N/A,141055,Ludhiana,Punjab,2025-05-01,Instagram Ads
CUST000905,Rekha Agarwal,9862376008,sneha.mishra266@gmail.com,751029,Bhubaneswar,Odisha,2023-11-03,WhatsApp Reseller
CUST000906,Aditya Chauhan,Check Number,shreya.kumar854@yahoo.com,160029,Chandigarh,Chandigarh,2024-06-26,Instagram Ads
CUST000907,Lakshmi Patel,8462202123,geeta.ansari962@yahoo.com,641045,Coimbatore,Tamil Nadu,2025-12-23,Referral
CUST000908,Vivaan Joshi,8673919008,N/A,422015,Nashik,Maharashtra,2026-01-11,Organic Search
CUST000909,Jaspreet Khan,7798979060,harpreet.chatterjee308@gmail.com,452070,Indore,Madhya Pradesh,2023-12-23,Facebook Ads
CUST000910,Vivaan Malhotra,8336113711,sai.chatterjee95@rediffmail.com,440042,Nagpur,Maharashtra,2025-12-12,Facebook Ads
CUST000911,Shreya Iyer,6535346607,rajesh.shah612@rediffmail.com,411090,Pune,Maharashtra,2025-07-23,Facebook Ads
CUST000912,Vihaan Joshi,7818223879,N/A,422067,Nashik,Maharashtra,2025-10-27,Instagram Ads
CUST000913,Ishaan Mishra,7642357004,pankaj.singh791@yahoo.com,695042,Thiruvananthapuram,Kerala,2025-03-06,Unknown
CUST000914,Shreya Chatterjee,Missing,N/A,342004,Jodhpur,Rajasthan,2023-11-19,Organic Search
CUST000915,Vihaan Gupta,6012329615,vivaan.khan927@rediffmail.com,580091,Hubli,Karnataka,2026-01-08,Organic Search
CUST000916,Sandeep Agarwal,8460422763,N/A,842011,Muzaffarpur,Bihar,2025-06-17,Unknown
CUST000917,Sneha Chauhan,8861768225,jaspreet.ansari130@outlook.com,226023,Lucknow,Uttar Pradesh,2024-01-14,Organic Search
CUST000918,Ayesha Malhotra,9224197687,neha.naidu639@rediffmail.com,580010,Hubli,Karnataka,2024-02-12,Facebook Ads
CUST000919,Aditya Yadav,8897422354,sneha.verma315@outlook.com,713096,Asansol,West Bengal,2026-01-17,Facebook Ads
CUST000920,Shreya Yadav,8254920644,sai.menon127@gmail.com,122078,Gurugram,Haryana,2025-02-22,Referral
CUST000921,Deepak Nair,7594882188,suresh.joshi24@outlook.com,395099,Surat,Gujarat,2025-09-04,Facebook Ads
CUST000922,Zoya Das,7301604986,myra.chauhan146@gmail.com,122082,Gurugram,Haryana,2025-08-21,Facebook Ads
CUST000923,Simran Reddy,6114003471,amit.sheikh509@gmail.com,302059,Jaipur,Rajasthan,2025-11-30,Unknown
CUST000924,Amit Banerjee,8908419478,N/A,121056,Faridabad,Haryana,2024-04-27,Unknown
CUST000925,Sunita Malhotra,9807279037,suresh.singh437@gmail.com,160065,Chandigarh,Chandigarh,2026-01-09,Facebook Ads
CUST000926,Sunil Agarwal,9477183753,suresh.joshi885@gmail.com,313000,Udaipur,Rajasthan,2024-03-10,Unknown
CUST000927,Farhan Mishra,Check Number,krishna.banerjee600@gmail.com,462049,Bhopal,Madhya Pradesh,2025-01-22,Instagram Ads
CUST000928,Ravi Ansari,9516913952,vihaan.pillai119@outlook.com,625018,Madurai,Tamil Nadu,2025-05-12,Facebook Ads
CUST000929,Isha Rathore,7431983924,N/A,713038,Asansol,West Bengal,2025-12-16,Referral
CUST000930,Kiara Verma,9586463395,manoj.gupta96@gmail.com,400015,Mumbai,Maharashtra,2025-03-15,Organic Search
CUST000931,Rohit Chauhan,9157385512,arjun.agarwal460@outlook.com,221012,Varanasi,Uttar Pradesh,2023-12-07,Organic Search
CUST000932,Imran Mukherjee,6972360244,jaspreet.rao379@rediffmail.com,380059,Ahmedabad,Gujarat,2025-10-24,Referral
CUST000933,Vihaan Rao,9478370317,kiara.rathore17@yahoo.com,625037,Madurai,Tamil Nadu,2025-07-08,Instagram Ads
CUST000934,Diya Banerjee,9862728840,ramesh.iyer140@gmail.com,625048,Madurai,Tamil Nadu,2024-03-16,Facebook Ads
CUST000935,Harpreet Joshi,9259238687,suresh.agarwal688@gmail.com,700066,Kolkata,West Bengal,2025-07-03,WhatsApp Reseller
CUST000936,Diya Verma,7405089273,jaspreet.gupta980@rediffmail.com,682057,Kochi,Kerala,2025-06-07,Instagram Ads
CUST000937,Isha Pillai,9897755426,anil.sheikh884@gmail.com,313067,Udaipur,Rajasthan,2024-03-05,Facebook Ads
CUST000938,Ishaan Mishra,7227111757,N/A,570099,Mysuru,Karnataka,2023-12-27,Instagram Ads
CUST000939,Neha Rao,7052169039,diya.patel31@yahoo.com,160072,Chandigarh,Chandigarh,2025-04-12,Facebook Ads
CUST000940,Neha Chauhan,6177031637,aditya.agarwal351@gmail.com,682037,Kochi,Kerala,2024-12-21,Organic Search
CUST000941,Neha Banerjee,9294763808,rajesh.verma760@outlook.com,342041,Jodhpur,Rajasthan,2025-05-18,WhatsApp Reseller
CUST000942,Manoj Chatterjee,7272728129,ayesha.nair357@gmail.com,753098,Cuttack,Odisha,2023-10-18,Organic Search
CUST000943,Ravi Khan,7845397499,vikas.pillai1@outlook.com,580000,Hubli,Karnataka,2024-10-26,Organic Search
CUST000944,Aditya Joshi,7902215439,priya.joshi587@gmail.com,411022,Pune,Maharashtra,2025-08-12,Facebook Ads
CUST000945,Aarav Patel,8550193545,riya.agarwal35@yahoo.com,226074,Lucknow,Uttar Pradesh,2025-08-08,Instagram Ads
CUST000946,Aadhya Shah,7436296208,N/A,695034,Thiruvananthapuram,Kerala,2023-11-22,Organic Search
CUST000947,Sunil Banerjee,7012376317,N/A,700001,Kolkata,West Bengal,2023-12-25,Unknown
CUST000948,Aadhya Agarwal,6922671317,harpreet.banerjee132@outlook.com,122035,Gurugram,Haryana,2024-07-02,Unknown
CUST000949,Ayesha Singh,6961730099,jaspreet.agarwal546@rediffmail.com,570017,Mysuru,Karnataka,2025-05-20,Referral
CUST000950,Simran Nair,8143219143,vihaan.rathore872@outlook.com,110075,New Delhi,Delhi,2025-02-04,Instagram Ads
CUST000951,Priya Bhatt,7458192048,aditya.yadav505@outlook.com,695025,Thiruvananthapuram,Kerala,2024-01-04,WhatsApp Reseller
CUST000952,Ramesh Mukherjee,7578464085,farhan.pillai540@yahoo.com,474069,Gwalior,Madhya Pradesh,2024-07-10,Organic Search
CUST000953,Ravi Naidu,9292543551,N/A,50004,Hyderabad,Telangana,2025-09-16,Unknown
CUST000954,Ananya Menon,7863942012,myra.malhotra281@gmail.com,781073,Guwahati,Assam,2024-12-13,Unknown
CUST000955,Ananya Rao,Missing,suresh.banerjee1@rediffmail.com,580043,Hubli,Karnataka,2024-12-25,Facebook Ads
CUST000956,Sunita Rao,6019335389,N/A,342075,Jodhpur,Rajasthan,2025-11-25,Referral
CUST000957,Kavita Kumar,8646160762,N/A,580073,Hubli,Karnataka,2026-01-11,Instagram Ads
CUST000958,Vikas Rao,7133610944,ramesh.das141@yahoo.com,600049,Chennai,Tamil Nadu,2025-11-01,Referral
CUST000959,Diya Mishra,8760634942,aditya.rao285@outlook.com,313060,Udaipur,Rajasthan,2024-10-19,WhatsApp Reseller
CUST000960,Sai Rao,7242024837,N/A,641034,Coimbatore,Tamil Nadu,2026-01-12,WhatsApp Reseller
CUST000961,Priya Mishra,7548536268,N/A,560055,Bengaluru,Karnataka,2024-06-25,Referral
CUST000962,Imran Nair,8742164359,aditya.desai800@yahoo.com,400009,Mumbai,Maharashtra,2024-06-02,Organic Search
CUST000963,Suresh Pillai,8437066187,farhan.agarwal426@rediffmail.com,834059,Ranchi,Jharkhand,2024-04-22,Organic Search
CUST000964,Arjun Mukherjee,6858990027,N/A,462066,Bhopal,Madhya Pradesh,2023-10-27,Organic Search
CUST000965,Myra Mukherjee,6503374698,vivaan.banerjee495@outlook.com,411002,Pune,Maharashtra,2025-04-10,WhatsApp Reseller
CUST000966,Jaspreet Patel,9941908788,aadhya.rathore779@rediffmail.com,141005,Ludhiana,Punjab,2025-07-29,Organic Search
CUST000967,Riya Rao,9605504922,simran.mishra61@rediffmail.com,226071,Lucknow,Uttar Pradesh,2025-03-27,WhatsApp Reseller
CUST000968,Harpreet Mishra,6162907399,lakshmi.rao631@gmail.com,570072,Mysuru,Karnataka,2024-03-04,Referral
CUST000969,Suresh Sheikh,7371708649,N/A,462091,Bhopal,Madhya Pradesh,2025-08-28,Facebook Ads
CUST000970,Sandeep Nair,6145996706,N/A,122047,Gurugram,Haryana,2024-03-13,Instagram Ads
CUST000971,Lakshmi Pillai,7021781678,aarav.banerjee650@outlook.com,208034,Kanpur,Uttar Pradesh,2024-07-07,Unknown
CUST000972,Amit Menon,Missing,ayesha.khan872@rediffmail.com,395074,Surat,Gujarat,2024-06-18,WhatsApp Reseller
CUST000973,Aarav Reddy,6709264070,lakshmi.khan553@gmail.com,122008,Gurugram,Haryana,2025-03-02,Facebook Ads
CUST000974,Manoj Patel,Check Number,rajesh.patel657@outlook.com,751011,Bhubaneswar,Odisha,2024-12-04,WhatsApp Reseller
CUST000975,Harpreet Shah,6276620808,vivaan.nair640@gmail.com,682081,Kochi,Kerala,2025-10-09,Facebook Ads
CUST000976,Neha Iyer,7458701204,tanvi.kumar306@yahoo.com,682047,Kochi,Kerala,2025-05-07,Referral
CUST000977,Deepak Mukherjee,9603967024,N/A,143045,Amritsar,Punjab,2025-06-18,WhatsApp Reseller
CUST000978,Rekha Rao,8036488215,rajesh.mishra511@yahoo.com,122035,Gurugram,Haryana,2024-02-16,Facebook Ads
CUST000979,Ramesh Verma,Check Number,tanvi.agarwal179@yahoo.com,141032,Ludhiana,Punjab,2025-06-10,Facebook Ads
CUST000980,Pankaj Kumar,9996235699,sunil.ansari841@yahoo.com,580094,Hubli,Karnataka,2024-07-04,Facebook Ads
CUST000981,Amit Joshi,9887779256,N/A,226032,Lucknow,Uttar Pradesh,2025-03-10,Instagram Ads
CUST000982,Kavita Pillai,7600014407,rohit.rao632@gmail.com,313039,Udaipur,Rajasthan,2024-05-25,Instagram Ads
CUST000983,Aadhya Das,9528720998,mohammed.rao688@outlook.com,452095,Indore,Madhya Pradesh,2025-11-21,Instagram Ads
CUST000984,Pankaj Sheikh,Missing,N/A,400062,Mumbai,Maharashtra,2025-03-01,WhatsApp Reseller
CUST000985,Pankaj Banerjee,6568201753,aarav.mishra631@outlook.com,221067,Varanasi,Uttar Pradesh,2024-07-09,Facebook Ads
CUST000986,Isha Menon,8741253137,N/A,834063,Ranchi,Jharkhand,2024-01-13,Referral
CUST000987,Vihaan Nair,7025999193,N/A,506093,Warangal,Telangana,2025-02-08,Instagram Ads
CUST000988,Manoj Shah,9862351076,sandeep.menon623@gmail.com,641XX0,Coimbatore,Tamil Nadu,2025-04-14,Referral
CUST000989,Myra Ansari,8563409185,farhan.mukherjee558@gmail.com,500012,Hyderabad,Telangana,2024-02-21,Instagram Ads
CUST000990,Tanvi Mukherjee,6770040930,mohammed.agarwal320@gmail.com,753002,Cuttack,Odisha,2024-12-27,WhatsApp Reseller
CUST000991,Sai Naidu,9620385886,neha.khan996@gmail.com,143068,Amritsar,Punjab,2025-08-03,Facebook Ads
CUST000992,Imran Gupta,9933356230,sunil.mishra308@rediffmail.com,751064,Bhubaneswar,Odisha,2024-02-18,Organic Search
CUST000993,Harpreet Shah,6920199184,sai.gupta205@yahoo.com,440048,Nagpur,Maharashtra,2024-09-02,WhatsApp Reseller
CUST000994,Vihaan Chatterjee,6196047220,sunil.agarwal482@gmail.com,700034,Kolkata,West Bengal,2024-07-07,Unknown
CUST000995,Vihaan Bhatt,7317146199,myra.desai279@outlook.com,695062,Thiruvananthapuram,Kerala,2023-11-16,Organic Search
CUST000996,Mohammed Sheikh,6530261840,N/A,342049,Jodhpur,Rajasthan,2025-05-23,Organic Search
CUST000997,Ravi Banerjee,7816409891,aadhya.desai45@gmail.com,201007,Ghaziabad,Uttar Pradesh,2025-12-21,Facebook Ads
CUST000998,Vivaan Shah,Check Number,N/A,713059,Asansol,West Bengal,2025-09-16,Instagram Ads
CUST000999,Priya Naidu,6548944538,manoj.sharma646@gmail.com,831076,Jamshedpur,Jharkhand,2025-03-09,Facebook Ads
CUST001000,Pooja Menon,7295217970,suresh.banerjee13@yahoo.com,800052,Patna,Bihar,2023-09-26,Instagram Ads
CUST001001,Vivaan Mishra,9602351585,N/A,360029,Rajkot,Gujarat,2024-11-25,Organic Search
CUST001002,Reyansh Chatterjee,9905224413,N/A,506048,Warangal,Telangana,2023-10-27,Facebook Ads
CUST001003,Mohammed Sheikh,6571918986,jaspreet.malhotra308@outlook.com,121054,Faridabad,Haryana,2024-03-07,Facebook Ads
CUST001004,Gurpreet Shah,9680570237,harpreet.gupta556@rediffmail.com,313000,Udaipur,Rajasthan,2025-03-08,WhatsApp Reseller
CUST001005,Geeta Nair,9323964402,ishaan.chatterjee246@yahoo.com,713058,Asansol,West Bengal,2024-11-16,Facebook Ads
CUST001006,Vikas Chauhan,7385202320,priya.sheikh1@gmail.com,221024,Varanasi,Uttar Pradesh,2025-08-16,Instagram Ads
CUST001007,Aadhya Das,7907551545,ayesha.verma937@outlook.com,800072,Patna,Bihar,2025-09-13,WhatsApp Reseller
CUST001008,Vivaan Sharma,8332262277,aadhya.reddy962@gmail.com,208092,Kanpur,Uttar Pradesh,2025-09-27,Organic Search
CUST001009,Sunita Sharma,7850360595,lakshmi.naidu312@yahoo.com,823010,Gaya,Bihar,2024-01-16,Instagram Ads
CUST001010,Geeta Iyer,8826762590,ramesh.rao164@gmail.com,422031,Nashik,Maharashtra,2025-09-19,Unknown
CUST001011,Ravi Agarwal,9149745979,kavita.malhotra223@outlook.com,734069,Siliguri,West Bengal,2024-04-23,Referral
CUST001012,Gurpreet Rathore,8504932664,ishaan.pillai228@rediffmail.com,221012,Varanasi,Uttar Pradesh,2024-05-29,WhatsApp Reseller
CUST001013,Isha Gupta,8948534001,N/A,360024,Rajkot,Gujarat,2023-10-31,Instagram Ads
CUST001014,Diya Rao,8678718882,N/A,506084,Warangal,Telangana,2025-03-31,Organic Search
CUST001015,Ayesha Sheikh,8956479984,amit.ansari333@outlook.com,395079,Surat,Gujarat,2025-12-13,Facebook Ads
CUST001016,Myra Sharma,9236108092,N/A,682041,Kochi,Kerala,2024-07-27,Unknown
CUST001017,Neha Chatterjee,9555751247,aarav.sharma54@outlook.com,380043,Ahmedabad,Gujarat,2024-12-12,Facebook Ads
CUST001018,Vihaan Mukherjee,6224441899,N/A,800052,Patna,Bihar,2024-03-04,WhatsApp Reseller
CUST001019,Mohammed Rao,Missing,arjun.mishra21@yahoo.com,208005,Kanpur,Uttar Pradesh,2023-09-29,Facebook Ads
CUST001020,Isha Yadav,6898309413,anil.sharma598@outlook.com,226077,Lucknow,Uttar Pradesh,2024-08-26,Organic Search
CUST001021,Neha Chatterjee,6356948045,deepak.reddy363@outlook.com,141062,Ludhiana,Punjab,2023-09-25,WhatsApp Reseller
CUST001022,Shreya Khan,6598026029,rohit.khan893@gmail.com,842011,Muzaffarpur,Bihar,2024-09-09,Instagram Ads
CUST001023,Pankaj Rao,8203197774,deepak.mukherjee625@rediffmail.com,395014,Surat,Gujarat,2025-04-20,Instagram Ads
CUST001024,Harpreet Patel,7958684196,isha.menon226@yahoo.com,682054,Kochi,Kerala,2024-08-15,Unknown
CUST001025,Neha Patel,8831730662,aadhya.ansari990@gmail.com,753067,Cuttack,Odisha,2023-12-20,Organic Search
CUST001026,Rohit Das,8594698906,myra.kumar472@yahoo.com,360060,Rajkot,Gujarat,2024-09-07,Referral
CUST001027,Kiara Chauhan,Check Number,N/A,143056,Amritsar,Punjab,2025-08-10,WhatsApp Reseller
CUST001028,Rekha Joshi,Missing,vikas.pillai216@outlook.com,395045,Surat,Gujarat,2025-11-14,Referral
CUST001029,Sneha Mukherjee,9268384887,kavita.sharma882@yahoo.com,462087,Bhopal,Madhya Pradesh,2024-06-17,Unknown
CUST001030,Krishna Malhotra,6518812988,isha.naidu781@gmail.com,121017,Faridabad,Haryana,2025-08-01,Organic Search
CUST001031,Amit Bhatt,Missing,N/A,560099,Bengaluru,Karnataka,2024-01-31,WhatsApp Reseller
CUST001032,Kiara Iyer,9497035067,lakshmi.shah424@yahoo.com,751024,Bhubaneswar,Odisha,2025-06-10,Organic Search
CUST001033,Jaspreet Singh,7155505705,sai.rathore490@yahoo.com,641090,Coimbatore,Tamil Nadu,2025-06-05,Instagram Ads
CUST001034,Aadhya Singh,8701235036,vikas.singh333@outlook.com,380099,Ahmedabad,Gujarat,2024-07-31,Organic Search
CUST001035,Vikas Joshi,8456844679,vivaan.malhotra780@yahoo.com,641054,Coimbatore,Tamil Nadu,2024-05-10,Referral
CUST001036,Aadhya Kumar,9831597572,gurpreet.ansari151@outlook.com,110065,New Delhi,Delhi,2024-11-16,Facebook Ads
CUST001037,Rajesh Rao,8233241651,shreya.pillai261@yahoo.com,440049,Nagpur,Maharashtra,2025-09-15,Organic Search
CUST001038,Priya Banerjee,8841749161,imran.sharma972@yahoo.com,500009,Hyderabad,Telangana,2024-02-06,Unknown
CUST001039,Kiara Naidu,9609483774,ishaan.desai830@yahoo.com,800036,Patna,Bihar,2025-10-23,Referral
CUST001040,Shreya Mukherjee,9218366771,ayesha.yadav424@outlook.com,143000,Amritsar,Punjab,2024-11-24,Facebook Ads
CUST001041,Aditya Kumar,Check Number,manoj.nair913@outlook.com,282079,Agra,Uttar Pradesh,2025-08-07,Referral
CUST001042,Shreya Das,6923351746,ramesh.agarwal315@yahoo.com,842048,Muzaffarpur,Bihar,2025-09-01,Facebook Ads
CUST001043,Arjun Desai,9955922776,priya.naidu95@rediffmail.com,560003,Bengaluru,Karnataka,2025-06-23,Instagram Ads
CUST001044,Jaspreet Naidu,7444867228,kiara.desai1@rediffmail.com,400030,Mumbai,Maharashtra,2025-08-02,Organic Search
CUST001045,Zoya Ansari,7251149788,mohammed.reddy66@yahoo.com,695001,Thiruvananthapuram,Kerala,2025-11-08,Facebook Ads
CUST001046,Isha Yadav,6858001873,N/A,641008,Coimbatore,Tamil Nadu,2024-09-12,Organic Search
CUST001047,Reyansh Naidu,9109685642,deepak.rao55@outlook.com,302083,Jaipur,Rajasthan,2024-04-26,Unknown
CUST001048,Harpreet Gupta,7060023028,imran.khan708@rediffmail.com,313002,Udaipur,Rajasthan,2025-05-27,Facebook Ads
CUST001049,Reyansh Singh,9015145992,N/A,800094,Patna,Bihar,2024-01-05,Referral
CUST001050,Kiara Bhatt,7056201901,N/A,440073,Nagpur,Maharashtra,2025-03-11,Instagram Ads
CUST001051,Ayesha Singh,8564523428,sandeep.naidu306@outlook.com,342000,Jodhpur,Rajasthan,2024-08-21,Organic Search
CUST001052,Diya Pillai,7677349852,kiara.mukherjee415@gmail.com,313022,Udaipur,Rajasthan,2025-05-03,Instagram Ads
CUST001053,Arjun Iyer,7538096641,zoya.nair256@outlook.com,700089,Kolkata,West Bengal,2024-07-05,Instagram Ads
CUST001054,Harpreet Chatterjee,9298532436,anil.kumar305@gmail.com,570010,Mysuru,Karnataka,2024-11-14,Unknown
CUST001055,Jaspreet Khan,8346858639,reyansh.banerjee749@yahoo.com,580060,Hubli,Karnataka,2025-07-15,WhatsApp Reseller
CUST001056,Suresh Singh,6168371030,N/A,831088,Jamshedpur,Jharkhand,2025-11-14,Referral
CUST001057,Pankaj Yadav,Check Number,ravi.naidu202@rediffmail.com,282056,Agra,Uttar Pradesh,2024-08-01,Facebook Ads
CUST001058,Shreya Patel,8633917299,sneha.sharma221@outlook.com,474033,Gwalior,Madhya Pradesh,2023-10-04,Referral
CUST001059,Suresh Sheikh,9196706833,sunil.singh34@gmail.com,342013,Jodhpur,Rajasthan,2024-04-15,Referral
CUST001060,Sandeep Sheikh,6133344376,tanvi.naidu211@rediffmail.com,160012,Chandigarh,Chandigarh,2024-12-18,Unknown
CUST001061,Harpreet Verma,9930148116,pooja.desai671@gmail.com,221006,Varanasi,Uttar Pradesh,2025-11-03,Referral
CUST001062,Manoj Rao,6680199034,sandeep.reddy265@rediffmail.com,143033,Amritsar,Punjab,2024-08-08,Instagram Ads
CUST001063,Ramesh Verma,6791386015,reyansh.bhatt719@gmail.com,313014, Udaipur ,Rajasthan,2025-11-17,Unknown
CUST001064,Vivaan Kumar,6288141128,shreya.das325@yahoo.com,823089,Gaya,Bihar,2023-09-18,Organic Search
CUST001065,Lakshmi Mukherjee,9391381074,krishna.ansari389@gmail.com,500036,Hyderabad,Telangana,2023-09-16,Instagram Ads
CUST001066,Vihaan Gupta,8350696261,N/A,800041,Patna,Bihar,2023-08-18,Instagram Ads
CUST001067,Ishaan Khan,6798994885,sunil.das519@yahoo.com,110003,New Delhi,Delhi,2026-01-30,Unknown
CUST001068,Vikas Mukherjee,7558422717,ravi.kumar779@rediffmail.com,700003,Kolkata,West Bengal,2024-11-15,Referral
CUST001069,Sai Das,8130686240,lakshmi.mishra797@gmail.com,831000,Jamshedpur,Jharkhand,2025-12-20,Organic Search
CUST001070,Vihaan Ansari,9282076238,N/A,360018,Rajkot,Gujarat,2024-05-29,Facebook Ads
CUST001071,Rekha Iyer,7599940041,amit.joshi275@outlook.com,800014,Patna,Bihar,2026-01-19,Unknown
CUST001072,Farhan Ansari,7572289206,shreya.sheikh959@rediffmail.com,160071,Chandigarh,Chandigarh,2025-05-25,WhatsApp Reseller
CUST001073,Ishaan Malhotra,6419453419,amit.kumar806@gmail.com,201033,Ghaziabad,Uttar Pradesh,2026-01-03,Instagram Ads
CUST001074,Manoj Verma,7063578037,N/A,781084,Guwahati,Assam,2025-09-23,Instagram Ads
CUST001075,Harpreet Banerjee,Missing,imran.joshi331@rediffmail.com,201047,Ghaziabad,Uttar Pradesh,2023-10-14,WhatsApp Reseller
CUST001076,Rajesh Agarwal,9904528986,arjun.pillai50@outlook.com,282058,Agra,Uttar Pradesh,2025-07-25,Instagram Ads
CUST001077,Sai Banerjee,6368149802,N/A,641092,Coimbatore,Tamil Nadu,2025-12-19,WhatsApp Reseller
CUST001078,Neha Das,7508423242,lakshmi.sharma786@gmail.com,570058,Mysuru,Karnataka,2025-04-05,Instagram Ads
CUST001079,Ravi Shah,8906279602,zoya.mishra63@yahoo.com,700027, Kolkata ,West Bengal,2025-05-25,WhatsApp Reseller
CUST001080,Diya Malhotra,7863040296,simran.shah615@gmail.com,800012,Patna,Bihar,2025-01-30,Facebook Ads
CUST001081,Sneha Gupta,7153926693,aarav.banerjee227@yahoo.com,14109,Ludhiana,Punjab,2026-01-05,Facebook Ads
CUST001082,Sneha Joshi,6220619019,myra.reddy383@yahoo.com,380062,Ahmedabad,Gujarat,2025-12-17,Facebook Ads
CUST001083,Imran Yadav,9471855940,anil.shah832@yahoo.com,474036,Gwalior,Madhya Pradesh,2024-04-09,Facebook Ads
CUST001084,Ayesha Khan,6456474370,N/A,208078,Kanpur,Uttar Pradesh,2025-11-09,Organic Search
CUST001085,Gurpreet Yadav,9612092815,vihaan.yadav679@gmail.com,60007,Chennai,Tamil Nadu,2024-11-28,Unknown
CUST001086,Vikas Sharma,9353223718,rohit.gupta890@yahoo.com,462081,Bhopal,Madhya Pradesh,2024-03-07,Instagram Ads
CUST001087,Geeta Gupta,7000375398,simran.kumar895@yahoo.com,580009,Hubli,Karnataka,2025-06-21,WhatsApp Reseller
CUST001088,Lakshmi Bhatt,7784178376,arjun.agarwal350@yahoo.com,83101,Jamshedpur,Jharkhand,2024-05-01,Organic Search
CUST001089,Simran Yadav,9351272455,myra.chauhan973@rediffmail.com,734040,Siliguri,West Bengal,2025-08-18,Organic Search
CUST001090,Vikas Rathore,8510462506,rajesh.yadav335@outlook.com,221042, Varanasi ,Uttar Pradesh,2024-08-09,Facebook Ads
CUST001091,Suresh Sheikh,7509793442,rajesh.singh309@outlook.com,641084,Coimbatore,Tamil Nadu,2023-08-20,Instagram Ads
CUST001092,Manoj Bhatt,6457972518,N/A,506083,Warangal,Telangana,2024-10-17,Unknown
CUST001093,Myra Reddy,7094516767,saanvi.yadav646@yahoo.com,143066,Amritsar,Punjab,2023-12-02,Facebook Ads
CUST001094,Vihaan Agarwal,8842648333,N/A,411065,Pune,Maharashtra,2023-10-14,WhatsApp Reseller
CUST001095,Harpreet Pillai,9054946920,zoya.malhotra430@rediffmail.com,570006,Mysuru,Karnataka,2024-09-09,WhatsApp Reseller
CUST001096,Sai Malhotra,6011546175,kavita.sheikh708@gmail.com,713006,Asansol,West Bengal,2023-12-13,WhatsApp Reseller
CUST001097,Harpreet Pillai,8043156685,aadhya.rao339@yahoo.com,781083,Guwahati,Assam,2023-12-19,Organic Search
CUST001098,Mohammed Mukherjee,6168564717,N/A,823077,Gaya,Bihar,2024-10-20,Referral
CUST001099,Kavita Sheikh,Check Number,krishna.gupta583@outlook.com,570049,Mysuru,Karnataka,2024-05-22,WhatsApp Reseller
CUST001100,Saanvi Patel,6505835345,arjun.desai357@outlook.com,313090,Udaipur,Rajasthan,2024-03-24,Facebook Ads
CUST001101,Isha Desai,8266217758,riya.chatterjee553@rediffmail.com,201054,Ghaziabad,Uttar Pradesh,2024-06-19,Referral
CUST001102,Rohit Naidu,9276698345,N/A,313016,Udaipur,Rajasthan,2026-01-26,Organic Search
CUST001103,Aarav Naidu,6897207382,N/A,121097,Faridabad,Haryana,2025-06-02,Organic Search
CUST001104,Ayesha Reddy,Missing,sai.kumar75@gmail.com,834091,Ranchi,Jharkhand,2024-09-03,Organic Search
CUST001105,Vihaan Mukherjee,9719619971,gurpreet.shah445@rediffmail.com,226051,Lucknow,Uttar Pradesh,2024-03-09,WhatsApp Reseller
CUST001106,Riya Banerjee,Check Number,N/A,753058,Cuttack,Odisha,2024-01-23,Facebook Ads
CUST001107,Arjun Menon,9054736015,shreya.desai118@gmail.com,122042,Gurugram,Haryana,2024-06-18,Organic Search
CUST001108,Lakshmi Verma,7475978335,lakshmi.sheikh212@rediffmail.com,400011,Mumbai,Maharashtra,2026-01-01,WhatsApp Reseller
CUST001109,Priya Banerjee,9643203172,suresh.yadav374@yahoo.com,122018,Gurugram,Haryana,2023-10-18,WhatsApp Reseller
CUST001110,Geeta Ansari,7086014605,vivaan.joshi785@rediffmail.com,302018,Jaipur,Rajasthan,2024-01-26,Unknown
CUST001111,Isha Sheikh,8636930100,N/A,422056,Nashik,Maharashtra,2023-08-16,WhatsApp Reseller
CUST001112,Kavita Khan,8158929093,priya.sheikh226@outlook.com,440011,Nagpur,Maharashtra,2025-08-08,WhatsApp Reseller
CUST001113,Lakshmi Naidu,7681594747,N/A,83401,Ranchi,Jharkhand,2026-01-07,Unknown
CUST001114,Pankaj Yadav,9984218914,ramesh.shah239@outlook.com,201093,Ghaziabad,Uttar Pradesh,2026-01-24,Referral
CUST001115,Geeta Yadav,9762883636,N/A,570083,Mysuru,Karnataka,2023-10-24,Facebook Ads
CUST001116,Diya Desai,6937616522,isha.shah693@gmail.com,625074,Madurai,Tamil Nadu,2024-12-17,WhatsApp Reseller
CUST001117,Mohammed Chatterjee,7659764083,zoya.pillai545@gmail.com,121009,Faridabad,Haryana,2025-09-16,Referral
CUST001118,Sandeep Banerjee,7912956518,sai.khan117@rediffmail.com,641005,Coimbatore,Tamil Nadu,2025-10-13,Unknown
CUST001119,Priya Iyer,9875703029,krishna.singh749@yahoo.com,751001,Bhubaneswar,Odisha,2025-07-28,Organic Search
CUST001120,Rajesh Menon,8222336931,N/A,282063,Agra,Uttar Pradesh,2025-08-10,Facebook Ads
CUST001121,Gurpreet Yadav,8374057144,tanvi.shah377@outlook.com,560063,Bengaluru,Karnataka,2024-04-06,Organic Search
CUST001122,Isha Das,6466886583,neha.rathore204@rediffmail.com,226029,Lucknow,Uttar Pradesh,2025-01-27,WhatsApp Reseller
CUST001123,Ananya Bhatt,9648532077,sunita.sharma947@rediffmail.com,600098,Chennai,Tamil Nadu,2024-04-27,WhatsApp Reseller
CUST001124,Isha Iyer,9958050450,harpreet.verma611@yahoo.com,226051,Lucknow,Uttar Pradesh,2024-03-31,Referral
CUST001125,Neha Patel,7907737295,farhan.ansari644@gmail.com,62500,Madurai,Tamil Nadu,2025-07-15,Referral
CUST001126,Riya Kumar,8502814353,ishaan.malhotra476@rediffmail.com,734087,Siliguri,West Bengal,2025-12-24,Organic Search
CUST001127,Amit Chatterjee,6123590426,deepak.rao271@yahoo.com,753086,Cuttack,Odisha,2023-09-06,Instagram Ads
CUST001128,Vihaan Rathore,7855451460,shreya.gupta599@yahoo.com,160010,Chandigarh,Chandigarh,2024-02-24,Instagram Ads
CUST001129,Amit Ansari,Missing,N/A,734013,Siliguri,West Bengal,2025-03-18,Instagram Ads
CUST001130,Ishaan Bhatt,9264126084,lakshmi.naidu671@outlook.com,560001,Bengaluru,Karnataka,2025-10-27,WhatsApp Reseller
CUST001131,Sunil Rao,Missing,myra.malhotra634@rediffmail.com,208055,Kanpur,Uttar Pradesh,2025-11-08,Instagram Ads
CUST001132,Imran Pillai,7267312343,kavita.malhotra570@gmail.com,440044,Nagpur,Maharashtra,2024-02-03,Referral
CUST001133,Sunil Rao,Missing,riya.kumar567@yahoo.com,143030,Amritsar,Punjab,2025-01-19,Instagram Ads
CUST001134,Ayesha Mishra,8490443183,myra.yadav905@rediffmail.com,713010,Asansol,West Bengal,2024-11-06,Unknown
CUST001135,Sunita Singh,6629179265,vikas.reddy878@yahoo.com,474054,Gwalior,Madhya Pradesh,2024-09-24,Referral
CUST001136,Kiara Rao,7691573767,vivaan.mukherjee141@outlook.com,380056,Ahmedabad,Gujarat,2024-09-19,Unknown
CUST001137,Harpreet Gupta,8450020268,geeta.joshi628@gmail.com,753095,Cuttack,Odisha,2023-09-25,Facebook Ads
CUST001138,Lakshmi Banerjee,7040934675,arjun.joshi729@yahoo.com,751054,Bhubaneswar,Odisha,2025-03-15,WhatsApp Reseller
CUST001139,Vikas Patel,7346018422,myra.joshi674@yahoo.com,831030,Jamshedpur,Jharkhand,2025-09-19,Facebook Ads
CUST001140,Arjun Agarwal,Check Number,jaspreet.banerjee615@gmail.com,682065,Kochi,Kerala,2024-01-15,Organic Search
CUST001141,Aditya Verma,6070716348,N/A,500027,Hyderabad,Telangana,2025-07-28,Referral
CUST001142,Sai Shah,8697296556,sunil.patel465@outlook.com,474030,Gwalior,Madhya Pradesh,2023-12-23,Unknown
CUST001143,Lakshmi Yadav,7956126678,N/A,682012,Kochi,Kerala,2024-09-06,Organic Search
CUST001144,Aditya Patel,8614466276,N/A,800058,Patna,Bihar,2023-10-13,Unknown
CUST001145,Diya Das,9863647046,rekha.desai397@outlook.com,121027,Faridabad,Haryana,2025-01-14,Referral
CUST001146,Rekha Nair,7631592291,ananya.chauhan958@gmail.com,411076,Pune,Maharashtra,2025-04-23,Organic Search
CUST001147,Anil Singh,7471830181,anil.menon969@outlook.com,682061,Kochi,Kerala,2025-09-06,Unknown
CUST001148,Priya Rao,9990522171,rekha.bhatt420@rediffmail.com,395045, Surat ,Gujarat,2024-04-01,Referral
CUST001149,Arjun Chauhan,Check Number,zoya.rao361@outlook.com,400095,Mumbai,Maharashtra,2024-11-15,WhatsApp Reseller
CUST001150,Suresh Reddy,6193899906,ananya.sheikh49@gmail.com,823082,Gaya,Bihar,2024-05-19,Organic Search
CUST001151,Riya Sheikh,7613179854,amit.bhatt47@rediffmail.com,734007,Siliguri,West Bengal,2025-07-23,Instagram Ads
CUST001152,Kavita Menon,9399812743,rohit.kumar933@rediffmail.com,800043,Patna,Bihar,2025-01-17,WhatsApp Reseller
CUST001153,Diya Chatterjee,8762123601,ravi.nair586@rediffmail.com,695012,Thiruvananthapuram,Kerala,2024-01-06,Instagram Ads
CUST001154,Reyansh Chatterjee,7079685909,N/A,842035,Muzaffarpur,Bihar,2025-06-07,WhatsApp Reseller
CUST001155,Reyansh Mishra,Check Number,sunita.reddy957@outlook.com,342061, Jodhpur ,Rajasthan,2024-02-13,Instagram Ads
CUST001156,Diya Das,8198306323,sneha.agarwal15@gmail.com,400012,Mumbai,Maharashtra,2024-02-09,Facebook Ads
CUST001157,Manoj Bhatt,6243509476,sai.singh685@outlook.com,800043,Patna,Bihar,2023-12-15,WhatsApp Reseller
CUST001158,Sneha Chauhan,6370542451,pankaj.verma521@yahoo.com,800009,Patna,Bihar,2025-10-19,Referral
CUST001159,Mohammed Banerjee,7023766696,sandeep.patel584@rediffmail.com,834068,Ranchi,Jharkhand,2025-07-12,Referral
CUST001160,Rekha Naidu,6934242406,diya.rathore763@yahoo.com,781024,Guwahati,Assam,2023-10-13,WhatsApp Reseller
CUST001161,Myra Iyer,9694086542,harpreet.joshi181@outlook.com,751017,Bhubaneswar,Odisha,2025-06-11,Instagram Ads
CUST001162,Vivaan Desai,8947039696,aadhya.chatterjee616@gmail.com,226060,Lucknow,Uttar Pradesh,2025-02-18,WhatsApp Reseller
CUST001163,Aditya Menon,8288734496,kavita.yadav441@outlook.com,313078,Udaipur,Rajasthan,2026-01-28,Unknown
CUST001164,Simran Bhatt,Missing,ramesh.desai53@gmail.com,121079,Faridabad,Haryana,2024-10-21,WhatsApp Reseller
CUST001165,Gurpreet Malhotra,9756650518,ramesh.sharma703@gmail.com,221084,Varanasi,Uttar Pradesh,2023-11-09,Unknown
CUST001166,Pooja Sheikh,9985045056,gurpreet.desai810@yahoo.com,342039,Jodhpur,Rajasthan,2025-07-07,Facebook Ads
CUST001167,Arjun Chauhan,7571402503,gurpreet.chauhan439@yahoo.com,462038,Bhopal,Madhya Pradesh,2024-11-13,Organic Search
CUST001168,Isha Das,9806358530,sai.sharma789@gmail.com,201018,Ghaziabad,Uttar Pradesh,2024-08-21,Instagram Ads
CUST001169,Pankaj Khan,8277586703,suresh.kumar53@yahoo.com,122027,Gurugram,Haryana,2023-10-30,Unknown
CUST001170,Ravi Rathore,7318123357,sai.chauhan732@gmail.com,751028,Bhubaneswar,Odisha,2025-05-13,Instagram Ads
CUST001171,Deepak Agarwal,7636785089,manoj.malhotra908@outlook.com,734033,Siliguri,West Bengal,2024-10-17,WhatsApp Reseller
CUST001172,Pooja Khan,8295377403,deepak.yadav571@outlook.com,282033,Agra,Uttar Pradesh,2024-03-03,Organic Search
CUST001173,Sneha Shah,6157330990,isha.sheikh48@rediffmail.com,734052,Siliguri,West Bengal,2025-11-11,Facebook Ads
CUST001174,Pooja Pillai,Check Number,shreya.ansari938@gmail.com,201004,Ghaziabad,Uttar Pradesh,2024-01-01,Referral
CUST001175,Jaspreet Nair,8611998996,sai.gupta561@gmail.com,110040,New Delhi,Delhi,2025-12-02,Instagram Ads
CUST001176,Arjun Das,9186870479,tanvi.khan880@outlook.com,570018,Mysuru,Karnataka,2024-11-22,Instagram Ads
CUST001177,Sunil Desai,6423302927,pooja.bhatt18@rediffmail.com,570061,Mysuru,Karnataka,2025-02-15,Facebook Ads
CUST001178,Priya Verma,6866047473,anil.rao93@rediffmail.com,143094,Amritsar,Punjab,2025-11-25,Instagram Ads
CUST001179,Ishaan Sharma,6238735186,N/A,823026, Gaya ,Bihar,2023-10-08,Facebook Ads
CUST001180,Zoya Reddy,8815398852,geeta.joshi617@rediffmail.com,734079,Siliguri,West Bengal,2024-08-24,Unknown
CUST001181,Arjun Malhotra,8581675923,reyansh.desai226@rediffmail.com,682073,Kochi,Kerala,2023-11-12,Unknown
CUST001182,Rekha Gupta,7429242195,jaspreet.rao248@gmail.com,422094,Nashik,Maharashtra,2025-07-16,Instagram Ads
CUST001183,Saanvi Das,6331555301,aditya.reddy61@rediffmail.com,143057, Amritsar ,Punjab,2024-10-06,WhatsApp Reseller
CUST001184,Pankaj Joshi,8766345418,N/A,580078,Hubli,Karnataka,2025-01-28,Facebook Ads
CUST001185,Sneha Ansari,6061669100,N/A,422032,Nashik,Maharashtra,2024-12-02,WhatsApp Reseller
CUST001186,Lakshmi Malhotra,9562699620,shreya.iyer509@gmail.com,143001,Amritsar,Punjab,2024-12-01,Unknown
CUST001187,Farhan Chauhan,6322007485,jaspreet.kumar261@yahoo.com,781015,Guwahati,Assam,2024-04-24,Instagram Ads
CUST001188,Aditya Chatterjee,6286060480,diya.iyer14@outlook.com,342038,Jodhpur,Rajasthan,2024-01-29,Unknown
CUST001189,Aditya Sheikh,6898566430,ayesha.chatterjee643@rediffmail.com,751017,Bhubaneswar,Odisha,2025-02-17,WhatsApp Reseller
CUST001190,Harpreet Agarwal,7136062290,reyansh.naidu745@yahoo.com,380001,Ahmedabad,Gujarat,2024-11-05,Instagram Ads
CUST001191,Vikas Agarwal,6380351489,amit.chatterjee748@yahoo.com,831091,Jamshedpur,Jharkhand,2023-12-23,Unknown
CUST001192,Deepak Naidu,Missing,N/A,160030,Chandigarh,Chandigarh,2025-05-12,Organic Search
CUST001193,Shreya Verma,7267084886,kavita.pillai789@outlook.com,500042,Hyderabad,Telangana,2025-06-26,Facebook Ads
CUST001194,Tanvi Ansari,7828018323,aditya.yadav920@rediffmail.com,713093,Asansol,West Bengal,2023-12-02,Organic Search
CUST001195,Geeta Rathore,7744959752,farhan.khan206@gmail.com,580041,Hubli,Karnataka,2024-04-18,Instagram Ads
CUST001196,Ananya Malhotra,8874114862,mohammed.menon124@gmail.com,751079,Bhubaneswar,Odisha,2024-04-29,Instagram Ads
CUST001197,Farhan Naidu,9419678963,aarav.malhotra829@gmail.com,753026,Cuttack,Odisha,2024-12-12,Referral
CUST001198,Saanvi Rao,9224228483,tanvi.shah172@outlook.com,160070,Chandigarh,Chandigarh,2024-12-23,Unknown
CUST001199,Sai Naidu,6403348015,vikas.pillai248@rediffmail.com,695067,Thiruvananthapuram,Kerala,2025-12-13,Referral
CUST001200,Priya Iyer,Missing,N/A,734055,Siliguri,West Bengal,2025-03-04,Organic Search
CUST001201,Ishaan Chauhan,9499119285,jaspreet.khan948@yahoo.com,781046,Guwahati,Assam,2024-02-15,Instagram Ads
CUST001202,Isha Rao,6775582126,priya.reddy966@rediffmail.com,842082,Muzaffarpur,Bihar,2024-01-24,Referral
CUST001203,Pankaj Menon,8199198177,arjun.kumar587@rediffmail.com,641039,Coimbatore,Tamil Nadu,2024-07-07,Unknown
CUST001204,Neha Shah,7859747765,mohammed.desai920@gmail.com,121046,Faridabad,Haryana,2024-11-19,Unknown
CUST001205,Sneha Nair,9715692209,pankaj.bhatt920@gmail.com,226088,Lucknow,Uttar Pradesh,2024-04-19,Facebook Ads
CUST001206,Deepak Mishra,Missing,krishna.chatterjee659@rediffmail.com,713029,Asansol,West Bengal,2024-06-04,Facebook Ads
CUST001207,Tanvi Iyer,7557856413,isha.pillai650@outlook.com,831050,Jamshedpur,Jharkhand,2025-11-20,Organic Search
CUST001208,Tanvi Chatterjee,8580957947,lakshmi.singh670@outlook.com,226019,Lucknow,Uttar Pradesh,2024-05-08,Unknown
CUST001209,Sandeep Reddy,Check Number,vikas.khan734@gmail.com,781063,Guwahati,Assam,2025-10-04,Facebook Ads
CUST001210,Manoj Mukherjee,6837456017,N/A,800058,Patna,Bihar,2025-09-27,Referral
CUST001211,Jaspreet Verma,8907869285,N/A,121046,Faridabad,Haryana,2024-11-10,WhatsApp Reseller
CUST001212,Vikas Banerjee,7673558960,deepak.kumar137@yahoo.com,474010,Gwalior,Madhya Pradesh,2024-11-24,Referral
CUST001213,Aarav Gupta,8274936635,sandeep.pillai582@outlook.com,313008,Udaipur,Rajasthan,2024-05-16,Facebook Ads
CUST001214,Tanvi Verma,Check Number,imran.patel972@outlook.com,831093,Jamshedpur,Jharkhand,2026-01-21,Unknown
CUST001215,Lakshmi Bhatt,6122321425,ayesha.gupta946@gmail.com,110082,New Delhi,Delhi,2025-09-10,Instagram Ads
CUST001216,Sneha Banerjee,9446532554,arjun.singh534@gmail.com,753088,Cuttack,Odisha,2023-08-31,Instagram Ads
CUST001217,Ayesha Malhotra,6520388193,harpreet.yadav526@rediffmail.com,122068,Gurugram,Haryana,2025-06-28,Referral
CUST001218,Tanvi Kumar,7335401127,N/A,221065,Varanasi,Uttar Pradesh,2025-01-06,Organic Search
CUST001219,Harpreet Desai,9183762950,isha.chauhan706@gmail.com,500023,Hyderabad,Telangana,2025-12-16,Instagram Ads
CUST001220,Kavita Banerjee,6869303264,ravi.iyer630@outlook.com,360013,Rajkot,Gujarat,2024-08-14,Unknown
CUST001221,Riya Sharma,6970342519,vihaan.singh566@gmail.com,208047,Kanpur,Uttar Pradesh,2024-05-19,Facebook Ads
CUST001222,Deepak Sharma,8319362526,ishaan.patel116@outlook.com,474096,Gwalior,Madhya Pradesh,2024-12-28,WhatsApp Reseller
CUST001223,Sunil Nair,8391065735,sunita.das347@rediffmail.com,400027,Mumbai,Maharashtra,2025-09-10,Referral
CUST001224,Sai Das,7319558979,N/A,302063,Jaipur,Rajasthan,2024-01-11,Facebook Ads
CUST001225,Suresh Rathore,Missing,rajesh.das76@yahoo.com,440089,Nagpur,Maharashtra,2025-02-13,Instagram Ads
CUST001226,Kiara Menon,8337684187,ravi.mishra476@outlook.com,360001,Rajkot,Gujarat,2023-10-27,Unknown
CUST001227,Gurpreet Mishra,7173033249,jaspreet.rao740@outlook.com,474096,Gwalior,Madhya Pradesh,2023-11-06,Instagram Ads
CUST001228,Aarav Das,6947318156,imran.bhatt297@yahoo.com,160058,Chandigarh,Chandigarh,2023-11-26,WhatsApp Reseller
CUST001229,Sunita Yadav,6797647545,N/A,823049,Gaya,Bihar,2023-11-02,Instagram Ads
CUST001230,Vivaan Menon,9856066992,N/A,282066,Agra,Uttar Pradesh,2024-03-07,Organic Search
CUST001231,Sandeep Bhatt,9795703996,kiara.chauhan480@yahoo.com,440097, Nagpur ,Maharashtra,2024-05-03,Organic Search
CUST001232,Krishna Kumar,7068243233,N/A,201075,Ghaziabad,Uttar Pradesh,2025-01-31,Referral
CUST001233,Gurpreet Agarwal,8306952357,ravi.chatterjee798@yahoo.com,570011,Mysuru,Karnataka,2023-10-22,Unknown
CUST001234,Ayesha Bhatt,8487531198,priya.patel371@rediffmail.com,422018,Nashik,Maharashtra,2025-12-30,Organic Search
CUST001235,Zoya Chatterjee,9887860203,ishaan.patel126@yahoo.com,823061,Gaya,Bihar,2025-09-19,Instagram Ads
CUST001236,Suresh Malhotra,7879872873,simran.gupta258@yahoo.com,462072,Bhopal,Madhya Pradesh,2024-12-18,Referral
CUST001237,Rajesh Banerjee,6332888070,sai.sheikh43@yahoo.com,500039,Hyderabad,Telangana,2024-03-21,Unknown
CUST001238,Gurpreet Khan,9545416487,N/A,302034,Jaipur,Rajasthan,2024-01-15,Unknown
CUST001239,Reyansh Mukherjee,8420360785,N/A,411073,Pune,Maharashtra,2023-11-26,Facebook Ads
CUST001240,Manoj Reddy,6601457923,geeta.gupta275@rediffmail.com,201012,Ghaziabad,Uttar Pradesh,2024-02-27,Instagram Ads
CUST001241,Reyansh Desai,9209251920,N/A,440029,Nagpur,Maharashtra,2024-01-24,Referral
CUST001242,Isha Bhatt,7915855116,sunil.khan455@gmail.com,282021,Agra,Uttar Pradesh,2024-06-22,Instagram Ads
CUST001243,Simran Bhatt,7487396262,sai.rathore948@yahoo.com,625022,Madurai,Tamil Nadu,2025-03-29,Unknown
CUST001244,Amit Malhotra,9724434354,deepak.rathore508@yahoo.com,641048,Coimbatore,Tamil Nadu,2025-06-05,Instagram Ads
CUST001245,Riya Khan,6348042479,vihaan.khan32@gmail.com,208001,Kanpur,Uttar Pradesh,2024-08-20,Organic Search
CUST001246,Suresh Kumar,7254920369,sunil.menon87@rediffmail.com,208080,Kanpur,Uttar Pradesh,2024-09-30,Instagram Ads
CUST001247,Myra Singh,9226414756,aarav.agarwal12@gmail.com,143016,Amritsar,Punjab,2024-10-12,Instagram Ads
CUST001248,Jaspreet Iyer,7983596677,sai.mukherjee256@gmail.com,753021,Cuttack,Odisha,2024-08-10,Instagram Ads
CUST001249,Sandeep Nair,Missing,harpreet.reddy147@gmail.com,625090,Madurai,Tamil Nadu,2024-01-17,Organic Search
CUST001250,Isha Das,9355404231,geeta.shah148@gmail.com,110056,New Delhi,Delhi,2023-08-31,WhatsApp Reseller
CUST001251,Saanvi Das,9904539252,manoj.sheikh228@rediffmail.com,208031,Kanpur,Uttar Pradesh,2024-05-06,Facebook Ads
CUST001252,Sunita Nair,7023641224,N/A,201058,Ghaziabad,Uttar Pradesh,2026-01-12,Referral
CUST001253,Ravi Verma,6715558709,neha.khan716@gmail.com,842019,Muzaffarpur,Bihar,2025-11-19,Instagram Ads
CUST001254,Sneha Gupta,8125380781,myra.rao751@rediffmail.com,700044,Kolkata,West Bengal,2024-12-26,Instagram Ads
CUST001255,Amit Gupta,6575571663,lakshmi.khan666@yahoo.com,753052,Cuttack,Odisha,2025-05-17,Referral
CUST001256,Arjun Ansari,8635200761,pooja.kumar57@rediffmail.com,580084,Hubli,Karnataka,2025-09-17,Unknown
CUST001257,Vikas Mishra,7608090101,amit.menon428@gmail.com,580093,Hubli,Karnataka,2024-06-02,WhatsApp Reseller
CUST001258,Rekha Shah,9163881687,harpreet.mukherjee91@rediffmail.com,46207,Bhopal,Madhya Pradesh,2025-10-24,Organic Search
CUST001259,Amit Patel,6072720814,shreya.reddy470@yahoo.com,462036,Bhopal,Madhya Pradesh,2024-08-01,Referral
CUST001260,Vihaan Menon,8145498367,priya.banerjee493@rediffmail.com,360055,Rajkot,Gujarat,2025-06-19,Organic Search
CUST001261,Manoj Chatterjee,6645605956,sneha.nair949@gmail.com,713080,Asansol,West Bengal,2025-11-23,Referral
CUST001262,Farhan Rathore,8337773031,simran.joshi493@gmail.com,440020,Nagpur,Maharashtra,2025-09-17,Unknown
CUST001263,Reyansh Kumar,Check Number,harpreet.verma682@yahoo.com,143063,Amritsar,Punjab,2026-01-20,WhatsApp Reseller
CUST001264,Sneha Banerjee,8383000914,ananya.shah315@yahoo.com,500062,Hyderabad,Telangana,2025-09-16,Organic Search
CUST001265,Isha Yadav,9289735189,ananya.kumar345@yahoo.com,452041,Indore,Madhya Pradesh,2024-07-02,Referral
CUST001266,Pooja Verma,9125158904,kavita.bhatt645@yahoo.com,141064,Ludhiana,Punjab,2025-06-17,Organic Search
CUST001267,Rekha Naidu,9884479098,N/A,440050,Nagpur,Maharashtra,2024-02-06,Instagram Ads
CUST001268,Aarav Kumar,7488631373,sneha.mukherjee43@yahoo.com,823014,Gaya,Bihar,2025-08-26,Organic Search
CUST001269,Krishna Malhotra,9061047189,krishna.rao105@yahoo.com,781048,Guwahati,Assam,2024-06-10,Instagram Ads
CUST001270,Manoj Joshi,6034141318,N/A,506043,Warangal,Telangana,2024-12-09,Facebook Ads
CUST001271,Krishna Mishra,8470856094,ayesha.mishra103@rediffmail.com,842064,Muzaffarpur,Bihar,2024-04-21,Facebook Ads
CUST001272,Farhan Menon,9227579407,vivaan.nair220@outlook.com,121079,Faridabad,Haryana,2025-05-09,Organic Search
CUST001273,Kiara Nair,9941264106,ananya.yadav778@outlook.com,400008,Mumbai,Maharashtra,2024-05-24,Organic Search
CUST001274,Sai Ansari,9546125360,pooja.sharma63@rediffmail.com,570066,Mysuru,Karnataka,2025-05-30,Organic Search
CUST001275,Anil Rao,8817036100,deepak.naidu480@gmail.com,781056,Guwahati,Assam,2024-04-21,Unknown
CUST001276,Rajesh Malhotra,7078111719,ramesh.rao54@gmail.com,500003,Hyderabad,Telangana,2025-03-18,Instagram Ads
CUST001277,Anil Yadav,Check Number,sunita.menon697@gmail.com,700093,Kolkata,West Bengal,2023-09-16,Referral
CUST001278,Simran Naidu,Check Number,aadhya.desai890@rediffmail.com,823088,Gaya,Bihar,2024-05-10,Unknown
CUST001279,Jaspreet Naidu,9539276871,sai.malhotra982@yahoo.com,143025,Amritsar,Punjab,2025-07-16,WhatsApp Reseller
CUST001280,Aditya Yadav,9357921162,ravi.sheikh831@yahoo.com,560047,Bengaluru,Karnataka,2024-11-08,Facebook Ads
CUST001281,Simran Shah,8557039342,reyansh.pillai554@outlook.com,474095,Gwalior,Madhya Pradesh,2024-08-03,Facebook Ads
CUST001282,Isha Verma,7600011015,N/A,751033,Bhubaneswar,Odisha,2023-10-02,WhatsApp Reseller
CUST001283,Sai Kumar,6088238469,amit.ansari704@outlook.com,781025,Guwahati,Assam,2024-08-24,Instagram Ads
CUST001284,Kavita Singh,Check Number,sandeep.rathore561@yahoo.com,831002,Jamshedpur,Jharkhand,2025-05-09,Unknown
CUST001285,Pooja Singh,7023641693,saanvi.chatterjee935@gmail.com,570059,Mysuru,Karnataka,2023-10-14,WhatsApp Reseller
CUST001286,Gurpreet Desai,8282671269,anil.iyer620@rediffmail.com,831021,Jamshedpur,Jharkhand,2025-11-24,Organic Search
CUST001287,Sneha Ansari,7686811143,ramesh.iyer25@gmail.com,221063,Varanasi,Uttar Pradesh,2025-05-13,Unknown
CUST001288,Riya Ansari,Missing,shreya.malhotra398@yahoo.com,734067,Siliguri,West Bengal,2024-06-03,Instagram Ads
CUST001289,Simran Kumar,7721626603,mohammed.rathore305@gmail.com,452000,Indore,Madhya Pradesh,2025-10-24,WhatsApp Reseller
CUST001290,Geeta Mishra,7957955192,N/A,474061,Gwalior,Madhya Pradesh,2024-06-30,Referral
CUST001291,Kavita Yadav,9611258423,aarav.joshi44@rediffmail.com,226XX1,Lucknow,Uttar Pradesh,2024-02-05,Facebook Ads
CUST001292,Shreya Joshi,7107883127,ramesh.mukherjee781@rediffmail.com,781019,Guwahati,Assam,2025-05-19,Referral
CUST001293,Vivaan Joshi,6627963651,harpreet.pillai336@rediffmail.com,753087,Cuttack,Odisha,2024-10-30,Referral
CUST001294,Pankaj Das,Check Number,N/A,380095,Ahmedabad,Gujarat,2025-10-07,Facebook Ads
CUST001295,Riya Kumar,7753916928,sunil.singh893@outlook.com,831028,Jamshedpur,Jharkhand,2025-04-29,WhatsApp Reseller
CUST001296,Manoj Chauhan,7304544106,N/A,560087,Bengaluru,Karnataka,2023-09-29,Instagram Ads
CUST001297,Reyansh Chatterjee,9429628092,krishna.mukherjee7@rediffmail.com,462083,Bhopal,Madhya Pradesh,2026-01-04,WhatsApp Reseller
CUST001298,Harpreet Pillai,7552322805,manoj.reddy467@outlook.com,580030,Hubli,Karnataka,2025-10-23,Unknown
CUST001299,Ravi Patel,7950111525,riya.yadav855@yahoo.com,823090,Gaya,Bihar,2024-09-11,Referral
CUST001300,Vikas Iyer,Missing,myra.sharma261@rediffmail.com,208068,Kanpur,Uttar Pradesh,2025-11-09,WhatsApp Reseller
CUST001301,Rekha Yadav,7293554592,jaspreet.naidu362@outlook.com,500056,Hyderabad,Telangana,2025-10-04,Referral
CUST001302,Vikas Desai,Check Number,aarav.joshi584@rediffmail.com,682073,Kochi,Kerala,2025-07-24,Instagram Ads
CUST001303,Diya Singh,9008347612,N/A,831063,Jamshedpur,Jharkhand,2025-08-14,Referral
CUST001304,Rajesh Shah,7715603387,kavita.ansari362@yahoo.com,201093,Ghaziabad,Uttar Pradesh,2024-01-15,WhatsApp Reseller
CUST001305,Isha Singh,7976309007,anil.das631@rediffmail.com,570040,Mysuru,Karnataka,2024-08-26,Instagram Ads
CUST001306,Krishna Bhatt,Check Number,reyansh.sheikh401@gmail.com,823093,Gaya,Bihar,2025-04-24,WhatsApp Reseller
CUST001307,Kavita Chatterjee,6799658578,riya.chauhan338@outlook.com,226070,Lucknow,Uttar Pradesh,2024-05-17,Facebook Ads
CUST001308,Aditya Chauhan,6717761350,aarav.chauhan521@yahoo.com,823020,Gaya,Bihar,2024-03-10,WhatsApp Reseller
CUST001309,Aarav Nair,8285023126,ananya.mishra244@rediffmail.com,842090, Muzaffarpur ,Bihar,2025-04-18,Instagram Ads
CUST001310,Vihaan Reddy,9146950935,farhan.sheikh463@gmail.com,751019,Bhubaneswar,Odisha,2024-02-26,Facebook Ads
CUST001311,Priya Malhotra,8761218939,shreya.kumar490@gmail.com,580041,Hubli,Karnataka,2025-03-22,WhatsApp Reseller
CUST001312,Isha Sheikh,8468530455,N/A,834052,Ranchi,Jharkhand,2025-06-04,Organic Search
CUST001313,Sandeep Joshi,7327639904,suresh.verma30@yahoo.com,506031,Warangal,Telangana,2024-09-21,Facebook Ads
CUST001314,Vivaan Patel,6975506179,isha.malhotra474@gmail.com,600008,Chennai,Tamil Nadu,2024-07-05,Referral
CUST001315,Anil Bhatt,Missing,ramesh.shah488@yahoo.com,422048, Nashik ,Maharashtra,2025-07-04,Facebook Ads
CUST001316,Kiara Desai,6929692105,sunita.gupta164@yahoo.com,682005,Kochi,Kerala,2023-10-18,Facebook Ads
CUST001317,Isha Mishra,9054985788,N/A,380024,Ahmedabad,Gujarat,2025-06-08,Unknown
CUST001318,Ananya Yadav,8466589524,aarav.bhatt582@outlook.com,411002,Pune,Maharashtra,2025-11-12,Organic Search
CUST001319,Shreya Iyer,7573787477,N/A,143089,Amritsar,Punjab,2024-02-21,Organic Search
CUST001320,Sandeep Bhatt,9284268092,rohit.agarwal411@gmail.com,625096,Madurai,Tamil Nadu,2024-10-20,Facebook Ads
CUST001321,Isha Rathore,Missing,ayesha.pillai735@outlook.com,506001,Warangal,Telangana,2025-11-17,Organic Search
CUST001322,Sunita Bhatt,6279831242,N/A,560051, Bengaluru ,Karnataka,2025-03-26,WhatsApp Reseller
CUST001323,Manoj Sharma,Missing,simran.singh483@gmail.com,682099,Kochi,Kerala,2025-05-10,Instagram Ads
CUST001324,Sunita Mishra,6740433689,vikas.shah389@outlook.com,302082,Jaipur,Rajasthan,2025-12-23,Referral
CUST001325,Sai Verma,6070178502,vihaan.kumar357@rediffmail.com,842020,Muzaffarpur,Bihar,2025-11-25,Unknown
CUST001326,Diya Verma,9599747539,sunil.bhatt767@outlook.com,682032,Kochi,Kerala,2024-05-10,Organic Search
CUST001327,Riya Shah,7041641537,riya.bhatt376@gmail.com,831024,Jamshedpur,Jharkhand,2024-03-09,Facebook Ads
CUST001328,Ramesh Naidu,9681608557,deepak.das614@gmail.com,641066,Coimbatore,Tamil Nadu,2023-11-16,WhatsApp Reseller
CUST001329,Neha Desai,7586240574,N/A,122033,Gurugram,Haryana,2025-04-26,Organic Search
CUST001330,Reyansh Agarwal,Missing,simran.rathore381@gmail.com,474032,Gwalior,Madhya Pradesh,2025-10-13,WhatsApp Reseller
CUST001331,Harpreet Chatterjee,6359618307,saanvi.khan282@gmail.com,462005,Bhopal,Madhya Pradesh,2024-03-19,Facebook Ads
CUST001332,Geeta Ansari,Missing,imran.das560@yahoo.com,734066,Siliguri,West Bengal,2024-05-12,Referral
CUST001333,Arjun Bhatt,8984746042,deepak.singh494@rediffmail.com,753023,Cuttack,Odisha,2025-09-10,Facebook Ads
CUST001334,Rekha Verma,7926769889,rekha.rathore473@outlook.com,506035,Warangal,Telangana,2025-02-22,Instagram Ads
CUST001335,Neha Sharma,Check Number,anil.reddy258@outlook.com,110066,New  Delhi,Delhi,2025-06-05,Instagram Ads
CUST001336,Sunil Nair,8611568622,myra.bhatt918@gmail.com,800059,Patna,Bihar,2024-09-29,Referral
CUST001337,Reyansh Banerjee,8330372718,isha.patel292@rediffmail.com,842045,Muzaffarpur,Bihar,2025-06-09,Facebook Ads
CUST001338,Aadhya Joshi,7878066154,lakshmi.chatterjee526@outlook.com,781045,Guwahati,Assam,2025-11-15,Referral
CUST001339,Ananya Khan,7521288669,mohammed.rao976@rediffmail.com,395091,Surat,Gujarat,2026-01-03,WhatsApp Reseller
CUST001340,Simran Rao,6520313298,N/A,380020,Ahmedabad,Gujarat,2025-08-25,Organic Search
CUST001341,Pooja Kumar,9862685272,N/A,395064,Surat,Gujarat,2024-11-12,Facebook Ads
CUST001342,Sai Pillai,7455735623,ishaan.bhatt824@outlook.com,282091,Agra,Uttar Pradesh,2024-11-10,WhatsApp Reseller
CUST001343,Anil Chauhan,7228570424,harpreet.kumar340@rediffmail.com,734052,Siliguri,West Bengal,2024-02-10,Unknown
CUST001344,Vikas Agarwal,6411678815,suresh.khan804@rediffmail.com,208082,Kanpur,Uttar Pradesh,2024-06-19,Organic Search
CUST001345,Sneha Iyer,8673322912,sunil.chatterjee361@outlook.com,751056,Bhubaneswar,Odisha,2026-01-22,Facebook Ads
CUST001346,Priya Chatterjee,8264076089,vihaan.gupta132@gmail.com,682031,Kochi,Kerala,2024-05-13,WhatsApp Reseller
CUST001347,Amit Banerjee,6581080153,neha.rao828@yahoo.com,506058,Warangal,Telangana,2025-10-31,WhatsApp Reseller
CUST001348,Mohammed Malhotra,8794575959,zoya.sharma913@rediffmail.com,625083,Madurai,Tamil Nadu,2025-11-21,WhatsApp Reseller
CUST001349,Vikas Singh,8183952525,vihaan.mishra916@yahoo.com,781009,Guwahati,Assam,2025-11-09,WhatsApp Reseller
CUST001350,Diya Gupta,8520302769,deepak.reddy27@yahoo.com,781007,Guwahati,Assam,2024-02-06,Facebook Ads
CUST001351,Sai Naidu,8029363409,diya.naidu734@gmail.com,342004,Jodhpur,Rajasthan,2024-01-23,Instagram Ads
CUST001352,Mohammed Desai,8794123254,sai.joshi922@gmail.com,500014,Hyderabad,Telangana,2024-06-26,Facebook Ads
CUST001353,Lakshmi Sheikh,7996276861,N/A,221014,Varanasi,Uttar Pradesh,2023-11-04,Referral
CUST001354,Aadhya Rathore,8802989088,gurpreet.gupta593@outlook.com,695038,Thiruvananthapuram,Kerala,2024-02-08,WhatsApp Reseller
CUST001355,Rajesh Bhatt,6335683172,ramesh.agarwal884@outlook.com,121038,Faridabad,Haryana,2024-03-11,Referral
CUST001356,Aarav Bhatt,6918740501,aadhya.naidu163@gmail.com,500031,Hyderabad,Telangana,2025-11-06,Instagram Ads
CUST001357,Geeta Gupta,8077525723,N/A,600003,Chennai,Tamil Nadu,2026-01-04,WhatsApp Reseller
CUST001358,Isha Bhatt,6570399630,deepak.sharma14@rediffmail.com,110035,New Delhi,Delhi,2025-10-29,Organic Search
CUST001359,Myra Bhatt,7370071580,anil.chauhan888@gmail.com,682006,Kochi,Kerala,2024-05-23,Facebook Ads
CUST001360,Vivaan Naidu,9448883923,N/A,823067,Gaya,Bihar,2025-06-26,Unknown
CUST001361,Zoya Joshi,8513919603,kavita.bhatt170@yahoo.com,143069,Amritsar,Punjab,2024-03-01,Organic Search
CUST001362,Rajesh Rao,7800436475,suresh.yadav921@rediffmail.com,313094,Udaipur,Rajasthan,2024-12-23,Organic Search
CUST001363,Sandeep Gupta,8529776014,N/A,208099,Kanpur,Uttar Pradesh,2024-09-17,Organic Search
CUST001364,Krishna Sheikh,9116861146,N/A,342077,Jodhpur,Rajasthan,2024-07-24,Instagram Ads
CUST001365,Gurpreet Khan,7683684377,neha.naidu28@yahoo.com,700086,Kolkata,West Bengal,2025-02-19,Instagram Ads
CUST001366,Riya Yadav,Missing,N/A,452052,Indore,Madhya Pradesh,2025-02-04,Facebook Ads
CUST001367,Anil Chauhan,6736838509,riya.khan462@gmail.com,395074, Surat ,Gujarat,2025-01-12,Referral
CUST001368,Zoya Verma,9403484843,N/A,580053,Hubli,Karnataka,2024-03-04,Instagram Ads
CUST001369,Imran Agarwal,7954496695,sai.pillai770@outlook.com,831089,Jamshedpur,Jharkhand,2024-06-21,Organic Search
CUST001370,Lakshmi Sharma,6734479459,mohammed.ansari121@outlook.com,700070,Kolkata,West Bengal,2025-08-13,Unknown
CUST001371,Geeta Sheikh,6170781294,imran.mishra415@gmail.com,38003,Ahmedabad,Gujarat,2024-05-22,Instagram Ads
CUST001372,Sai Sheikh,7552833728,gurpreet.mukherjee881@outlook.com,462073,Bhopal,Madhya Pradesh,2025-04-19,Organic Search
CUST001373,Neha Khan,6158821870,N/A,842092,Muzaffarpur,Bihar,2025-01-10,Referral
CUST001374,Krishna Gupta,8611983097,sneha.patel750@rediffmail.com,160062,Chandigarh,Chandigarh,2024-12-02,WhatsApp Reseller
CUST001375,Isha Menon,7774877007,krishna.khan151@rediffmail.com,360042,Rajkot,Gujarat,2023-09-07,Unknown
CUST001376,Vivaan Joshi,9799096660,ramesh.mukherjee933@yahoo.com,462027,Bhopal,Madhya Pradesh,2023-10-07,Organic Search
CUST001377,Sneha Banerjee,7100370907,myra.chauhan533@gmail.com,110065,New Delhi,Delhi,2024-12-09,Unknown
CUST001378,Anil Nair,6983484926,sneha.joshi451@outlook.com,600022,Chennai,Tamil Nadu,2023-12-25,Instagram Ads
CUST001379,Neha Naidu,7676541982,vikas.desai278@outlook.com,682XX4,Kochi,Kerala,2023-09-01,Facebook Ads
CUST001380,Ramesh Patel,7032645257,aarav.shah933@gmail.com,422059,Nashik,Maharashtra,2025-07-26,Unknown
CUST001381,Imran Gupta,7476751258,N/A,560045,Bengaluru,Karnataka,2025-06-14,Unknown
CUST001382,Aadhya Reddy,8228562837,N/A,580096,Hubli,Karnataka,2024-05-28,Unknown
CUST001383,Sandeep Pillai,6894234037,saanvi.reddy239@yahoo.com,500080,Hyderabad,Telangana,2023-10-11,Facebook Ads
CUST001384,Zoya Banerjee,7578047371,gurpreet.khan642@rediffmail.com,360087,Rajkot,Gujarat,2025-04-20,WhatsApp Reseller
CUST001385,Rekha Sharma,9455442157,rekha.naidu228@outlook.com,831020,Jamshedpur,Jharkhand,2025-01-03,Unknown
CUST001386,Isha Shah,7428839039,sunil.mishra936@yahoo.com,641010,Coimbatore,Tamil Nadu,2025-07-14,WhatsApp Reseller
CUST001387,Anil Rao,8102506668,tanvi.menon38@outlook.com,713028,Asansol,West Bengal,2023-12-19,Referral
CUST001388,Rajesh Desai,7895910385,N/A,823013,Gaya,Bihar,2023-10-07,Facebook Ads
CUST001389,Pooja Reddy,7994959403,farhan.chatterjee807@rediffmail.com,682055,Kochi,Kerala,2024-11-06,Referral
CUST001390,Lakshmi Chauhan,6027366325,tanvi.naidu473@yahoo.com,500023,Hyderabad,Telangana,2025-12-04,WhatsApp Reseller
CUST001391,Rajesh Reddy,9019109048,ravi.pillai994@gmail.com,641026,Coimbatore,Tamil Nadu,2025-05-03,Instagram Ads
CUST001392,Vikas Menon,7785954176,pankaj.ansari24@yahoo.com,823053,Gaya,Bihar,2023-12-21,Unknown
CUST001393,Shreya Joshi,7466944733,sandeep.joshi904@gmail.com,831091,Jamshedpur,Jharkhand,2025-01-23,Referral
CUST001394,Ayesha Yadav,7784771988,vikas.iyer252@rediffmail.com,831077,Jamshedpur,Jharkhand,2025-02-27,Facebook Ads
CUST001395,Ravi Patel,Missing,myra.verma524@outlook.com,380077,Ahmedabad,Gujarat,2025-12-22,Instagram Ads
CUST001396,Priya Rathore,6215603871,rekha.verma215@rediffmail.com,208053,Kanpur,Uttar Pradesh,2025-01-31,Instagram Ads
CUST001397,Vihaan Reddy,8769116122,imran.verma773@yahoo.com,474087,Gwalior,Madhya Pradesh,2023-11-03,WhatsApp Reseller
CUST001398,Lakshmi Sheikh,6041589333,N/A,580028,Hubli,Karnataka,2024-02-05,Referral
CUST001399,Imran Naidu,6101245718,zoya.joshi57@outlook.com,302083,Jaipur,Rajasthan,2024-06-11,WhatsApp Reseller
CUST001400,Saanvi Malhotra,8055191939,vikas.gupta514@outlook.com,474063,Gwalior,Madhya Pradesh,2025-10-06,WhatsApp Reseller
CUST001401,Aadhya Sheikh,8071961293,ishaan.gupta781@yahoo.com,143045,Amritsar,Punjab,2024-05-31,Referral
CUST001402,Aadhya Chauhan,9758856274,ayesha.banerjee109@gmail.com,831023,Jamshedpur,Jharkhand,2025-12-10,Facebook Ads
CUST001403,Kiara Malhotra,8165712118,isha.gupta556@gmail.com,440085,Nagpur,Maharashtra,2024-04-07,Unknown
CUST001404,Riya Shah,7025598792,rohit.nair118@rediffmail.com,208043,Kanpur,Uttar Pradesh,2023-08-21,WhatsApp Reseller
CUST001405,Reyansh Bhatt,6968045052,rohit.menon51@yahoo.com,695000,Thiruvananthapuram,Kerala,2024-05-23,Referral
CUST001406,Sandeep Sharma,6819714083,rajesh.chatterjee270@rediffmail.com,695045,Thiruvananthapuram,Kerala,2024-07-11,Instagram Ads
CUST001407,Suresh Rao,9698398590,rohit.shah281@gmail.com,380085, Ahmedabad ,Gujarat,2025-12-28,Unknown
CUST001408,Diya Chatterjee,8766919530,N/A,641037,Coimbatore,Tamil Nadu,2024-11-17,Instagram Ads
CUST001409,Ishaan Naidu,9611662866,saanvi.das612@yahoo.com,474051,Gwalior,Madhya Pradesh,2026-01-18,Unknown
CUST001410,Isha Verma,9740215723,N/A,580025,Hubli,Karnataka,2024-09-25,Organic Search
CUST001411,Kavita Chatterjee,8961721505,aarav.khan369@yahoo.com,440098,Nagpur,Maharashtra,2026-02-01,Instagram Ads
CUST001412,Vivaan Chatterjee,7423221091,anil.iyer939@rediffmail.com,713028,Asansol,West Bengal,2024-12-05,Unknown
CUST001413,Arjun Iyer,9834377982,N/A,834014,Ranchi,Jharkhand,2023-11-07,Referral
CUST001414,Pankaj Desai,Check Number,farhan.mishra532@outlook.com,226086,Lucknow,Uttar Pradesh,2024-09-16,Instagram Ads
CUST001415,Ishaan Yadav,7372544225,krishna.gupta921@outlook.com,734086,Siliguri,West Bengal,2023-08-29,Instagram Ads
CUST001416,Priya Chatterjee,7872047676,ayesha.sheikh46@yahoo.com,440063,Nagpur,Maharashtra,2025-05-22,Organic Search
CUST001417,Tanvi Kumar,7685931526,tanvi.khan36@outlook.com,122091, Gurugram ,Haryana,2024-01-23,Facebook Ads
CUST001418,Krishna Sharma,8529964574,N/A,400015,Mumbai,Maharashtra,2024-04-22,Facebook Ads
CUST001419,Anil Malhotra,9010034344,geeta.mukherjee757@rediffmail.com,282091,Agra,Uttar Pradesh,2023-11-20,Referral
CUST001420,Ravi Verma,7159927943,kiara.rathore131@outlook.com,500074,Hyderabad,Telangana,2024-08-26,Facebook Ads
CUST001421,Ananya Patel,6704731483,manoj.mishra318@outlook.com,160063,Chandigarh,Chandigarh,2025-08-21,Organic Search
CUST001422,Amit Mukherjee,Missing,N/A,560070,Bengaluru,Karnataka,2024-12-08,Unknown
CUST001423,Krishna Desai,9827847264,aadhya.shah211@yahoo.com,360038,Rajkot,Gujarat,2025-09-24,Organic Search
CUST001424,Tanvi Menon,9048531234,priya.reddy349@rediffmail.com,452071,Indore,Madhya Pradesh,2025-08-15,Instagram Ads
CUST001425,Reyansh Kumar,6637817048,kiara.naidu386@rediffmail.com,600067,Chennai,Tamil Nadu,2025-02-07,Instagram Ads
CUST001426,Zoya Pillai,8942193793,N/A,474088,Gwalior,Madhya Pradesh,2025-02-08,Organic Search
CUST001427,Ramesh Rathore,Check Number,arjun.desai355@yahoo.com,570071,Mysuru,Karnataka,2024-10-17,Facebook Ads
CUST001428,Geeta Bhatt,9615001113,imran.das539@gmail.com,600023,Chennai,Tamil Nadu,2023-11-19,Organic Search
CUST001429,Amit Gupta,Missing,N/A,753049,Cuttack,Odisha,2025-08-25,Organic Search
CUST001430,Sneha Rao,6573806799,N/A,751004,Bhubaneswar,Odisha,2026-01-14,Facebook Ads
CUST001431,Diya Yadav,6586997245,sunita.singh681@rediffmail.com,313087,Udaipur,Rajasthan,2024-10-20,Organic Search
CUST001432,Krishna Ansari,6773260968,lakshmi.joshi705@outlook.com,400004,Mumbai,Maharashtra,2025-10-03,WhatsApp Reseller
CUST001433,Farhan Rathore,8336447026,geeta.banerjee860@outlook.com,500097,Hyderabad,Telangana,2025-07-11,Unknown
CUST001434,Vikas Khan,8947155347,mohammed.khan37@yahoo.com,700099,Kolkata,West Bengal,2024-08-20,WhatsApp Reseller
CUST001435,Manoj Pillai,9539450375,aditya.menon992@outlook.com,834047,Ranchi,Jharkhand,2026-01-27,WhatsApp Reseller
CUST001436,Anil Reddy,9480407373,neha.gupta361@gmail.com,713049,Asansol,West Bengal,2024-12-16,Instagram Ads
CUST001437,Reyansh Verma,9583879633,ravi.mishra288@outlook.com,411050,Pune,Maharashtra,2025-03-17,Facebook Ads
CUST001438,Saanvi Rao,8159209410,vivaan.patel644@outlook.com,141061,Ludhiana,Punjab,2024-09-22,Referral
CUST001439,Kavita Iyer,9383306144,mohammed.mishra883@rediffmail.com,570060,Mysuru,Karnataka,2025-04-01,Referral
CUST001440,Amit Menon,6270687567,sai.khan867@gmail.com,734076,Siliguri,West Bengal,2024-03-19,Referral
CUST001441,Krishna Kumar,8133768705,lakshmi.menon12@outlook.com,226097,Lucknow,Uttar Pradesh,2024-06-28,Instagram Ads
CUST001442,Ramesh Iyer,7847848303,sandeep.mukherjee474@yahoo.com,160042,Chandigarh,Chandigarh,2026-01-02,Instagram Ads
CUST001443,Ishaan Chauhan,Missing,krishna.bhatt463@yahoo.com,221049,Varanasi,Uttar Pradesh,2024-05-07,Referral
CUST001444,Jaspreet Rathore,8440889593,diya.khan35@outlook.com,600047,Chennai,Tamil Nadu,2024-09-15,Facebook Ads
CUST001445,Pankaj Menon,6299966330,ananya.malhotra252@rediffmail.com,600051,Chennai,Tamil Nadu,2024-05-08,Referral
CUST001446,Isha Desai,6273201295,N/A,641016,Coimbatore,Tamil Nadu,2024-05-31,Facebook Ads
CUST001447,Amit Sheikh,7048109305,pooja.sheikh460@yahoo.com,695045,Thiruvananthapuram,Kerala,2025-12-24,Organic Search
CUST001448,Kavita Pillai,8381518272,saanvi.menon528@yahoo.com,226035,Lucknow,Uttar Pradesh,2024-06-11,WhatsApp Reseller
CUST001449,Zoya Mukherjee,6559030819,harpreet.bhatt851@rediffmail.com,700033,Kolkata,West Bengal,2025-07-27,Unknown
CUST001450,Gurpreet Menon,6508924464,imran.sharma455@outlook.com,700046,Kolkata,West Bengal,2026-01-17,Facebook Ads
CUST001451,Imran Rathore,7277547777,rajesh.bhatt185@rediffmail.com,713090,Asansol,West Bengal,2023-09-04,Facebook Ads
CUST001452,Anil Naidu,Check Number,manoj.rao318@outlook.com,800033,Patna,Bihar,2024-01-09,Organic Search
CUST001453,Saanvi Ansari,9125593502,ramesh.mishra270@gmail.com,600015,Chennai,Tamil Nadu,2025-09-19,Organic Search
CUST001454,Sunita Banerjee,8513417005,zoya.chatterjee570@yahoo.com,143045,Amritsar,Punjab,2024-03-08,Organic Search
CUST001455,Ramesh Joshi,7576680895,N/A,342053,Jodhpur,Rajasthan,2025-09-29,Referral
CUST001456,Riya Chauhan,6979336860,pankaj.ansari989@yahoo.com,713085,Asansol,West Bengal,2025-03-01,WhatsApp Reseller
CUST001457,Isha Ansari,7911153202,vihaan.verma626@yahoo.com,360093,Rajkot,Gujarat,2025-02-08,Organic Search
CUST001458,Anil Verma,7887821889,sneha.das976@outlook.com,201096,Ghaziabad,Uttar Pradesh,2024-09-08,Organic Search
CUST001459,Neha Agarwal,6834812426,sunita.iyer153@outlook.com,201003,Ghaziabad,Uttar Pradesh,2023-12-29,Unknown
CUST001460,Geeta Shah,9958187744,ananya.das398@outlook.com,302039,Jaipur,Rajasthan,2023-12-15,Facebook Ads
CUST001461,Gurpreet Chatterjee,9642394026,anil.menon12@outlook.com,452075,Indore,Madhya Pradesh,2024-05-11,Referral
CUST001462,Rekha Patel,7324687220,N/A,160049,Chandigarh,Chandigarh,2024-03-26,Instagram Ads
CUST001463,Geeta Rathore,8965765786,aarav.verma908@rediffmail.com,395094,Surat,Gujarat,2025-03-04,Organic Search
CUST001464,Priya Khan,9327056146,N/A,834037,Ranchi,Jharkhand,2024-11-24,Organic Search
CUST001465,Deepak Sheikh,Missing,mohammed.gupta647@gmail.com,641067,Coimbatore,Tamil Nadu,2025-05-21,Instagram Ads
CUST001466,Shreya Singh,8081432298,sunita.agarwal434@outlook.com,580026,Hubli,Karnataka,2025-01-14,Unknown
CUST001467,Neha Kumar,Missing,aditya.malhotra762@gmail.com,42206,Nashik,Maharashtra,2023-11-26,Instagram Ads
CUST001468,Isha Menon,9599052702,pankaj.yadav98@gmail.com,625027,Madurai,Tamil Nadu,2023-09-27,Referral
CUST001469,Aarav Khan,8130610922,manoj.desai467@rediffmail.com,823025,Gaya,Bihar,2023-08-28,Facebook Ads
CUST001470,Myra Gupta,7126665602,ravi.gupta927@outlook.com,440043,Nagpur,Maharashtra,2025-04-17,Instagram Ads
CUST001471,Imran Chatterjee,6367027510,farhan.agarwal767@outlook.com,625005,Madurai,Tamil Nadu,2025-03-05,Referral
CUST001472,Simran Rathore,7235393305,pooja.pillai597@rediffmail.com,342053,Jodhpur,Rajasthan,2025-11-08,WhatsApp Reseller
CUST001473,Rohit Bhatt,Missing,neha.patel406@rediffmail.com,800067,Patna,Bihar,2025-07-24,Instagram Ads
CUST001474,Vivaan Kumar,6548805109,pooja.banerjee794@rediffmail.com,160028,Chandigarh,Chandigarh,2024-06-24,Referral
CUST001475,Gurpreet Menon,9009841643,N/A,842XX9,Muzaffarpur,Bihar,2024-09-26,Referral
CUST001476,Gurpreet Sheikh,7397178568,N/A,342077,Jodhpur,Rajasthan,2025-02-17,Unknown
CUST001477,Vivaan Menon,8591698331,aadhya.agarwal385@rediffmail.com,452003,Indore,Madhya Pradesh,2025-06-02,Unknown
CUST001478,Ayesha Mukherjee,8525935707,ayesha.bhatt378@gmail.com,823050,Gaya,Bihar,2025-12-19,Instagram Ads
CUST001479,Isha Pillai,7602611868,vivaan.pillai121@gmail.com,600028, Chennai ,Tamil Nadu,2025-09-04,Instagram Ads
CUST001480,Manoj Gupta,Missing,saanvi.kumar512@outlook.com,452XX7,Indore,Madhya Pradesh,2026-01-29,Unknown
CUST001481,Deepak Rao,6149726821,imran.yadav664@outlook.com,395003,Surat,Gujarat,2024-10-17,Instagram Ads
CUST001482,Ayesha Sheikh,7205135639,tanvi.mishra817@rediffmail.com,751085,Bhubaneswar,Odisha,2025-01-27,Organic Search
CUST001483,Ramesh Mishra,9735818217,priya.rathore461@rediffmail.com,734077,Siliguri,West Bengal,2025-10-16,WhatsApp Reseller
CUST001484,Imran Khan,7569997125,N/A,831048,Jamshedpur,Jharkhand,2024-03-09,Referral
CUST001485,Geeta Singh,7353031387,aditya.chatterjee657@outlook.com,143065,Amritsar,Punjab,2025-01-07,Instagram Ads
CUST001486,Imran Rao,7029487478,diya.joshi162@outlook.com,208085,Kanpur,Uttar Pradesh,2025-06-05,Referral
CUST001487,Rajesh Patel,7177865039,riya.pillai831@outlook.com,641097,Coimbatore,Tamil Nadu,2025-06-10,Unknown
CUST001488,Harpreet Chauhan,9431243453,N/A,831042,Jamshedpur,Jharkhand,2024-09-13,Facebook Ads
CUST001489,Neha Rathore,8756294339,rekha.banerjee912@outlook.com,422066,Nashik,Maharashtra,2024-05-09,WhatsApp Reseller
CUST001490,Sandeep Malhotra,8101042797,N/A,282000,Agra,Uttar Pradesh,2025-06-13,WhatsApp Reseller
CUST001491,Shreya Shah,6329357538,N/A,360041,Rajkot,Gujarat,2023-08-18,Instagram Ads
CUST001492,Isha Gupta,8262455462,diya.singh851@yahoo.com,570032,Mysuru,Karnataka,2025-12-09,Facebook Ads
CUST001493,Myra Desai,9343466095,priya.chauhan702@gmail.com,143006,Amritsar,Punjab,2024-03-24,WhatsApp Reseller
CUST001494,Arjun Verma,8163521412,ananya.patel299@gmail.com,395051,Surat,Gujarat,2023-09-12,Organic Search
CUST001495,Sai Rathore,8133366502,sunil.naidu944@gmail.com,221055,Varanasi,Uttar Pradesh,2024-03-23,Referral
CUST001496,Pankaj Singh,7905249221,krishna.khan703@gmail.com,641020,Coimbatore,Tamil Nadu,2024-04-10,WhatsApp Reseller
CUST001497,Krishna Das,8699391426,aarav.agarwal124@yahoo.com,160003,Chandigarh,Chandigarh,2025-04-10,Facebook Ads
CUST001498,Lakshmi Khan,9659481827,sunil.singh254@outlook.com,422085,Nashik,Maharashtra,2024-05-08,Organic Search
CUST001499,Simran Khan,8321801130,ishaan.reddy105@rediffmail.com,823068,Gaya,Bihar,2025-04-28,Instagram Ads
CUST001500,Priya Malhotra,Missing,ishaan.kumar903@rediffmail.com,342050,Jodhpur,Rajasthan,2024-07-25,Referral
CUST001501,Myra Malhotra,8238670776,sandeep.kumar634@yahoo.com,141081,Ludhiana,Punjab,2025-03-18,Organic Search
CUST001502,Ramesh Sheikh,6877210752,simran.verma21@yahoo.com,781089,Guwahati,Assam,2024-02-09,Unknown
CUST001503,Amit Shah,7472542654,ramesh.pillai831@yahoo.com,682062,Kochi,Kerala,2023-10-22,Unknown
CUST001504,Manoj Chatterjee,6828936327,ramesh.rathore22@outlook.com,208094,Kanpur,Uttar Pradesh,2024-06-17,Facebook Ads
CUST001505,Sandeep Khan,7116992135,gurpreet.mishra738@gmail.com,734060,Siliguri,West Bengal,2024-10-22,Organic Search
CUST001506,Aarav Pillai,8949996357,N/A,500009,Hyderabad,Telangana,2025-01-14,WhatsApp Reseller
CUST001507,Pankaj Menon,8422595513,saanvi.sheikh36@rediffmail.com,734044,Siliguri,West Bengal,2025-11-19,Unknown
CUST001508,Krishna Malhotra,6096745136,amit.mukherjee752@gmail.com,695042,Thiruvananthapuram,Kerala,2025-02-04,Facebook Ads
CUST001509,Rohit Nair,9032381281,kavita.rao638@yahoo.com,506039,Warangal,Telangana,2025-09-09,Instagram Ads
CUST001510,Krishna Gupta,8963731149,aadhya.nair108@gmail.com,141064,Ludhiana,Punjab,2023-10-15,Organic Search
CUST001511,Anil Agarwal,Missing,rekha.singh522@gmail.com,700053,Kolkata,West Bengal,2023-11-24,Referral
CUST001512,Aditya Kumar,8081702846,shreya.joshi482@outlook.com,682080,Kochi,Kerala,2025-12-25,WhatsApp Reseller
CUST001513,Sunita Bhatt,Missing,tanvi.kumar986@gmail.com,751082,Bhubaneswar,Odisha,2024-06-24,Unknown
CUST001514,Sneha Kumar,6046010413,imran.mukherjee342@outlook.com,226017,Lucknow,Uttar Pradesh,2025-03-24,Unknown
CUST001515,Riya Nair,9217618989,gurpreet.joshi928@outlook.com,682060,Kochi,Kerala,2025-09-24,Facebook Ads
CUST001516,Deepak Ansari,6893972048,aditya.iyer370@gmail.com,380040,Ahmedabad,Gujarat,2024-09-28,Referral
CUST001517,Deepak Rao,6796403157,lakshmi.chatterjee635@yahoo.com,834013,Ranchi,Jharkhand,2024-01-09,Facebook Ads
CUST001518,Harpreet Kumar,7392719540,kiara.rathore322@outlook.com,831001,Jamshedpur,Jharkhand,2024-12-28,Referral
CUST001519,Deepak Joshi,8555354407,kavita.sheikh608@outlook.com,734089,Siliguri,West Bengal,2025-07-15,WhatsApp Reseller
CUST001520,Gurpreet Agarwal,6007204094,arjun.singh802@yahoo.com,302013,Jaipur,Rajasthan,2024-04-13,WhatsApp Reseller
CUST001521,Neha Singh,Missing,simran.das566@outlook.com,695010,Thiruvananthapuram,Kerala,2026-01-17,Facebook Ads
CUST001522,Sandeep Das,Check Number,lakshmi.mishra478@gmail.com,600020,Chennai,Tamil Nadu,2025-09-25,Instagram Ads
CUST001523,Kiara Naidu,7466899749,riya.verma773@yahoo.com,831007,Jamshedpur,Jharkhand,2025-04-07,Referral
CUST001524,Pankaj Shah,7469247048,riya.reddy61@gmail.com,625098,Madurai,Tamil Nadu,2024-11-06,Referral
CUST001525,Simran Banerjee,6275917003,amit.mishra278@yahoo.com,221019,Varanasi,Uttar Pradesh,2025-02-01,Organic Search
CUST001526,Simran Chatterjee,7311541119,vivaan.khan141@gmail.com,800062,Patna,Bihar,2026-01-03,WhatsApp Reseller
CUST001527,Aditya Mukherjee,8426735384,N/A,226052,Lucknow,Uttar Pradesh,2025-12-09,WhatsApp Reseller
CUST001528,Pankaj Das,6845537582,N/A,452013,Indore,Madhya Pradesh,2024-01-31,Instagram Ads
CUST001529,Saanvi Kumar,8803528805,geeta.chatterjee47@outlook.com,440065,Nagpur,Maharashtra,2025-07-29,Organic Search
CUST001530,Priya Naidu,7524777744,neha.desai400@rediffmail.com,226031,Lucknow,Uttar Pradesh,2025-01-28,Organic Search
CUST001531,Rajesh Joshi,9486275537,kiara.naidu908@rediffmail.com,400037,Mumbai,Maharashtra,2025-01-02,Referral
CUST001532,Vivaan Agarwal,Missing,ananya.bhatt370@rediffmail.com,141045,Ludhiana,Punjab,2025-09-30,Referral
CUST001533,Rajesh Rao,7247079262,N/A,600087,Chennai,Tamil Nadu,2025-12-02,Unknown
CUST001534,Riya Sheikh,8427895236,geeta.desai933@rediffmail.com,208092,Kanpur,Uttar Pradesh,2023-12-27,WhatsApp Reseller
CUST001535,Farhan Sheikh,6273174271,ishaan.bhatt149@rediffmail.com,695020,Thiruvananthapuram,Kerala,2023-12-28,Unknown
CUST001536,Ayesha Singh,8040465511,ayesha.nair517@gmail.com,141002,Ludhiana,Punjab,2024-10-02,Facebook Ads
CUST001537,Sunil Patel,8952827677,diya.reddy640@yahoo.com,360033,Rajkot,Gujarat,2024-01-28,Organic Search
CUST001538,Ishaan Sheikh,9921510026,vikas.menon170@gmail.com,313080,Udaipur,Rajasthan,2024-01-15,WhatsApp Reseller
CUST001539,Rajesh Ansari,8371557310,N/A,560058,Bengaluru,Karnataka,2023-08-18,Instagram Ads
CUST001540,Pankaj Reddy,7129734148,sandeep.patel701@outlook.com,422047,Nashik,Maharashtra,2024-10-02,Referral
CUST001541,Suresh Joshi,Missing,N/A,395083,Surat,Gujarat,2025-09-02,WhatsApp Reseller
CUST001542,Amit Iyer,8960233159,pankaj.rathore739@outlook.com,474014,Gwalior,Madhya Pradesh,2023-09-20,Referral
CUST001543,Saanvi Sharma,6609417502,harpreet.iyer125@yahoo.com,313006,Udaipur,Rajasthan,2025-08-14,Organic Search
CUST001544,Kavita Sheikh,8095914504,vikas.patel923@yahoo.com,834079,Ranchi,Jharkhand,2025-02-09,Facebook Ads
CUST001545,Imran Singh,7043845046,geeta.agarwal396@rediffmail.com,380037,Ahmedabad,Gujarat,2024-11-19,Instagram Ads
CUST001546,Gurpreet Menon,6788698585,N/A,121082,Faridabad,Haryana,2024-11-23,Facebook Ads
CUST001547,Sai Rathore,9895377012,aadhya.agarwal864@gmail.com,600034,Chennai,Tamil Nadu,2025-04-11,Facebook Ads
CUST001548,Vikas Joshi,9936518756,diya.yadav922@yahoo.com,221099,Varanasi,Uttar Pradesh,2025-05-25,Unknown
CUST001549,Aadhya Chatterjee,8672123008,deepak.ansari519@rediffmail.com,302014,Jaipur,Rajasthan,2024-10-09,Organic Search
CUST001550,Aarav Desai,6578369030,neha.gupta841@yahoo.com,560051,Bengaluru,Karnataka,2026-01-12,WhatsApp Reseller
CUST001551,Harpreet Malhotra,9707060074,reyansh.rao285@yahoo.com,84205,Muzaffarpur,Bihar,2024-11-14,Referral
CUST001552,Sneha Agarwal,9163876215,gurpreet.chauhan820@rediffmail.com,831094,Jamshedpur,Jharkhand,2024-09-20,Organic Search
CUST001553,Kavita Kumar,6427853141,N/A,600026,Chennai,Tamil Nadu,2025-09-30,Referral
CUST001554,Ishaan Reddy,7159007132,aarav.das736@rediffmail.com,781033,Guwahati,Assam,2025-08-21,Organic Search
CUST001555,Tanvi Iyer,9604568939,reyansh.banerjee703@rediffmail.com,110083,New Delhi,Delhi,2025-01-25,Organic Search
CUST001556,Sunita Pillai,8760852085,ishaan.desai447@rediffmail.com,570041,Mysuru,Karnataka,2025-01-16,WhatsApp Reseller
CUST001557,Kavita Chauhan,9275442206,simran.joshi371@gmail.com,753077,Cuttack,Odisha,2024-07-31,Unknown
CUST001558,Kavita Yadav,6672466390,N/A,208069,Kanpur,Uttar Pradesh,2024-04-12,Facebook Ads
CUST001559,Reyansh Malhotra,6654885587,N/A,411050,Pune,Maharashtra,2025-11-13,Organic Search
CUST001560,Deepak Sheikh,6798387135,ravi.yadav936@outlook.com,221031,Varanasi,Uttar Pradesh,2025-02-12,Unknown
CUST001561,Gurpreet Agarwal,8178256019,N/A,452054,Indore,Madhya Pradesh,2025-02-03,Organic Search
CUST001562,Saanvi Banerjee,8268517973,N/A,302000,Jaipur,Rajasthan,2024-06-05,Referral
CUST001563,Vihaan Ansari,7038721215,rajesh.verma650@rediffmail.com,751093,Bhubaneswar,Odisha,2023-12-17,Unknown
CUST001564,Simran Patel,9339350824,ishaan.banerjee132@rediffmail.com,282068,Agra,Uttar Pradesh,2024-12-01,Referral
CUST001565,Mohammed Chatterjee,8142024843,farhan.verma500@rediffmail.com,834097,Ranchi,Jharkhand,2024-09-13,Facebook Ads
CUST001566,Vihaan Bhatt,9024404310,aarav.mishra496@gmail.com,342022,Jodhpur,Rajasthan,2024-08-23,Facebook Ads
CUST001567,Geeta Chauhan,9554761727,kiara.chatterjee329@rediffmail.com,141013,Ludhiana,Punjab,2023-12-20,Organic Search
CUST001568,Reyansh Chatterjee,7929427021,isha.singh213@rediffmail.com,580028,Hubli,Karnataka,2024-11-20,Facebook Ads
CUST001569,Jaspreet Joshi,8824773391,sunil.bhatt619@gmail.com,500014,Hyderabad,Telangana,2024-05-09,WhatsApp Reseller
CUST001570,Simran Naidu,6421162206,N/A,201091,Ghaziabad,Uttar Pradesh,2024-07-01,Instagram Ads
CUST001571,Neha Das,9914220072,vikas.banerjee736@yahoo.com,226059,Lucknow,Uttar Pradesh,2024-12-27,Organic Search
CUST001572,Tanvi Chauhan,8300090063,ishaan.chatterjee527@outlook.com,360060,Rajkot,Gujarat,2025-03-11,Organic Search
CUST001573,Suresh Singh,8703446332,ayesha.mukherjee665@outlook.com,713067,Asansol,West Bengal,2024-07-17,Instagram Ads
CUST001574,Suresh Pillai,7518517696,rajesh.mukherjee936@outlook.com,800052,Patna,Bihar,2023-12-28,Unknown
CUST001575,Jaspreet Chatterjee,8842109222,harpreet.iyer347@rediffmail.com,208075,Kanpur,Uttar Pradesh,2024-10-31,Organic Search
CUST001576,Kiara Chauhan,Missing,arjun.das148@outlook.com,834007,Ranchi,Jharkhand,2025-09-21,WhatsApp Reseller
CUST001577,Geeta Kumar,7524392295,gurpreet.ansari684@rediffmail.com,110017,New  Delhi,Delhi,2025-06-21,Unknown
CUST001578,Imran Reddy,9834767900,vikas.rathore160@rediffmail.com,831055,Jamshedpur,Jharkhand,2024-06-06,Unknown
CUST001579,Ramesh Malhotra,Missing,rajesh.khan317@yahoo.com,462064,Bhopal,Madhya Pradesh,2025-06-19,Unknown
CUST001580,Mohammed Chatterjee,9297266923,sandeep.kumar336@outlook.com,411020,Pune,Maharashtra,2024-08-08,Unknown
CUST001581,Gurpreet Shah,6472334466,aditya.mukherjee103@rediffmail.com,580095,Hubli,Karnataka,2024-07-28,WhatsApp Reseller
CUST001582,Lakshmi Rao,9924494039,kavita.yadav637@rediffmail.com,570011,Mysuru,Karnataka,2025-08-13,WhatsApp Reseller
CUST001583,Simran Khan,6169347691,isha.rao809@yahoo.com,360063,Rajkot,Gujarat,2025-06-13,WhatsApp Reseller
CUST001584,Aarav Gupta,7016318520,rohit.nair594@gmail.com,462027,Bhopal,Madhya Pradesh,2023-10-29,Unknown
CUST001585,Riya Gupta,6270231896,aditya.rao116@yahoo.com,682077,Kochi,Kerala,2025-06-24,Organic Search
CUST001586,Mohammed Banerjee,6001917653,diya.das871@rediffmail.com,506032,Warangal,Telangana,2024-04-22,Organic Search
CUST001587,Arjun Chatterjee,6170870272,N/A,160079,Chandigarh,Chandigarh,2025-01-16,WhatsApp Reseller
CUST001588,Rekha Malhotra,6232160059,aadhya.patel272@gmail.com,400017,Mumbai,Maharashtra,2023-09-04,Unknown
CUST001589,Ananya Mukherjee,6311679542,jaspreet.reddy172@outlook.com,641003,Coimbatore,Tamil Nadu,2025-01-04,Organic Search
CUST001590,Krishna Naidu,9290251538,priya.menon174@outlook.com,38009,Ahmedabad,Gujarat,2025-10-11,Referral
CUST001591,Imran Reddy,Missing,N/A,500066, Hyderabad ,Telangana,2024-03-01,Organic Search
CUST001592,Mohammed Sharma,7846770378,vikas.shah504@gmail.com,842071,Muzaffarpur,Bihar,2023-11-10,Unknown
CUST001593,Neha Ansari,7550172727,vikas.nair953@yahoo.com,641072,Coimbatore,Tamil Nadu,2024-12-26,Facebook Ads
CUST001594,Reyansh Gupta,7406368019,N/A,400040,Mumbai,Maharashtra,2025-01-28,Organic Search
CUST001595,Sai Mishra,9968863124,vikas.pillai677@gmail.com,110038,New Delhi,Delhi,2024-01-27,WhatsApp Reseller
CUST001596,Vihaan Malhotra,8567677619,ishaan.iyer579@outlook.com,160012,Chandigarh,Chandigarh,2024-06-20,Organic Search
CUST001597,Imran Gupta,9022380453,lakshmi.bhatt167@outlook.com,600017,Chennai,Tamil Nadu,2025-03-25,Referral
CUST001598,Shreya Desai,Check Number,N/A,753092,Cuttack,Odisha,2025-02-05,Unknown
CUST001599,Simran Agarwal,9639846484,riya.mishra255@yahoo.com,411097,Pune,Maharashtra,2025-08-18,Unknown
CUST001600,Arjun Joshi,9622735334,ayesha.khan162@gmail.com,201052,Ghaziabad,Uttar Pradesh,2024-05-25,Referral
CUST001601,Ishaan Gupta,8526362886,N/A,221035,Varanasi,Uttar Pradesh,2024-02-25,Referral
CUST001602,Aadhya Iyer,6117549449,isha.das171@gmail.com,834068,Ranchi,Jharkhand,2025-03-25,Instagram Ads
CUST001603,Lakshmi Singh,6164792464,N/A,560056,Bengaluru,Karnataka,2025-06-03,WhatsApp Reseller
CUST001604,Geeta Mukherjee,Check Number,isha.gupta817@yahoo.com,753061,Cuttack,Odisha,2024-08-10,Facebook Ads
CUST001605,Deepak Rao,8310812464,myra.pillai490@outlook.com,422039,Nashik,Maharashtra,2025-02-19,Instagram Ads
CUST001606,Aarav Yadav,9106963749,rohit.naidu879@gmail.com,781062,Guwahati,Assam,2024-12-03,Organic Search
CUST001607,Ramesh Gupta,6590112502,N/A,700032,Kolkata,West Bengal,2026-01-23,Facebook Ads
CUST001608,Pankaj Joshi,7212086149,rohit.mukherjee38@outlook.com,462097,Bhopal,Madhya Pradesh,2023-10-25,Organic Search
CUST001609,Priya Patel,6442460737,N/A,380045,Ahmedabad,Gujarat,2023-08-20,Instagram Ads
CUST001610,Sunil Iyer,9637982930,geeta.chauhan589@outlook.com,751076,Bhubaneswar,Odisha,2024-02-07,Organic Search
CUST001611,Vivaan Chauhan,6593948150,kiara.desai58@yahoo.com,641055,Coimbatore,Tamil Nadu,2024-11-14,Instagram Ads
CUST001612,Suresh Shah,6963547607,N/A,462064,Bhopal,Madhya Pradesh,2024-04-25,Facebook Ads
CUST001613,Isha Das,7459408593,zoya.nair345@yahoo.com,560082,Bengaluru,Karnataka,2025-03-20,WhatsApp Reseller
CUST001614,Vikas Pillai,8573748525,ananya.chatterjee961@rediffmail.com,700075, Kolkata ,West Bengal,2025-12-25,Facebook Ads
CUST001615,Sunita Desai,8965239674,N/A,302028,Jaipur,Rajasthan,2023-09-13,Organic Search
CUST001616,Manoj Iyer,6242695753,rekha.chatterjee71@yahoo.com,400077,Mumbai,Maharashtra,2025-12-03,Instagram Ads
CUST001617,Pooja Yadav,7040852063,suresh.gupta71@outlook.com,302024,Jaipur,Rajasthan,2024-05-13,Organic Search
CUST001618,Saanvi Ansari,6716033308,pooja.das89@rediffmail.com,734083,Siliguri,West Bengal,2024-05-25,Facebook Ads
CUST001619,Shreya Shah,9880210936,harpreet.malhotra424@outlook.com,682059,Kochi,Kerala,2026-01-16,Organic Search
CUST001620,Farhan Mukherjee,Missing,priya.agarwal986@gmail.com,560089,Bengaluru,Karnataka,2025-03-20,Unknown
CUST001621,Vihaan Kumar,8533089233,sai.reddy374@gmail.com,160083,Chandigarh,Chandigarh,2025-10-14,Organic Search
CUST001622,Ayesha Iyer,6674151448,ananya.singh955@outlook.com,411071,Pune,Maharashtra,2025-09-08,Unknown
CUST001623,Simran Agarwal,7029406957,N/A,141094,Ludhiana,Punjab,2024-10-25,WhatsApp Reseller
CUST001624,Deepak Menon,8889199495,ayesha.ansari743@rediffmail.com,226008,Lucknow,Uttar Pradesh,2024-10-25,Instagram Ads
CUST001625,Pooja Das,7390041524,jaspreet.rathore385@outlook.com,570042,Mysuru,Karnataka,2024-03-31,WhatsApp Reseller
CUST001626,Amit Chauhan,6146709367,isha.chatterjee926@gmail.com,474064, Gwalior ,Madhya Pradesh,2024-10-08,Referral
CUST001627,Gurpreet Verma,8603161340,anil.shah131@gmail.com,625034,Madurai,Tamil Nadu,2024-09-24,Organic Search
CUST001628,Isha Patel,7286785150,ravi.rathore958@gmail.com,734095,Siliguri,West Bengal,2025-04-12,Organic Search
CUST001629,Sai Bhatt,8093636460,N/A,682009,Kochi,Kerala,2024-12-02,Facebook Ads
CUST001630,Priya Malhotra,7569619212,ramesh.agarwal582@outlook.com,342039,Jodhpur,Rajasthan,2025-09-20,WhatsApp Reseller
CUST001631,Sneha Rathore,9319630527,priya.sheikh210@outlook.com,506023,Warangal,Telangana,2024-07-15,Unknown
CUST001632,Priya Kumar,8690176319,lakshmi.bhatt436@yahoo.com,122087,Gurugram,Haryana,2024-11-26,Unknown
CUST001633,Ayesha Sharma,7063567357,N/A,734077,Siliguri,West Bengal,2025-06-15,Instagram Ads
CUST001634,Gurpreet Verma,6324827463,mohammed.kumar700@yahoo.com,400052,Mumbai,Maharashtra,2023-09-27,Facebook Ads
CUST001635,Rekha Sharma,8862185311,ananya.rathore781@gmail.com,400XX7,Mumbai,Maharashtra,2025-05-29,Organic Search
CUST001636,Ravi Khan,9281326598,aarav.reddy206@outlook.com,570091,Mysuru,Karnataka,2025-06-12,Referral
CUST001637,Zoya Reddy,6324527567,anil.khan351@gmail.com,208093,Kanpur,Uttar Pradesh,2024-09-17,Organic Search
CUST001638,Deepak Naidu,8249489185,harpreet.shah980@yahoo.com,462021,Bhopal,Madhya Pradesh,2025-11-30,Instagram Ads
CUST001639,Anil Mishra,6361657652,N/A,160072,Chandigarh,Chandigarh,2025-04-24,WhatsApp Reseller
CUST001640,Vivaan Agarwal,8849434577,suresh.bhatt405@gmail.com,831030,Jamshedpur,Jharkhand,2023-10-21,Instagram Ads
CUST001641,Vivaan Menon,6915956783,aadhya.desai714@rediffmail.com,781096,Guwahati,Assam,2025-02-18,Referral
CUST001642,Pooja Gupta,Check Number,N/A,474028,Gwalior,Madhya Pradesh,2023-11-26,WhatsApp Reseller
CUST001643,Ananya Sharma,9676372037,sandeep.iyer516@yahoo.com,121048,Faridabad,Haryana,2025-11-25,Unknown
CUST001644,Shreya Sheikh,9439677054,N/A,121032,Faridabad,Haryana,2024-06-18,Instagram Ads
CUST001645,Isha Joshi,6588681025,reyansh.kumar991@yahoo.com,600053,Chennai,Tamil Nadu,2024-07-19,WhatsApp Reseller
CUST001646,Aditya Desai,Missing,aarav.bhatt93@rediffmail.com,422040,Nashik,Maharashtra,2024-03-01,Referral
CUST001647,Arjun Malhotra,Missing,aditya.mishra215@rediffmail.com,440056,Nagpur,Maharashtra,2026-01-06,Instagram Ads
CUST001648,Myra Bhatt,6894131985,N/A,506025,Warangal,Telangana,2025-04-18,Unknown
CUST001649,Priya Khan,6119035940,N/A,360023,Rajkot,Gujarat,2024-04-20,Unknown
CUST001650,Harpreet Ansari,9676606289,N/A,474027,Gwalior,Madhya Pradesh,2025-12-26,WhatsApp Reseller
CUST001651,Deepak Das,6836329397,diya.banerjee771@outlook.com,226021,Lucknow,Uttar Pradesh,2024-08-04,Instagram Ads
CUST001652,Manoj Chatterjee,6786057767,anil.kumar722@yahoo.com,46202,Bhopal,Madhya Pradesh,2025-11-12,Instagram Ads
CUST001653,Aditya Mukherjee,7303606778,sunil.bhatt659@yahoo.com,641076,Coimbatore,Tamil Nadu,2025-05-01,Instagram Ads
CUST001654,Deepak Gupta,9745145375,farhan.mishra737@rediffmail.com,700038,Kolkata,West Bengal,2023-12-26,WhatsApp Reseller
CUST001655,Mohammed Kumar,6185111567,N/A,143058,Amritsar,Punjab,2023-09-09,Referral
CUST001656,Vihaan Ansari,6983831934,simran.verma182@outlook.com,834XX4,Ranchi,Jharkhand,2025-01-20,Instagram Ads
CUST001657,Simran Nair,7349524570,mohammed.bhatt902@rediffmail.com,560067,Bengaluru,Karnataka,2025-07-09,Facebook Ads
CUST001658,Aarav Rao,8271618628,ayesha.desai958@outlook.com,360032,Rajkot,Gujarat,2024-07-25,Facebook Ads
CUST001659,Vivaan Reddy,8787268193,N/A,781091,Guwahati,Assam,2024-10-09,Facebook Ads
CUST001660,Amit Sheikh,9253941854,neha.gupta864@yahoo.com,141067,Ludhiana,Punjab,2024-08-28,Instagram Ads
CUST001661,Kiara Mukherjee,Missing,ananya.rathore155@outlook.com,400041,Mumbai,Maharashtra,2025-12-11,Instagram Ads
CUST001662,Amit Joshi,6689621325,suresh.patel871@outlook.com,641040,Coimbatore,Tamil Nadu,2024-06-18,Instagram Ads
CUST001663,Vihaan Ansari,7309258728,isha.khan297@outlook.com,641085,Coimbatore,Tamil Nadu,2025-01-02,Facebook Ads
CUST001664,Manoj Das,7628033649,pooja.naidu908@outlook.com,201010,Ghaziabad,Uttar Pradesh,2026-01-16,Instagram Ads
CUST001665,Kiara Bhatt,Missing,reyansh.verma731@gmail.com,834030,Ranchi,Jharkhand,2024-02-08,WhatsApp Reseller
CUST001666,Mohammed Das,8796229511,N/A,282048,Agra,Uttar Pradesh,2025-01-26,Referral
CUST001667,Vihaan Patel,8690174953,shreya.shah109@outlook.com,831017,Jamshedpur,Jharkhand,2023-11-15,Organic Search
CUST001668,Geeta Joshi,9321650242,sandeep.rathore586@yahoo.com,560095,Bengaluru,Karnataka,2024-05-01,Referral
CUST001669,Aarav Ansari,8023050667,rekha.chatterjee240@yahoo.com,110099,New Delhi,Delhi,2024-04-15,Organic Search
CUST001670,Mohammed Mukherjee,7492202881,N/A,452056,Indore,Madhya Pradesh,2023-12-16,Facebook Ads
CUST001671,Ramesh Patel,Missing,mohammed.menon59@outlook.com,580091,Hubli,Karnataka,2024-05-21,Referral
CUST001672,Pooja Nair,7502749623,lakshmi.das303@gmail.com,208086,Kanpur,Uttar Pradesh,2024-05-27,Instagram Ads
CUST001673,Sunil Desai,8803308641,suresh.khan252@yahoo.com,221005,Varanasi,Uttar Pradesh,2025-07-01,Referral
CUST001674,Lakshmi Bhatt,6518237721,vihaan.chauhan260@rediffmail.com,282073,Agra,Uttar Pradesh,2024-03-16,Referral
CUST001675,Geeta Iyer,Missing,saanvi.sheikh263@rediffmail.com,500086,Hyderabad,Telangana,2025-09-27,Organic Search
CUST001676,Geeta Menon,9660723660,N/A,700013,Kolkata,West Bengal,2024-03-13,WhatsApp Reseller
CUST001677,Shreya Kumar,8043935160,sunil.menon726@rediffmail.com,226056,Lucknow,Uttar Pradesh,2024-09-06,Organic Search
CUST001678,Manoj Malhotra,7678175248,imran.nair500@outlook.com,462020,Bhopal,Madhya Pradesh,2025-04-11,Facebook Ads
CUST001679,Aarav Reddy,8395260885,sunil.naidu573@outlook.com,753037,Cuttack,Odisha,2025-06-21,WhatsApp Reseller
CUST001680,Harpreet Das,Check Number,deepak.joshi70@rediffmail.com,506049,Warangal,Telangana,2023-09-30,Organic Search
CUST001681,Ayesha Singh,Missing,N/A,208060,Kanpur,Uttar Pradesh,2024-05-18,Unknown
CUST001682,Vihaan Rathore,Missing,krishna.sheikh691@outlook.com,474040,Gwalior,Madhya Pradesh,2025-10-26,Referral
CUST001683,Gurpreet Malhotra,9716991658,kiara.yadav254@rediffmail.com,500015,Hyderabad,Telangana,2023-09-09,Unknown
CUST001684,Krishna Kumar,7818291278,rekha.rathore376@yahoo.com,580086,Hubli,Karnataka,2024-10-29,Referral
CUST001685,Pooja Singh,8537304376,kavita.chatterjee378@outlook.com,781002, Guwahati ,Assam,2024-08-08,Instagram Ads
CUST001686,Reyansh Iyer,Missing,N/A,462056,Bhopal,Madhya Pradesh,2024-02-05,Referral
CUST001687,Sandeep Verma,9296822885,sneha.kumar465@yahoo.com,600033,Chennai,Tamil Nadu,2025-03-19,Unknown
CUST001688,Zoya Singh,9366547587,simran.ansari991@yahoo.com,751061,Bhubaneswar,Odisha,2025-09-02,Instagram Ads
CUST001689,Jaspreet Sheikh,9771853601,N/A,313020,Udaipur,Rajasthan,2024-06-10,Referral
CUST001690,Saanvi Agarwal,Check Number,jaspreet.sheikh480@gmail.com,800027,Patna,Bihar,2025-10-01,Instagram Ads
CUST001691,Deepak Patel,6438817676,N/A,342094,Jodhpur,Rajasthan,2024-02-19,Organic Search
CUST001692,Rajesh Gupta,Check Number,lakshmi.patel670@gmail.com,781055,Guwahati,Assam,2025-06-09,Instagram Ads
CUST001693,Aditya Ansari,6340973122,riya.verma836@outlook.com,695055,Thiruvananthapuram,Kerala,2025-02-07,Referral
CUST001694,Jaspreet Khan,6694353286,deepak.joshi682@gmail.com,842008,Muzaffarpur,Bihar,2025-06-07,Instagram Ads
CUST001695,Diya Singh,9455526151,aarav.pillai357@rediffmail.com,641001,Coimbatore,Tamil Nadu,2025-06-17,Instagram Ads
CUST001696,Ravi Joshi,8123599896,mohammed.joshi407@yahoo.com,440031,Nagpur,Maharashtra,2024-07-06,Instagram Ads
CUST001697,Arjun Mukherjee,9519378495,diya.mishra822@yahoo.com,831032,Jamshedpur,Jharkhand,2025-02-12,Referral
CUST001698,Pankaj Chauhan,7461646152,N/A,831018,Jamshedpur,Jharkhand,2025-11-26,Organic Search
CUST001699,Riya Rathore,6297198840,manoj.shah901@rediffmail.com,440098,Nagpur,Maharashtra,2024-01-04,Unknown
CUST001700,Ishaan Agarwal,7008058899,imran.bhatt671@gmail.com,16003,Chandigarh,Chandigarh,2023-10-27,Instagram Ads
CUST001701,Jaspreet Singh,Check Number,sandeep.nair71@gmail.com,440053,Nagpur,Maharashtra,2024-07-15,Unknown
CUST001702,Pooja Agarwal,9428125983,ananya.verma469@rediffmail.com,110071,New Delhi,Delhi,2025-08-21,Unknown
CUST001703,Arjun Bhatt,6331465657,krishna.menon430@outlook.com,842065,Muzaffarpur,Bihar,2024-05-29,WhatsApp Reseller
CUST001704,Vihaan Das,9416450862,N/A,753016,Cuttack,Odisha,2025-02-13,Organic Search
CUST001705,Harpreet Joshi,6261395574,ravi.singh517@gmail.com,143064,Amritsar,Punjab,2025-04-30,WhatsApp Reseller
CUST001706,Neha Khan,7788598819,ramesh.shah393@rediffmail.com,208025,Kanpur,Uttar Pradesh,2025-01-20,Organic Search
CUST001707,Ramesh Sheikh,6275341839,gurpreet.menon353@rediffmail.com,143060,Amritsar,Punjab,2024-10-20,Facebook Ads
CUST001708,Vivaan Gupta,6629450269,deepak.nair796@rediffmail.com,141035,Ludhiana,Punjab,2024-08-24,Instagram Ads
CUST001709,Pankaj Gupta,6866790667,priya.chauhan494@yahoo.com,695091,Thiruvananthapuram,Kerala,2025-05-25,Referral
CUST001710,Lakshmi Iyer,9018777953,N/A,462027,Bhopal,Madhya Pradesh,2025-06-11,Facebook Ads
CUST001711,Zoya Agarwal,7774575021,N/A,221012,Varanasi,Uttar Pradesh,2025-09-23,Organic Search
CUST001712,Gurpreet Banerjee,9884204759,myra.mukherjee680@rediffmail.com,44006,Nagpur,Maharashtra,2025-06-14,Facebook Ads
CUST001713,Diya Rathore,6254616794,vikas.khan464@gmail.com,682097,Kochi,Kerala,2024-06-08,Unknown
CUST001714,Sai Bhatt,8592118572,N/A,580035,Hubli,Karnataka,2023-12-30,Organic Search
CUST001715,Riya Reddy,9549977917,N/A,141070, Ludhiana ,Punjab,2024-12-18,Unknown
CUST001716,Lakshmi Rao,6625157595,anil.menon773@gmail.com,221050,Varanasi,Uttar Pradesh,2025-08-03,Referral
CUST001717,Aarav Sharma,8872422749,ramesh.mukherjee721@yahoo.com,831066,Jamshedpur,Jharkhand,2024-08-27,Organic Search
CUST001718,Deepak Kumar,7433536757,geeta.mishra218@rediffmail.com,160016,Chandigarh,Chandigarh,2024-06-11,WhatsApp Reseller
CUST001719,Vihaan Reddy,Missing,gurpreet.khan605@outlook.com,500XX2,Hyderabad,Telangana,2025-03-08,Facebook Ads
CUST001720,Suresh Gupta,6746669747,jaspreet.gupta471@gmail.com,380021,Ahmedabad,Gujarat,2026-01-02,Organic Search
CUST001721,Myra Naidu,Missing,rohit.mukherjee776@yahoo.com,380073,Ahmedabad,Gujarat,2024-03-31,Organic Search
CUST001722,Aadhya Chatterjee,6072839476,N/A,560048,Bengaluru,Karnataka,2024-09-18,WhatsApp Reseller
CUST001723,Ravi Ansari,9275644390,arjun.khan620@rediffmail.com,226051, Lucknow ,Uttar Pradesh,2024-03-31,Organic Search
CUST001724,Krishna Naidu,6640787048,aadhya.pillai670@rediffmail.com,143096,Amritsar,Punjab,2024-02-04,Organic Search
CUST001725,Shreya Nair,7729598677,vihaan.chatterjee370@rediffmail.com,781074,Guwahati,Assam,2024-03-17,Unknown
CUST001726,Ayesha Shah,8482700293,simran.rao108@yahoo.com,474050,Gwalior,Madhya Pradesh,2024-05-23,Organic Search
CUST001727,Arjun Nair,8157712918,N/A,411075,Pune,Maharashtra,2025-08-25,Organic Search
CUST001728,Zoya Chatterjee,7552858706,tanvi.kumar787@yahoo.com,600091,Chennai,Tamil Nadu,2024-03-21,Instagram Ads
CUST001729,Vikas Rathore,7596472684,geeta.iyer423@rediffmail.com,143041,Amritsar,Punjab,2024-07-25,Referral
CUST001730,Manoj Mukherjee,Missing,rekha.verma958@outlook.com,400094,Mumbai,Maharashtra,2025-09-29,Referral
CUST001731,Rekha Singh,6108867974,ramesh.gupta603@yahoo.com,682098,Kochi,Kerala,2025-02-20,Facebook Ads
CUST001732,Shreya Das,7347749633,N/A,560088,Bengaluru,Karnataka,2023-11-20,Referral
CUST001733,Farhan Sharma,9345052194,N/A,753053,Cuttack,Odisha,2025-11-17,Organic Search
CUST001734,Arjun Iyer,9366098591,sai.mishra770@rediffmail.com,302092,Jaipur,Rajasthan,2024-06-02,WhatsApp Reseller
CUST001735,Kavita Rathore,8895571319,N/A,641055,Coimbatore,Tamil Nadu,2024-04-11,Instagram Ads
CUST001736,Sunita Chauhan,7123848775,arjun.naidu878@gmail.com,500096,Hyderabad,Telangana,2025-05-21,Instagram Ads
CUST001737,Tanvi Joshi,7900059054,krishna.mishra236@outlook.com,506046,Warangal,Telangana,2024-06-05,Referral
CUST001738,Neha Das,7712393306,saanvi.mukherjee899@yahoo.com,452047,Indore,Madhya Pradesh,2025-06-17,Unknown
CUST001739,Rajesh Banerjee,7196087875,lakshmi.khan881@yahoo.com,360060,Rajkot,Gujarat,2026-01-12,Facebook Ads
CUST001740,Sunita Mishra,7666097978,imran.sharma810@gmail.com,422037,Nashik,Maharashtra,2024-06-09,Organic Search
CUST001741,Ravi Patel,6107932265,kavita.patel354@rediffmail.com,141002,Ludhiana,Punjab,2024-05-27,Unknown
CUST001742,Geeta Singh,Check Number,tanvi.rathore312@gmail.com,734091,Siliguri,West Bengal,2024-11-23,Referral
CUST001743,Jaspreet Banerjee,7683950705,saanvi.bhatt47@outlook.com,713057,Asansol,West Bengal,2025-07-16,Referral
CUST001744,Manoj Nair,7785379821,N/A,842060,Muzaffarpur,Bihar,2024-12-31,Unknown
CUST001745,Aditya Rao,7068483681,ananya.reddy549@outlook.com,313085,Udaipur,Rajasthan,2024-07-02,Organic Search
CUST001746,Rajesh Mukherjee,8410577250,N/A,713069,Asansol,West Bengal,2025-02-08,Organic Search
CUST001747,Imran Chauhan,9208024104,vihaan.naidu479@rediffmail.com,143014, Amritsar ,Punjab,2025-06-30,Unknown
CUST001748,Imran Khan,9134047500,N/A,160082, Chandigarh ,Chandigarh,2025-11-05,Organic Search
CUST001749,Riya Verma,8935658036,N/A,452021,Indore,Madhya Pradesh,2024-05-05,Unknown
CUST001750,Aditya Rathore,6424496639,aditya.pillai36@rediffmail.com,121075,Faridabad,Haryana,2024-09-23,Instagram Ads
CUST001751,Harpreet Joshi,9725140961,N/A,695063,Thiruvananthapuram,Kerala,2023-08-23,Referral
CUST001752,Rekha Malhotra,6384691281,reyansh.banerjee259@rediffmail.com,570052,Mysuru,Karnataka,2024-12-12,Facebook Ads
CUST001753,Farhan Nair,9987622957,shreya.desai965@rediffmail.com,16004,Chandigarh,Chandigarh,2025-08-27,WhatsApp Reseller
CUST001754,Deepak Agarwal,9160426144,suresh.chatterjee38@rediffmail.com,641013,Coimbatore,Tamil Nadu,2025-10-02,Instagram Ads
CUST001755,Lakshmi Pillai,9945419137,priya.shah519@outlook.com,68201,Kochi,Kerala,2024-03-28,Organic Search
CUST001756,Ravi Malhotra,7760741464,neha.sharma816@yahoo.com,201015,Ghaziabad,Uttar Pradesh,2024-06-03,Instagram Ads
CUST001757,Ayesha Gupta,9213841551,rajesh.ansari361@rediffmail.com,734080,Siliguri,West Bengal,2025-02-17,Instagram Ads
CUST001758,Lakshmi Khan,7072712633,simran.ansari189@yahoo.com,570013,Mysuru,Karnataka,2024-07-27,Organic Search
CUST001759,Myra Nair,9746958819,pooja.menon395@outlook.com,302058,Jaipur,Rajasthan,2024-10-27,WhatsApp Reseller
CUST001760,Sunil Shah,8726684905,isha.yadav920@outlook.com,800026,Patna,Bihar,2025-05-03,Unknown
CUST001761,Reyansh Chauhan,Missing,myra.das43@yahoo.com,226068,Lucknow,Uttar Pradesh,2023-08-21,Instagram Ads
CUST001762,Reyansh Rathore,6236280193,simran.pillai937@rediffmail.com,831009,Jamshedpur,Jharkhand,2024-01-18,Facebook Ads
CUST001763,Rekha Malhotra,6591066086,N/A,45205,Indore,Madhya Pradesh,2024-09-24,Facebook Ads
CUST001764,Geeta Joshi,8182613506,N/A,143061,Amritsar,Punjab,2025-03-20,Unknown
CUST001765,Ishaan Sheikh,6997526866,vihaan.joshi220@outlook.com,411097,Pune,Maharashtra,2024-12-24,Facebook Ads
CUST001766,Aditya Mishra,7087143903,N/A,160006,Chandigarh,Chandigarh,2025-04-10,Organic Search
CUST001767,Aditya Chauhan,8748579888,arjun.nair173@outlook.com,342015,Jodhpur,Rajasthan,2024-12-21,WhatsApp Reseller
CUST001768,Ishaan Desai,8401493847,zoya.das241@gmail.com,226051,Lucknow,Uttar Pradesh,2025-08-08,Organic Search
CUST001769,Vihaan Chauhan,7463669837,zoya.khan666@rediffmail.com,360035,Rajkot,Gujarat,2025-12-10,WhatsApp Reseller
CUST001770,Aditya Sharma,9099031721,arjun.naidu233@rediffmail.com,506090,Warangal,Telangana,2025-01-28,Facebook Ads
CUST001771,Amit Mukherjee,8010146019,aadhya.chatterjee191@gmail.com,160055,Chandigarh,Chandigarh,2023-10-30,Referral
CUST001772,Aadhya Gupta,7663316140,N/A,682010, Kochi ,Kerala,2024-07-01,Instagram Ads
CUST001773,Priya Verma,8081900567,kiara.khan367@yahoo.com,625028,Madurai,Tamil Nadu,2024-01-07,Organic Search
CUST001774,Diya Iyer,Missing,gurpreet.patel826@outlook.com,201012,Ghaziabad,Uttar Pradesh,2025-01-27,Facebook Ads
CUST001775,Ananya Reddy,9414905717,rohit.kumar731@outlook.com,800079,Patna,Bihar,2024-06-16,Unknown
CUST001776,Farhan Patel,9898916831,N/A,682033,Kochi,Kerala,2023-12-08,Instagram Ads
CUST001777,Lakshmi Das,9731371741,aarav.ansari420@outlook.com,695039,Thiruvananthapuram,Kerala,2023-10-30,WhatsApp Reseller
CUST001778,Jaspreet Rao,6761706130,riya.kumar463@yahoo.com,734011,Siliguri,West Bengal,2024-10-02,Referral
CUST001779,Vivaan Nair,9564001915,ishaan.menon409@gmail.com,625056,Madurai,Tamil Nadu,2025-08-19,Referral
CUST001780,Neha Reddy,6147546624,kavita.kumar130@yahoo.com,160007,Chandigarh,Chandigarh,2024-11-27,Facebook Ads
CUST001781,Sai Yadav,6389515923,N/A,110096,New Delhi,Delhi,2023-11-09,Facebook Ads
CUST001782,Ramesh Menon,Check Number,isha.singh954@yahoo.com,208037,Kanpur,Uttar Pradesh,2025-10-24,Unknown
CUST001783,Riya Sharma,6786957601,sandeep.rathore233@gmail.com,121089,Faridabad,Haryana,2023-12-19,Unknown
CUST001784,Sneha Rao,7597369701,lakshmi.menon369@yahoo.com,800046,Patna,Bihar,2024-09-19,Organic Search
CUST001785,Priya Sharma,6118596897,N/A,842002,Muzaffarpur,Bihar,2025-12-14,Referral
CUST001786,Sunita Malhotra,8726680639,diya.das79@outlook.com,751012,Bhubaneswar,Odisha,2025-02-08,Referral
CUST001787,Harpreet Malhotra,9278908806,N/A,695085,Thiruvananthapuram,Kerala,2024-01-25,Instagram Ads
CUST001788,Manoj Kumar,7312567725,simran.sheikh854@yahoo.com,751044,Bhubaneswar,Odisha,2025-09-12,Organic Search
CUST001789,Deepak Sheikh,8277323573,priya.patel930@gmail.com,342039,Jodhpur,Rajasthan,2024-02-27,Organic Search
CUST001790,Sunita Iyer,8250592530,rajesh.mukherjee368@outlook.com,751090,Bhubaneswar,Odisha,2025-06-02,Facebook Ads
CUST001791,Deepak Desai,6612921351,N/A,506003,Warangal,Telangana,2025-07-01,Referral
CUST001792,Priya Banerjee,8123222320,myra.rathore771@rediffmail.com,342060,Jodhpur,Rajasthan,2023-08-27,Instagram Ads
CUST001793,Reyansh Nair,8878379213,N/A,22608,Lucknow,Uttar Pradesh,2024-06-13,Facebook Ads
CUST001794,Zoya Singh,9844988380,shreya.iyer666@outlook.com,641029, Coimbatore ,Tamil Nadu,2025-11-24,Referral
CUST001795,Rajesh Iyer,8540770053,mohammed.khan966@yahoo.com,831033,Jamshedpur,Jharkhand,2025-05-21,Referral
CUST001796,Diya Desai,Check Number,N/A,831008,Jamshedpur,Jharkhand,2024-07-13,Referral
CUST001797,Myra Reddy,6666706331,arjun.sheikh442@gmail.com,842075,Muzaffarpur,Bihar,2023-09-15,WhatsApp Reseller
CUST001798,Aadhya Pillai,7779170379,aadhya.sharma425@gmail.com,201074,Ghaziabad,Uttar Pradesh,2024-09-18,WhatsApp Reseller
CUST001799,Sunita Kumar,8742468473,mohammed.verma787@outlook.com,141017,Ludhiana,Punjab,2025-12-17,Unknown
CUST001800,Vikas Shah,9209578903,simran.chatterjee12@gmail.com,208096,Kanpur,Uttar Pradesh,2025-01-04,WhatsApp Reseller
CUST001801,Mohammed Yadav,6744205405,zoya.malhotra708@rediffmail.com,221035, Varanasi ,Uttar Pradesh,2025-04-23,Organic Search
CUST001802,Jaspreet Shah,Missing,vivaan.gupta230@rediffmail.com,842010, Muzaffarpur ,Bihar,2024-05-27,Referral
CUST001803,Sunita Sharma,8654840000,aditya.sharma300@outlook.com,560045,Bengaluru,Karnataka,2024-04-27,Facebook Ads
CUST001804,Rekha Naidu,9048992466,vikas.yadav62@gmail.com,800067,Patna,Bihar,2024-01-14,Referral
CUST001805,Ananya Ansari,9525081595,sneha.nair112@rediffmail.com,380056,Ahmedabad,Gujarat,2025-10-10,Organic Search
CUST001806,Shreya Yadav,9631032319,sunita.verma167@rediffmail.com,221048,Varanasi,Uttar Pradesh,2025-11-21,Instagram Ads
CUST001807,Suresh Das,7441832811,myra.bhatt455@yahoo.com,560095,Bengaluru,Karnataka,2024-06-04,Unknown
CUST001808,Gurpreet Patel,8914489400,sneha.banerjee348@rediffmail.com,751030,Bhubaneswar,Odisha,2023-10-19,Unknown
CUST001809,Jaspreet Rao,6737676497,vikas.rathore47@rediffmail.com,800018,Patna,Bihar,2024-07-08,Organic Search
CUST001810,Ishaan Bhatt,9676660919,saanvi.agarwal374@yahoo.com,160032,Chandigarh,Chandigarh,2024-11-25,WhatsApp Reseller
CUST001811,Vikas Yadav,6856759105,ramesh.pillai806@yahoo.com,226093,Lucknow,Uttar Pradesh,2025-10-09,Organic Search
CUST001812,Sneha Bhatt,6405770250,zoya.mukherjee986@rediffmail.com,440036,Nagpur,Maharashtra,2024-03-26,WhatsApp Reseller
CUST001813,Mohammed Kumar,7744845557,amit.ansari420@yahoo.com,842043,Muzaffarpur,Bihar,2024-10-20,Unknown
CUST001814,Rajesh Agarwal,6727728276,N/A,700091,Kolkata,West Bengal,2026-01-05,Unknown
CUST001815,Ravi Sharma,6276448294,zoya.verma58@outlook.com,834050,Ranchi,Jharkhand,2024-11-22,Organic Search
CUST001816,Sandeep Mishra,8716491916,N/A,506087,Warangal,Telangana,2023-08-25,Facebook Ads
CUST001817,Reyansh Banerjee,9807982307,N/A,734095,Siliguri,West Bengal,2025-12-27,Facebook Ads
CUST001818,Sunita Das,7494180169,pankaj.shah121@gmail.com,226022,Lucknow,Uttar Pradesh,2023-12-05,Referral
CUST001819,Reyansh Joshi,6465951120,kiara.desai834@gmail.com,201077,Ghaziabad,Uttar Pradesh,2025-11-24,Organic Search
CUST001820,Priya Kumar,7837542884,sunita.pillai491@yahoo.com,834070,Ranchi,Jharkhand,2024-06-18,Facebook Ads
CUST001821,Harpreet Patel,7179316250,imran.mukherjee203@yahoo.com,400079,Mumbai,Maharashtra,2023-10-20,Unknown
CUST001822,Sandeep Sheikh,7687793889,sunil.gupta821@yahoo.com,823055,Gaya,Bihar,2024-03-12,Instagram Ads
CUST001823,Rekha Banerjee,8076296965,jaspreet.das103@rediffmail.com,506009,Warangal,Telangana,2023-11-17,Instagram Ads
CUST001824,Aarav Mishra,7943370265,reyansh.das636@outlook.com,110045,New Delhi,Delhi,2024-02-11,Referral
CUST001825,Vivaan Agarwal,9731370017,saanvi.gupta927@outlook.com,831003,Jamshedpur,Jharkhand,2025-11-12,Facebook Ads
CUST001826,Simran Bhatt,7397010149,ananya.gupta847@yahoo.com,121020,Faridabad,Haryana,2024-02-10,Referral
CUST001827,Arjun Reddy,9602514358,N/A,400071, Mumbai ,Maharashtra,2024-12-03,Instagram Ads
CUST001828,Mohammed Pillai,8960276934,amit.chauhan497@outlook.com,422041,Nashik,Maharashtra,2025-11-09,Organic Search
CUST001829,Sunita Mukherjee,9406948617,priya.agarwal109@yahoo.com,143063,Amritsar,Punjab,2025-03-14,Organic Search
CUST001830,Manoj Sharma,8570826786,mohammed.agarwal48@rediffmail.com,422037,Nashik,Maharashtra,2025-01-20,Unknown
CUST001831,Priya Menon,6880501513,lakshmi.ansari426@yahoo.com,141032,Ludhiana,Punjab,2024-05-03,Referral
CUST001832,Priya Gupta,6420768170,N/A,800046,Patna,Bihar,2025-09-08,WhatsApp Reseller
CUST001833,Deepak Banerjee,6541715007,sai.sheikh852@outlook.com,834014,Ranchi,Jharkhand,2023-11-19,Referral
CUST001834,Manoj Iyer,9618677066,simran.gupta619@yahoo.com,641022,Coimbatore,Tamil Nadu,2024-10-05,Referral
CUST001835,Aarav Khan,8272597833,deepak.malhotra997@rediffmail.com,221006,Varanasi,Uttar Pradesh,2025-07-06,Facebook Ads
CUST001836,Aditya Mukherjee,8769880122,ravi.naidu133@gmail.com,682053,Kochi,Kerala,2023-12-06,Facebook Ads
CUST001837,Tanvi Verma,7063703559,pankaj.singh326@gmail.com,734048,Siliguri,West Bengal,2024-09-17,Facebook Ads
CUST001838,Farhan Joshi,7602536873,vihaan.shah152@yahoo.com,452035,Indore,Madhya Pradesh,2024-12-13,Organic Search
CUST001839,Vivaan Shah,Check Number,shreya.sharma448@outlook.com,753037,Cuttack,Odisha,2025-05-03,Unknown
CUST001840,Vivaan Menon,8608970649,riya.nair482@rediffmail.com,452000,Indore,Madhya Pradesh,2025-06-10,Referral
CUST001841,Mohammed Pillai,8702789027,zoya.singh193@gmail.com,781XX8,Guwahati,Assam,2023-10-05,WhatsApp Reseller
CUST001842,Geeta Chatterjee,6842740628,N/A,360040, Rajkot ,Gujarat,2025-03-03,Instagram Ads
CUST001843,Zoya Agarwal,9117887505,pankaj.pillai709@gmail.com,110081,New Delhi,Delhi,2025-03-11,Unknown
CUST001844,Pooja Singh,6740451569,aadhya.reddy822@yahoo.com,122089,Gurugram,Haryana,2023-10-14,WhatsApp Reseller
CUST001845,Priya Mishra,6925239060,saanvi.yadav831@gmail.com,452019,Indore,Madhya Pradesh,2024-06-14,Facebook Ads
CUST001846,Pankaj Bhatt,6936694364,N/A,500039,Hyderabad,Telangana,2025-07-06,WhatsApp Reseller
CUST001847,Suresh Joshi,8146318798,suresh.menon234@yahoo.com,28209,Agra,Uttar Pradesh,2025-01-16,Facebook Ads
CUST001848,Kavita Rathore,9025092704,sandeep.das252@outlook.com,208054,Kanpur,Uttar Pradesh,2024-02-24,Unknown
CUST001849,Aditya Pillai,9636805373,N/A,143005, Amritsar ,Punjab,2024-12-30,WhatsApp Reseller
CUST001850,Deepak Chauhan,9210986367,riya.patel518@gmail.com,302069,Jaipur,Rajasthan,2025-04-06,Organic Search
CUST001851,Lakshmi Ansari,7790425284,lakshmi.malhotra24@outlook.com,570009,Mysuru,Karnataka,2023-09-11,Unknown
CUST001852,Tanvi Shah,9031080834,aarav.shah560@rediffmail.com,800033,Patna,Bihar,2025-10-21,WhatsApp Reseller
CUST001853,Neha Agarwal,8658672602,arjun.ansari517@gmail.com,452054,Indore,Madhya Pradesh,2025-12-18,Instagram Ads
CUST001854,Rajesh Chauhan,6878037825,myra.mishra110@yahoo.com,781067,Guwahati,Assam,2024-05-22,Instagram Ads
CUST001855,Rekha Khan,6421756247,N/A,842014,Muzaffarpur,Bihar,2024-09-21,Facebook Ads
CUST001856,Isha Bhatt,7084078464,amit.singh341@outlook.com,440052,Nagpur,Maharashtra,2025-02-06,Organic Search
CUST001857,Mohammed Rao,8542458667,diya.desai622@gmail.com,380020,Ahmedabad,Gujarat,2024-03-25,WhatsApp Reseller
CUST001858,Ramesh Ansari,6382738688,myra.shah139@yahoo.com,282085,Agra,Uttar Pradesh,2025-12-19,Facebook Ads
CUST001859,Priya Yadav,7966103565,N/A,734083,Siliguri,West Bengal,2024-04-10,Facebook Ads
CUST001860,Sunita Nair,Missing,N/A,580054,Hubli,Karnataka,2025-09-05,Unknown
CUST001861,Ramesh Gupta,6009166595,N/A,440012,Nagpur,Maharashtra,2024-06-12,Organic Search
CUST001862,Jaspreet Bhatt,7052258987,N/A,141052,Ludhiana,Punjab,2024-04-02,WhatsApp Reseller
CUST001863,Jaspreet Mishra,6171340250,suresh.iyer181@yahoo.com,121053,Faridabad,Haryana,2025-12-17,WhatsApp Reseller
CUST001864,Amit Ansari,9505347741,suresh.sharma161@rediffmail.com,834045,Ranchi,Jharkhand,2025-03-25,WhatsApp Reseller
CUST001865,Farhan Shah,8920415528,ananya.menon234@gmail.com,506012,Warangal,Telangana,2025-02-15,Facebook Ads
CUST001866,Myra Khan,9744433294,deepak.rathore439@outlook.com,411093,Pune,Maharashtra,2024-03-29,Organic Search
CUST001867,Priya Khan,8972834190,N/A,625076,Madurai,Tamil Nadu,2025-09-22,Facebook Ads
CUST001868,Ananya Desai,Check Number,sunita.menon52@yahoo.com,753075,Cuttack,Odisha,2024-08-30,Organic Search
CUST001869,Rajesh Gupta,8345651234,priya.iyer58@outlook.com,452065,Indore,Madhya Pradesh,2024-06-25,Facebook Ads
CUST001870,Myra Desai,Check Number,harpreet.rao127@yahoo.com,110009,New Delhi,Delhi,2024-01-12,Organic Search
CUST001871,Rohit Singh,8447889377,vihaan.mukherjee877@gmail.com,823079,Gaya,Bihar,2024-04-20,Unknown
CUST001872,Ayesha Ansari,8326572079,priya.pillai503@gmail.com,570079,Mysuru,Karnataka,2025-09-21,Facebook Ads
CUST001873,Kavita Chauhan,7999636918,neha.iyer111@yahoo.com,641046,Coimbatore,Tamil Nadu,2024-05-24,Facebook Ads
CUST001874,Ravi Naidu,8159952747,rekha.rao759@outlook.com,395046,Surat,Gujarat,2025-08-16,Facebook Ads
CUST001875,Vikas Desai,7475619617,shreya.verma146@gmail.com,110002,New Delhi,Delhi,2024-04-09,Organic Search
CUST001876,Pankaj Menon,9005125380,suresh.reddy98@gmail.com,823027,Gaya,Bihar,2024-03-25,WhatsApp Reseller
CUST001877,Harpreet Joshi,7746226897,N/A,226033,Lucknow,Uttar Pradesh,2025-08-11,Facebook Ads
CUST001878,Vikas Chatterjee,6444941996,N/A,831033,Jamshedpur,Jharkhand,2026-01-06,WhatsApp Reseller
CUST001879,Geeta Mishra,8736850705,rekha.kumar358@gmail.com,143015,Amritsar,Punjab,2023-12-09,Unknown
CUST001880,Vikas Kumar,6445661966,riya.banerjee816@gmail.com,360092,Rajkot,Gujarat,2024-11-14,Instagram Ads
CUST001881,Sai Sharma,8576475665,saanvi.pillai143@outlook.com,400038,Mumbai,Maharashtra,2023-12-07,Instagram Ads
CUST001882,Amit Naidu,6946214706,ayesha.rao343@yahoo.com,753059,Cuttack,Odisha,2026-01-11,Instagram Ads
CUST001883,Pooja Patel,Missing,geeta.sheikh541@gmail.com,226053,Lucknow,Uttar Pradesh,2023-11-30,Unknown
CUST001884,Farhan Bhatt,9616903670,vihaan.iyer122@gmail.com,560073,Bengaluru,Karnataka,2025-10-10,WhatsApp Reseller
CUST001885,Saanvi Singh,9709960874,arjun.bhatt153@yahoo.com,600065,Chennai,Tamil Nadu,2024-03-13,WhatsApp Reseller
CUST001886,Gurpreet Chauhan,7437596868,diya.mishra260@yahoo.com,395029, Surat ,Gujarat,2025-03-20,Instagram Ads
CUST001887,Imran Desai,Missing,saanvi.bhatt780@yahoo.com,221019,Varanasi,Uttar Pradesh,2024-09-20,Organic Search
CUST001888,Neha Sharma,7464913716,vihaan.desai286@yahoo.com,395027,Surat,Gujarat,2025-11-26,Organic Search
CUST001889,Sunita Joshi,6518136900,vikas.shah50@rediffmail.com,781039,Guwahati,Assam,2025-06-05,Unknown
CUST001890,Imran Singh,8278911926,rekha.shah56@gmail.com,360054,Rajkot,Gujarat,2025-11-27,Referral
CUST001891,Sai Yadav,9117729420,sunita.verma571@gmail.com,800066,Patna,Bihar,2025-03-23,Instagram Ads
CUST001892,Priya Shah,8724003031,N/A,682044,Kochi,Kerala,2026-01-21,Facebook Ads
CUST001893,Pankaj Das,8194958325,N/A,682051,Kochi,Kerala,2025-03-21,Facebook Ads
CUST001894,Amit Chauhan,8942682395,priya.reddy711@rediffmail.com,143023,Amritsar,Punjab,2024-11-05,Referral
CUST001895,Isha Bhatt,8151398553,aadhya.chauhan371@gmail.com,160027,Chandigarh,Chandigarh,2025-03-18,Instagram Ads
CUST001896,Mohammed Kumar,7434213957,N/A,302000,Jaipur,Rajasthan,2023-10-20,Referral
CUST001897,Gurpreet Iyer,8804829407,N/A,400094,Mumbai,Maharashtra,2024-11-28,WhatsApp Reseller
CUST001898,Harpreet Pillai,7587360805,ishaan.rao693@yahoo.com,313096,Udaipur,Rajasthan,2023-08-28,Organic Search
CUST001899,Vivaan Gupta,9034147756,N/A,625062,Madurai,Tamil Nadu,2025-01-15,WhatsApp Reseller
CUST001900,Aarav Rathore,8382898122,sandeep.nair675@outlook.com,360042,Rajkot,Gujarat,2024-10-06,Unknown
CUST001901,Amit Banerjee,8622208346,riya.iyer820@yahoo.com,506087,Warangal,Telangana,2023-11-13,Referral
CUST001902,Ayesha Verma,7994510683,rohit.shah145@gmail.com,462074,Bhopal,Madhya Pradesh,2024-03-09,Instagram Ads
CUST001903,Geeta Rathore,6036305695,isha.menon426@yahoo.com,695004,Thiruvananthapuram,Kerala,2025-07-27,Referral
CUST001904,Mohammed Patel,6888608110,pooja.shah763@yahoo.com,141026, Ludhiana ,Punjab,2025-06-27,WhatsApp Reseller
CUST001905,Isha Chatterjee,8443721326,gurpreet.sheikh507@outlook.com,411027,Pune,Maharashtra,2024-08-31,Referral
CUST001906,Riya Malhotra,7843097975,N/A,474071,Gwalior,Madhya Pradesh,2025-11-16,Referral
CUST001907,Jaspreet Chauhan,7112659746,N/A,395009, Surat ,Gujarat,2023-09-17,Instagram Ads
CUST001908,Myra Bhatt,6185920630,krishna.banerjee353@yahoo.com,342021,Jodhpur,Rajasthan,2024-02-12,Referral
CUST001909,Kiara Singh,Missing,arjun.mishra617@yahoo.com,452008,Indore,Madhya Pradesh,2025-02-14,Facebook Ads
CUST001910,Isha Sharma,7098194014,ayesha.gupta887@yahoo.com,313004,Udaipur,Rajasthan,2024-07-25,Facebook Ads
CUST001911,Jaspreet Das,6635333501,gurpreet.patel432@yahoo.com,440008,Nagpur,Maharashtra,2024-04-25,Referral
CUST001912,Aditya Agarwal,8133209673,anil.rao960@yahoo.com,506000,Warangal,Telangana,2025-05-27,WhatsApp Reseller
CUST001913,Suresh Yadav,6363857433,anil.chatterjee895@gmail.com,781003,Guwahati,Assam,2024-03-07,Facebook Ads
CUST001914,Geeta Mukherjee,7146500394,zoya.bhatt863@rediffmail.com,682086,Kochi,Kerala,2025-01-11,Unknown
CUST001915,Ananya Verma,6232016519,sunil.sharma416@gmail.com,800014,Patna,Bihar,2024-04-14,Organic Search
CUST001916,Jaspreet Desai,9750461622,lakshmi.khan969@rediffmail.com,700093,Kolkata,West Bengal,2025-10-02,WhatsApp Reseller
CUST001917,Amit Khan,6204871036,imran.nair292@outlook.com,781037,Guwahati,Assam,2024-07-10,Unknown
CUST001918,Riya Malhotra,8531459550,vihaan.verma149@gmail.com,500092,Hyderabad,Telangana,2025-10-07,Instagram Ads
CUST001919,Ishaan Naidu,8361090982,vihaan.khan535@gmail.com,600055,Chennai,Tamil Nadu,2025-05-17,Facebook Ads
CUST001920,Vikas Das,7252553134,vikas.yadav191@yahoo.com,580073,Hubli,Karnataka,2026-01-26,Instagram Ads
CUST001921,Aditya Singh,9905848281,pankaj.reddy217@outlook.com,282XX3,Agra,Uttar Pradesh,2024-03-08,Facebook Ads
CUST001922,Isha Ansari,6206464676,N/A,474006,Gwalior,Madhya Pradesh,2024-11-25,Unknown
CUST001923,Isha Bhatt,7999257099,N/A,682044,Kochi,Kerala,2025-11-14,Instagram Ads
CUST001924,Riya Bhatt,7286591819,N/A,201026,Ghaziabad,Uttar Pradesh,2024-08-09,Instagram Ads
CUST001925,Ramesh Chauhan,7038840167,ravi.desai146@gmail.com,313082,Udaipur,Rajasthan,2026-01-17,Referral
CUST001926,Aditya Shah,8540691438,ramesh.chauhan213@rediffmail.com,474098,Gwalior,Madhya Pradesh,2024-10-20,Instagram Ads
CUST001927,Ramesh Shah,Check Number,N/A,580081,Hubli,Karnataka,2024-09-12,Instagram Ads
CUST001928,Amit Chatterjee,8134307683,rajesh.menon520@outlook.com,580088,Hubli,Karnataka,2024-12-13,Organic Search
CUST001929,Harpreet Khan,7423637437,aditya.gupta224@gmail.com,440033,Nagpur,Maharashtra,2025-02-04,Organic Search
CUST001930,Ramesh Pillai,6147620734,sunita.agarwal811@yahoo.com,160039,Chandigarh,Chandigarh,2023-10-31,Instagram Ads
CUST001931,Sneha Mishra,6168859266,shreya.pillai20@gmail.com,580082,Hubli,Karnataka,2023-08-25,WhatsApp Reseller
CUST001932,Krishna Das,6656088041,pankaj.verma770@yahoo.com,313051,Udaipur,Rajasthan,2025-12-17,Facebook Ads
CUST001933,Deepak Reddy,9363149318,vikas.malhotra137@yahoo.com,600025,Chennai,Tamil Nadu,2025-11-26,Instagram Ads
CUST001934,Kiara Sharma,7491164764,harpreet.chauhan203@outlook.com,400012,Mumbai,Maharashtra,2024-04-07,Organic Search
CUST001935,Simran Patel,6815539258,N/A,83406,Ranchi,Jharkhand,2025-09-20,Instagram Ads
CUST001936,Sunita Menon,7874907264,arjun.sharma347@gmail.com,110011,New Delhi,Delhi,2024-01-20,WhatsApp Reseller
CUST001937,Myra Mishra,8930822781,rajesh.mukherjee256@rediffmail.com,380099,Ahmedabad,Gujarat,2024-03-18,Facebook Ads
CUST001938,Vikas Patel,9115623067,arjun.ansari590@rediffmail.com,342004,Jodhpur,Rajasthan,2025-12-20,Facebook Ads
CUST001939,Priya Das,7083624874,ravi.patel220@outlook.com,462071,Bhopal,Madhya Pradesh,2026-02-01,Organic Search
CUST001940,Vivaan Sheikh,8136899065,pooja.gupta715@outlook.com,625032,Madurai,Tamil Nadu,2024-12-11,Organic Search
CUST001941,Myra Chauhan,9184535777,kavita.mukherjee577@yahoo.com,201035,Ghaziabad,Uttar Pradesh,2024-03-12,Referral
CUST001942,Lakshmi Malhotra,8892396042,mohammed.sharma187@rediffmail.com,360049,Rajkot,Gujarat,2024-03-06,WhatsApp Reseller
CUST001943,Imran Naidu,6610376329,kiara.rao812@gmail.com,342062,Jodhpur,Rajasthan,2024-05-10,WhatsApp Reseller
CUST001944,Lakshmi Pillai,6086199707,jaspreet.rathore212@yahoo.com,462030,Bhopal,Madhya Pradesh,2026-01-23,Unknown
CUST001945,Zoya Desai,Missing,ravi.mukherjee460@rediffmail.com,500060,Hyderabad,Telangana,2023-11-11,Facebook Ads
CUST001946,Aarav Ansari,6560557384,rajesh.banerjee7@gmail.com,462048,Bhopal,Madhya Pradesh,2025-11-21,Referral
CUST001947,Saanvi Gupta,7445697918,aadhya.nair778@outlook.com,831057,Jamshedpur,Jharkhand,2025-02-15,Instagram Ads
CUST001948,Vivaan Banerjee,7605338824,anil.yadav603@outlook.com,570006,Mysuru,Karnataka,2023-11-20,Unknown
CUST001949,Deepak Menon,8140363487,N/A,160072,Chandigarh,Chandigarh,2024-08-24,Referral
CUST001950,Isha Pillai,Check Number,gurpreet.chatterjee339@outlook.com,30207,Jaipur,Rajasthan,2025-08-24,Organic Search
CUST001951,Ishaan Nair,8783715104,ravi.chauhan467@outlook.com,462062,Bhopal,Madhya Pradesh,2024-09-23,Unknown
CUST001952,Jaspreet Kumar,9737196755,N/A,834077,Ranchi,Jharkhand,2025-07-10,Facebook Ads
CUST001953,Pankaj Agarwal,7882697694,myra.ansari398@outlook.com,360098,Rajkot,Gujarat,2024-02-11,WhatsApp Reseller
CUST001954,Sunil Bhatt,7914183590,pankaj.das625@gmail.com,474037,Gwalior,Madhya Pradesh,2024-12-28,Referral
CUST001955,Zoya Das,9109547287,vihaan.mishra326@gmail.com,641031,Coimbatore,Tamil Nadu,2025-09-13,Referral
CUST001956,Rekha Patel,6356899108,zoya.joshi507@outlook.com,201092,Ghaziabad,Uttar Pradesh,2024-10-30,Unknown
CUST001957,Sunil Khan,9974631771,diya.yadav417@outlook.com,753067,Cuttack,Odisha,2025-06-26,Facebook Ads
CUST001958,Aadhya Naidu,7262498640,ravi.banerjee376@rediffmail.com,46205,Bhopal,Madhya Pradesh,2024-12-27,Facebook Ads
CUST001959,Isha Chatterjee,9208012893,lakshmi.patel546@gmail.com,221086,Varanasi,Uttar Pradesh,2024-07-05,Facebook Ads
CUST001960,Vivaan Das,9969001923,N/A,560034,Bengaluru,Karnataka,2025-03-09,Instagram Ads
CUST001961,Neha Sheikh,9127793333,ramesh.rao631@rediffmail.com,380002,Ahmedabad,Gujarat,2024-02-26,Organic Search
CUST001962,Sai Yadav,7950641031,arjun.khan667@outlook.com,570085,Mysuru,Karnataka,2025-01-10,Facebook Ads
CUST001963,Ramesh Mukherjee,8612038467,N/A,221077,Varanasi,Uttar Pradesh,2024-04-23,Facebook Ads
CUST001964,Krishna Agarwal,8354256286,isha.sharma509@gmail.com,380031,Ahmedabad,Gujarat,2024-05-26,Unknown
CUST001965,Imran Bhatt,6749185058,ishaan.ansari267@gmail.com,625085,Madurai,Tamil Nadu,2023-11-10,Unknown
CUST001966,Ishaan Verma,Missing,N/A,734092,Siliguri,West Bengal,2025-11-14,Unknown
CUST001967,Imran Nair,8846439442,N/A,641021,Coimbatore,Tamil Nadu,2025-08-26,Referral
CUST001968,Vihaan Chauhan,8390034329,ayesha.kumar26@rediffmail.com,452098,Indore,Madhya Pradesh,2025-02-03,Organic Search
CUST001969,Sneha Shah,8783393994,N/A,143069,Amritsar,Punjab,2024-09-02,WhatsApp Reseller
CUST001970,Diya Naidu,6957283978,riya.bhatt73@outlook.com,641080,Coimbatore,Tamil Nadu,2024-08-07,WhatsApp Reseller
CUST001971,Amit Naidu,9456256703,vikas.singh962@outlook.com,800057,Patna,Bihar,2024-12-15,Unknown
CUST001972,Geeta Chatterjee,7046907439,ravi.rao266@rediffmail.com,141063,Ludhiana,Punjab,2025-12-28,Instagram Ads
CUST001973,Priya Rao,9319718901,vihaan.menon201@outlook.com,781023,Guwahati,Assam,2023-11-11,Unknown
CUST001974,Shreya Iyer,6666471079,diya.mishra350@outlook.com,570089,Mysuru,Karnataka,2024-05-09,Unknown
CUST001975,Isha Sharma,7215290074,jaspreet.banerjee898@outlook.com,313034,Udaipur,Rajasthan,2026-01-21,Facebook Ads
CUST001976,Tanvi Nair,8644710606,deepak.khan243@outlook.com,462067,Bhopal,Madhya Pradesh,2023-09-08,Instagram Ads
CUST001977,Krishna Verma,8798011705,neha.mishra654@outlook.com,160069,Chandigarh,Chandigarh,2024-07-25,Organic Search
CUST001978,Kiara Naidu,9594791099,anil.rao641@yahoo.com,474061,Gwalior,Madhya Pradesh,2026-01-11,Instagram Ads
CUST001979,Sandeep Verma,7343049820,aditya.sharma25@yahoo.com,302098,Jaipur,Rajasthan,2025-06-24,Instagram Ads
CUST001980,Gurpreet Menon,6638251172,shreya.reddy54@yahoo.com,313044,Udaipur,Rajasthan,2023-10-24,Organic Search
CUST001981,Myra Bhatt,Missing,jaspreet.malhotra265@gmail.com,208088,Kanpur,Uttar Pradesh,2024-03-02,Referral
CUST001982,Sandeep Mukherjee,7065772112,N/A,121067,Faridabad,Haryana,2025-08-15,Organic Search
CUST001983,Kiara Malhotra,7673711070,rekha.yadav539@outlook.com,580094,Hubli,Karnataka,2024-11-19,Instagram Ads
CUST001984,Sneha Yadav,9425257768,rajesh.khan712@outlook.com,751096,Bhubaneswar,Odisha,2023-09-25,Referral
CUST001985,Ayesha Verma,7701409507,arjun.mukherjee660@gmail.com,560048,Bengaluru,Karnataka,2024-05-01,Facebook Ads
CUST001986,Isha Das,8961159533,lakshmi.menon299@gmail.com,208096,Kanpur,Uttar Pradesh,2025-12-04,Referral
CUST001987,Manoj Pillai,9603098051,aadhya.iyer954@yahoo.com,600072,Chennai,Tamil Nadu,2025-07-27,WhatsApp Reseller
CUST001988,Kavita Chauhan,7472441676,rekha.chauhan764@rediffmail.com,422079,Nashik,Maharashtra,2024-02-23,WhatsApp Reseller
CUST001989,Ishaan Banerjee,9092951628,aditya.joshi320@rediffmail.com,781019,Guwahati,Assam,2025-07-11,Facebook Ads
CUST001990,Diya Chatterjee,Check Number,jaspreet.iyer268@outlook.com,121091,Faridabad,Haryana,2023-09-03,Organic Search
CUST001991,Kavita Naidu,9921751713,tanvi.kumar645@rediffmail.com,753082,Cuttack,Odisha,2024-12-18,Referral
CUST001992,Farhan Naidu,8807664878,N/A,781058,Guwahati,Assam,2026-01-09,Facebook Ads
CUST001993,Pooja Joshi,8524881603,myra.das111@outlook.com,734045,Siliguri,West Bengal,2024-05-21,Unknown
CUST001994,Reyansh Verma,9391298358,manoj.agarwal728@gmail.com,474017,Gwalior,Madhya Pradesh,2024-04-01,Unknown
CUST001995,Ayesha Khan,6917447940,aarav.ansari197@gmail.com,121096,Faridabad,Haryana,2025-03-09,WhatsApp Reseller
CUST001996,Ravi Iyer,9584029376,ishaan.rao426@rediffmail.com,781016,Guwahati,Assam,2025-12-18,WhatsApp Reseller
CUST001997,Suresh Patel,Missing,aarav.joshi9@rediffmail.com,560003,Bengaluru,Karnataka,2025-03-11,WhatsApp Reseller
CUST001998,Simran Nair,7868722030,vihaan.bhatt556@gmail.com,400054,Mumbai,Maharashtra,2026-01-25,Facebook Ads
CUST001999,Ayesha Khan,8151980702,ishaan.shah680@yahoo.com,474088,Gwalior,Madhya Pradesh,2024-10-11,Unknown
CUST002000,Aadhya Chatterjee,8926389874,farhan.shah91@gmail.com,462098,Bhopal,Madhya Pradesh,2024-12-10,Instagram Ads
CUST002001,Kavita Rathore,7834638916,sunil.sharma359@rediffmail.com,713071,Asansol,West Bengal,2023-09-16,Unknown
CUST002002,Suresh Gupta,6941679520,sunil.menon939@gmail.com,143033,Amritsar,Punjab,2024-06-10,Referral
CUST002003,Ananya Rathore,9494009262,sandeep.rathore994@outlook.com,500069,Hyderabad,Telangana,2024-05-01,Unknown
CUST002004,Vihaan Joshi,Missing,deepak.naidu22@gmail.com,342063,Jodhpur,Rajasthan,2026-01-11,Unknown
CUST002005,Mohammed Ansari,8568084690,N/A,842027,Muzaffarpur,Bihar,2024-11-01,Facebook Ads
CUST002006,Isha Ansari,Missing,ishaan.malhotra354@gmail.com,800005,Patna,Bihar,2024-05-07,Instagram Ads
CUST002007,Sandeep Yadav,9724877476,vihaan.ansari545@yahoo.com,695016,Thiruvananthapuram,Kerala,2025-05-02,Referral
CUST002008,Aditya Sheikh,8741804202,aarav.chatterjee800@outlook.com,682058,Kochi,Kerala,2025-12-05,WhatsApp Reseller
CUST002009,Diya Malhotra,8755525868,N/A,834054,Ranchi,Jharkhand,2023-12-26,Organic Search
CUST002010,Tanvi Banerjee,9130002554,priya.chatterjee869@yahoo.com,395056,Surat,Gujarat,2025-08-14,Instagram Ads
CUST002011,Lakshmi Das,8505633706,imran.khan109@gmail.com,781075,Guwahati,Assam,2024-05-01,Instagram Ads
CUST002012,Farhan Chatterjee,6332419977,sai.rathore6@gmail.com,834048,Ranchi,Jharkhand,2024-05-11,Facebook Ads
CUST002013,Priya Joshi,Missing,anil.rathore340@yahoo.com,560033,Bengaluru,Karnataka,2025-12-11,Organic Search
CUST002014,Aadhya Khan,7861618776,harpreet.chatterjee537@gmail.com,221024,Varanasi,Uttar Pradesh,2024-05-24,Instagram Ads
CUST002015,Arjun Agarwal,6053126055,geeta.das64@yahoo.com,302068,Jaipur,Rajasthan,2024-01-20,WhatsApp Reseller
CUST002016,Amit Mishra,6268130783,aadhya.singh801@yahoo.com,713039,Asansol,West Bengal,2024-07-31,Instagram Ads
CUST002017,Gurpreet Patel,6245571162,deepak.iyer790@yahoo.com,842036,Muzaffarpur,Bihar,2024-06-15,Facebook Ads
CUST002018,Simran Verma,6281060763,neha.reddy213@rediffmail.com,141000,Ludhiana,Punjab,2024-09-12,Organic Search
CUST002019,Harpreet Mukherjee,9298702521,harpreet.agarwal91@rediffmail.com,226093,Lucknow,Uttar Pradesh,2025-05-26,Organic Search
CUST002020,Saanvi Ansari,6448526023,isha.chauhan158@yahoo.com,141040,Ludhiana,Punjab,2024-04-07,Referral
CUST002021,Krishna Nair,Missing,zoya.khan544@yahoo.com,570081,Mysuru,Karnataka,2025-11-15,Organic Search
CUST002022,Zoya Yadav,7355563859,kavita.menon158@rediffmail.com,440078,Nagpur,Maharashtra,2023-12-24,Organic Search
CUST002023,Aditya Verma,9338079266,riya.das11@rediffmail.com,474047,Gwalior,Madhya Pradesh,2024-07-08,Organic Search
CUST002024,Ravi Mukherjee,6658697223,N/A,682051,Kochi,Kerala,2023-09-27,Organic Search
CUST002025,Reyansh Pillai,7591142028,N/A,452052,Indore,Madhya Pradesh,2024-10-09,Instagram Ads
CUST002026,Sandeep Kumar,8224922430,N/A,400012,Mumbai,Maharashtra,2024-01-31,Facebook Ads
CUST002027,Riya Patel,9913532956,geeta.yadav189@rediffmail.com,360089,Rajkot,Gujarat,2024-03-28,Organic Search
CUST002028,Sandeep Joshi,9795361408,isha.mishra41@gmail.com,800030,Patna,Bihar,2025-12-06,Unknown
CUST002029,Sunita Rao,9362924598,N/A,700092,Kolkata,West Bengal,2024-11-25,WhatsApp Reseller
CUST002030,Neha Yadav,7833813852,aadhya.chatterjee616@gmail.com,143062,Amritsar,Punjab,2025-11-28,Instagram Ads
CUST002031,Harpreet Ansari,8522924567,kavita.ansari844@yahoo.com,440029,Nagpur,Maharashtra,2023-08-18,Referral
CUST002032,Ananya Sheikh,7741535833,vikas.rathore660@rediffmail.com,282010,Agra,Uttar Pradesh,2024-12-04,Referral
CUST002033,Amit Verma,8875950825,sunita.kumar231@yahoo.com,700087,Kolkata,West Bengal,2025-05-29,Referral
CUST002034,Sunil Rao,9747529148,N/A,462081,Bhopal,Madhya Pradesh,2024-11-12,Facebook Ads
CUST002035,Tanvi Sharma,7541105562,arjun.kumar433@outlook.com,625082,Madurai,Tamil Nadu,2023-09-21,Instagram Ads
CUST002036,Mohammed Desai,7364245320,N/A,422052,Nashik,Maharashtra,2024-01-07,Instagram Ads
CUST002037,Tanvi Agarwal,7715243109,riya.rao959@outlook.com,422083,Nashik,Maharashtra,2024-02-20,Instagram Ads
CUST002038,Arjun Pillai,8264974787,vikas.khan642@outlook.com,201020,Ghaziabad,Uttar Pradesh,2024-01-19,Referral
CUST002039,Jaspreet Sharma,6101244805,N/A,625094,Madurai,Tamil Nadu,2024-03-29,Unknown
CUST002040,Neha Iyer,6723149204,aadhya.sharma731@outlook.com,411033,Pune,Maharashtra,2026-01-06,Instagram Ads
CUST002041,Arjun Sharma,6315887850,aarav.menon441@outlook.com,682045,Kochi,Kerala,2025-07-05,WhatsApp Reseller
CUST002042,Arjun Chatterjee,6427702153,N/A,208010,Kanpur,Uttar Pradesh,2025-02-13,Organic Search
CUST002043,Aadhya Menon,6061650472,farhan.reddy125@gmail.com,121063,Faridabad,Haryana,2025-05-15,Organic Search
CUST002044,Harpreet Verma,8240886096,ishaan.chatterjee785@yahoo.com,143052,Amritsar,Punjab,2025-03-09,Unknown
CUST002045,Rajesh Nair,6400998129,gurpreet.singh811@yahoo.com,834082,Ranchi,Jharkhand,2024-05-15,Unknown
CUST002046,Gurpreet Desai,7543450266,diya.chauhan249@outlook.com,110050,New Delhi,Delhi,2025-02-23,Referral
CUST002047,Imran Gupta,7724306777,kiara.ansari395@outlook.com,12200,Gurugram,Haryana,2025-12-25,Instagram Ads
CUST002048,Pankaj Naidu,7315792082,ramesh.banerjee86@outlook.com,422002,Nashik,Maharashtra,2024-09-04,WhatsApp Reseller
CUST002049,Krishna Ansari,6869611084,myra.shah28@yahoo.com,842085,Muzaffarpur,Bihar,2024-01-12,Facebook Ads
CUST002050,Sandeep Rathore,7399506667,gurpreet.chatterjee363@gmail.com,580003,Hubli,Karnataka,2026-01-11,Unknown
CUST002051,Manoj Reddy,6980556441,jaspreet.das794@gmail.com,751033,Bhubaneswar,Odisha,2025-12-09,Unknown
CUST002052,Shreya Menon,6761918149,aadhya.yadav506@rediffmail.com,342030,Jodhpur,Rajasthan,2024-06-01,Organic Search
CUST002053,Simran Gupta,9755004375,saanvi.pillai896@gmail.com,282057,Agra,Uttar Pradesh,2024-07-04,Facebook Ads
CUST002054,Vihaan Sheikh,9039036748,zoya.agarwal406@outlook.com,753026,Cuttack,Odisha,2025-03-09,Instagram Ads
CUST002055,Tanvi Sheikh,7927081207,N/A,201069,Ghaziabad,Uttar Pradesh,2025-05-13,Facebook Ads
CUST002056,Rohit Bhatt,9099097578,farhan.singh908@outlook.com,400072,Mumbai,Maharashtra,2024-09-05,WhatsApp Reseller
CUST002057,Kiara Naidu,9162227726,N/A,422048,Nashik,Maharashtra,2025-04-20,Organic Search
CUST002058,Imran Desai,8688649933,vikas.iyer361@yahoo.com,734008,Siliguri,West Bengal,2024-01-25,Instagram Ads
CUST002059,Suresh Gupta,8337360908,imran.nair797@outlook.com,462056,Bhopal,Madhya Pradesh,2024-11-07,Unknown
CUST002060,Priya Patel,Missing,ananya.das955@yahoo.com,226068,Lucknow,Uttar Pradesh,2024-04-03,Instagram Ads
CUST002061,Tanvi Gupta,7167608960,ayesha.agarwal438@rediffmail.com,570079,Mysuru,Karnataka,2024-01-22,Instagram Ads
CUST002062,Zoya Bhatt,7854044503,manoj.banerjee199@yahoo.com,141048,Ludhiana,Punjab,2024-01-11,Referral
CUST002063,Priya Das,6296532831,saanvi.sharma491@gmail.com,395076,Surat,Gujarat,2025-10-02,Unknown
CUST002064,Geeta Rathore,Missing,farhan.verma528@yahoo.com,395030,Surat,Gujarat,2024-02-20,Referral
CUST002065,Kavita Kumar,8541833788,N/A,342044,Jodhpur,Rajasthan,2024-05-22,Facebook Ads
CUST002066,Saanvi Shah,6786775500,saanvi.pillai327@outlook.com,440081,Nagpur,Maharashtra,2023-10-15,Referral
CUST002067,Ravi Bhatt,9142474151,jaspreet.nair154@rediffmail.com,83409,Ranchi,Jharkhand,2025-06-21,Facebook Ads
CUST002068,Isha Nair,6782757730,N/A,695063,Thiruvananthapuram,Kerala,2025-05-07,Organic Search
CUST002069,Harpreet Verma,9835962783,manoj.chauhan490@outlook.com,82303,Gaya,Bihar,2026-01-06,Referral
CUST002070,Krishna Agarwal,7826565293,N/A,800047,Patna,Bihar,2025-02-14,Referral
CUST002071,Sneha Desai,7975955364,ananya.patel703@gmail.com,208033,Kanpur,Uttar Pradesh,2023-11-27,Organic Search
CUST002072,Lakshmi Agarwal,6187692704,lakshmi.joshi340@yahoo.com,570066,Mysuru,Karnataka,2025-01-31,Unknown
CUST002073,Neha Khan,7029973854,N/A,395098,Surat,Gujarat,2025-06-08,Instagram Ads
CUST002074,Lakshmi Rathore,6876342724,deepak.singh115@rediffmail.com,695058,Thiruvananthapuram,Kerala,2024-11-24,Referral
CUST002075,Krishna Rao,9367138731,simran.khan221@gmail.com,700015,Kolkata,West Bengal,2024-12-12,Referral
CUST002076,Sneha Pillai,9762182247,shreya.khan186@yahoo.com,600051,Chennai,Tamil Nadu,2025-08-12,Organic Search
CUST002077,Riya Mishra,8895792578,diya.reddy980@rediffmail.com,641076,Coimbatore,Tamil Nadu,2025-12-20,WhatsApp Reseller
CUST002078,Amit Gupta,8247115582,N/A,313011,Udaipur,Rajasthan,2025-04-08,Referral
CUST002079,Sunita Khan,7131645383,pooja.patel358@rediffmail.com,600028,Chennai,Tamil Nadu,2024-10-22,Unknown
CUST002080,Harpreet Gupta,9759149995,amit.bhatt775@outlook.com,342029,Jodhpur,Rajasthan,2023-10-21,Instagram Ads
CUST002081,Tanvi Pillai,6435456367,lakshmi.ansari823@yahoo.com,600055,Chennai,Tamil Nadu,2024-08-05,Unknown
CUST002082,Sneha Agarwal,6632673920,N/A,823074,Gaya,Bihar,2024-01-27,Referral
CUST002083,Diya Iyer,8069782099,N/A,122002,Gurugram,Haryana,2024-05-14,WhatsApp Reseller
CUST002084,Anil Menon,6150595476,manoj.menon63@outlook.com,380030,Ahmedabad,Gujarat,2025-07-20,Instagram Ads
CUST002085,Neha Bhatt,Missing,simran.menon206@gmail.com,682035,Kochi,Kerala,2024-02-19,Instagram Ads
CUST002086,Saanvi Patel,8495992917,reyansh.shah389@gmail.com,506008,Warangal,Telangana,2025-05-09,Unknown
CUST002087,Simran Desai,8836090168,amit.gupta349@yahoo.com,58005,Hubli,Karnataka,2025-03-14,Instagram Ads
CUST002088,Saanvi Khan,6096015353,vivaan.mukherjee226@yahoo.com,781044,Guwahati,Assam,2023-09-21,Unknown
CUST002089,Jaspreet Bhatt,6497046485,N/A,46203,Bhopal,Madhya Pradesh,2024-07-22,Unknown
CUST002090,Sai Malhotra,7910389166,N/A,800064,Patna,Bihar,2025-10-22,Organic Search
CUST002091,Gurpreet Verma,7900889258,mohammed.chauhan527@yahoo.com,395069,Surat,Gujarat,2023-08-20,Facebook Ads
CUST002092,Vihaan Mukherjee,9948530748,manoj.gupta824@yahoo.com,122002,Gurugram,Haryana,2025-08-28,Referral
CUST002093,Mohammed Verma,7617000485,tanvi.singh742@yahoo.com,282085,Agra,Uttar Pradesh,2026-01-18,Unknown
CUST002094,Riya Chatterjee,9255614412,N/A,474007,Gwalior,Madhya Pradesh,2025-04-16,Instagram Ads
CUST002095,Priya Singh,6148324096,amit.kumar954@outlook.com,143016,Amritsar,Punjab,2024-06-09,Unknown
CUST002096,Kavita Gupta,6011233016,ayesha.chatterjee378@outlook.com,452031,Indore,Madhya Pradesh,2025-04-02,Facebook Ads
CUST002097,Sneha Singh,7280749053,harpreet.desai798@gmail.com,560078,Bengaluru,Karnataka,2024-09-02,Instagram Ads
CUST002098,Isha Gupta,7577210872,krishna.verma853@rediffmail.com,302044,Jaipur,Rajasthan,2024-08-13,WhatsApp Reseller
CUST002099,Imran Chatterjee,8296435221,ishaan.joshi313@yahoo.com,122067,Gurugram,Haryana,2025-01-15,WhatsApp Reseller
CUST002100,Tanvi Patel,9265134204,geeta.rathore772@gmail.com,360031,Rajkot,Gujarat,2025-12-02,Facebook Ads
CUST002101,Vihaan Reddy,7001131464,diya.gupta289@yahoo.com,713061,Asansol,West Bengal,2025-06-14,Instagram Ads
CUST002102,Pankaj Kumar,9026049769,sunita.shah598@outlook.com,700044,Kolkata,West Bengal,2024-03-24,Instagram Ads
CUST002103,Aadhya Mukherjee,8996727633,lakshmi.sharma969@gmail.com,110013,New Delhi,Delhi,2025-11-28,Referral
CUST002104,Farhan Khan,9042259332,manoj.gupta828@rediffmail.com,831014,Jamshedpur,Jharkhand,2023-11-25,Organic Search
CUST002105,Pankaj Agarwal,8697071198,anil.chatterjee920@gmail.com,570015,Mysuru,Karnataka,2024-01-07,Facebook Ads
CUST002106,Vihaan Malhotra,9026423624,lakshmi.joshi739@rediffmail.com,201094,Ghaziabad,Uttar Pradesh,2024-06-15,Instagram Ads
CUST002107,Manoj Chauhan,Missing,tanvi.sharma366@outlook.com,625008,Madurai,Tamil Nadu,2024-04-10,WhatsApp Reseller
CUST002108,Sneha Iyer,8894244379,ravi.banerjee439@gmail.com,221068,Varanasi,Uttar Pradesh,2024-04-25,Organic Search
CUST002109,Rekha Rathore,Check Number,jaspreet.das384@yahoo.com,160030,Chandigarh,Chandigarh,2025-10-02,Unknown
CUST002110,Kavita Rao,8675413545,vikas.shah468@gmail.com,121076,Faridabad,Haryana,2024-04-17,Referral
CUST002111,Shreya Mukherjee,Check Number,anil.patel112@yahoo.com,823070,Gaya,Bihar,2024-04-26,Instagram Ads
CUST002112,Zoya Chatterjee,7517748565,isha.banerjee316@yahoo.com,422095,Nashik,Maharashtra,2025-01-22,WhatsApp Reseller
CUST002113,Rohit Sharma,9496072652,riya.singh742@rediffmail.com,141053,Ludhiana,Punjab,2023-11-24,Facebook Ads
CUST002114,Vihaan Desai,8693205065,rajesh.banerjee933@gmail.com,713098,Asansol,West Bengal,2025-12-29,Instagram Ads
CUST002115,Farhan Kumar,6100208967,N/A,282023,Agra,Uttar Pradesh,2024-03-18,Organic Search
CUST002116,Sunil Banerjee,9058653143,diya.patel34@outlook.com,842036,Muzaffarpur,Bihar,2025-09-27,Organic Search
CUST002117,Ananya Kumar,8893674286,geeta.menon402@outlook.com,625067,Madurai,Tamil Nadu,2025-08-13,WhatsApp Reseller
CUST002118,Reyansh Gupta,Missing,farhan.patel704@yahoo.com,422067,Nashik,Maharashtra,2025-10-04,Facebook Ads
CUST002119,Geeta Chatterjee,6632448968,aditya.iyer865@gmail.com,226091, Lucknow ,Uttar Pradesh,2024-10-13,Instagram Ads
CUST002120,Ishaan Mishra,9021461690,N/A,781078,Guwahati,Assam,2025-03-20,Unknown
CUST002121,Pooja Gupta,Missing,priya.reddy502@outlook.com,713021,Asansol,West Bengal,2025-05-08,Instagram Ads
CUST002122,Mohammed Yadav,7724645604,farhan.bhatt89@gmail.com,400004,Mumbai,Maharashtra,2025-07-06,Unknown
CUST002123,Diya Ansari,6178512592,diya.naidu991@gmail.com,201037,Ghaziabad,Uttar Pradesh,2025-08-05,WhatsApp Reseller
CUST002124,Myra Joshi,9617657224,zoya.rao534@yahoo.com,143001,Amritsar,Punjab,2025-02-10,Unknown
CUST002125,Lakshmi Reddy,9836159266,ayesha.khan531@gmail.com,800002,Patna,Bihar,2025-12-15,Facebook Ads
CUST002126,Vihaan Patel,8093604709,aditya.nair917@yahoo.com,422011,Nashik,Maharashtra,2026-01-07,Organic Search
CUST002127,Diya Chauhan,7268949542,suresh.pillai898@yahoo.com,800093,Patna,Bihar,2024-10-29,Unknown
CUST002128,Lakshmi Reddy,7819598161,vivaan.desai819@gmail.com,452071,Indore,Madhya Pradesh,2023-08-23,Facebook Ads
CUST002129,Harpreet Patel,8522759426,N/A,208018,Kanpur,Uttar Pradesh,2024-12-25,Facebook Ads
CUST002130,Vihaan Menon,7974511651,rekha.banerjee178@rediffmail.com,143041,Amritsar,Punjab,2025-03-11,Organic Search
CUST002131,Harpreet Sharma,9529664711,aadhya.malhotra919@yahoo.com,600058,Chennai,Tamil Nadu,2023-10-23,WhatsApp Reseller
CUST002132,Priya Banerjee,6636985167,suresh.khan895@rediffmail.com,122079,Gurugram,Haryana,2024-07-31,Organic Search
CUST002133,Vikas Banerjee,8499514370,saanvi.agarwal697@rediffmail.com,580037,Hubli,Karnataka,2024-06-12,Organic Search
CUST002134,Geeta Mishra,8222124219,saanvi.rathore95@gmail.com,313032,Udaipur,Rajasthan,2025-10-02,Unknown
CUST002135,Zoya Joshi,Missing,jaspreet.reddy241@yahoo.com,342003,Jodhpur,Rajasthan,2024-06-06,Referral
CUST002136,Isha Yadav,8317191633,priya.mishra644@gmail.com,226033,Lucknow,Uttar Pradesh,2025-03-13,Unknown
CUST002137,Mohammed Das,7206829945,simran.verma178@rediffmail.com,380015,Ahmedabad,Gujarat,2025-08-15,Referral
CUST002138,Isha Rathore,7549931453,imran.singh206@yahoo.com,452055,Indore,Madhya Pradesh,2024-03-24,Unknown
CUST002139,Ayesha Gupta,6543370736,ishaan.chauhan718@rediffmail.com,800053,Patna,Bihar,2023-09-16,Facebook Ads
CUST002140,Reyansh Mishra,8069729672,N/A,110025,New Delhi,Delhi,2025-08-07,WhatsApp Reseller
CUST002141,Mohammed Pillai,8740192553,vikas.chatterjee335@gmail.com,781013,Guwahati,Assam,2024-10-26,WhatsApp Reseller
CUST002142,Kiara Shah,9754576909,priya.kumar365@gmail.com,282050,Agra,Uttar Pradesh,2025-12-13,Facebook Ads
CUST002143,Isha Chatterjee,6329967834,farhan.joshi717@rediffmail.com,380013,Ahmedabad,Gujarat,2025-02-28,Organic Search
CUST002144,Zoya Rathore,7254376366,geeta.singh79@outlook.com,201055,Ghaziabad,Uttar Pradesh,2024-08-26,Instagram Ads
CUST002145,Imran Mukherjee,8069895829,suresh.nair801@gmail.com,751093,Bhubaneswar,Odisha,2023-12-19,Instagram Ads
CUST002146,Neha Singh,8314914215,harpreet.bhatt896@gmail.com,695059,Thiruvananthapuram,Kerala,2024-04-30,Instagram Ads
CUST002147,Aditya Das,9703547663,vikas.naidu988@outlook.com,506077, Warangal ,Telangana,2025-05-10,Referral
CUST002148,Isha Mukherjee,6940723461,aditya.iyer122@gmail.com,570065,Mysuru,Karnataka,2024-02-12,WhatsApp Reseller
CUST002149,Mohammed Gupta,6029501147,N/A,14307,Amritsar,Punjab,2023-10-13,Facebook Ads
CUST002150,Saanvi Sheikh,9574568442,kiara.reddy216@yahoo.com,500081,Hyderabad,Telangana,2024-09-03,Organic Search
CUST002151,Rajesh Malhotra,6824130160,sandeep.naidu261@rediffmail.com,700005,Kolkata,West Bengal,2025-11-26,Facebook Ads
CUST002152,Geeta Ansari,7343071821,rekha.patel95@outlook.com,800055,Patna,Bihar,2025-10-03,Referral
CUST002153,Deepak Khan,Check Number,riya.chauhan932@gmail.com,395017,Surat,Gujarat,2025-01-12,Organic Search
CUST002154,Myra Naidu,6193547286,rajesh.sheikh402@yahoo.com,751002,Bhubaneswar,Odisha,2025-03-14,Instagram Ads
CUST002155,Vihaan Nair,8509090395,ishaan.rathore917@outlook.com,753078,Cuttack,Odisha,2025-09-07,Referral
CUST002156,Gurpreet Chauhan,9653480249,kavita.shah589@yahoo.com,411071,Pune,Maharashtra,2025-01-05,Unknown
CUST002157,Arjun Sharma,8444847920,N/A,342024,Jodhpur,Rajasthan,2026-01-05,Unknown
CUST002158,Imran Shah,8983910320,reyansh.pillai54@yahoo.com,641016,Coimbatore,Tamil Nadu,2024-10-22,Organic Search
CUST002159,Imran Rao,8126370079,isha.pillai217@yahoo.com,342023,Jodhpur,Rajasthan,2024-06-02,WhatsApp Reseller
CUST002160,Diya Singh,9213345958,pankaj.mukherjee986@outlook.com,753050,Cuttack,Odisha,2024-05-17,WhatsApp Reseller
CUST002161,Sunil Verma,8414753763,amit.joshi929@yahoo.com,842053,Muzaffarpur,Bihar,2023-09-20,WhatsApp Reseller
CUST002162,Geeta Yadav,8770518650,sunil.pillai793@outlook.com,60004,Chennai,Tamil Nadu,2025-03-19,WhatsApp Reseller
CUST002163,Imran Yadav,Missing,ananya.yadav269@outlook.com,141063, Ludhiana ,Punjab,2023-08-22,Instagram Ads
CUST002164,Suresh Rao,7850416275,shreya.khan167@gmail.com,695020,Thiruvananthapuram,Kerala,2024-12-22,Facebook Ads
CUST002165,Diya Desai,8627635148,anil.bhatt483@gmail.com,462012,Bhopal,Madhya Pradesh,2026-01-20,Instagram Ads
CUST002166,Manoj Shah,7584999916,N/A,713070,Asansol,West Bengal,2023-12-23,Referral
CUST002167,Rajesh Sheikh,8973111496,ramesh.bhatt27@gmail.com,141006, Ludhiana ,Punjab,2026-01-25,WhatsApp Reseller
CUST002168,Reyansh Shah,8005975834,N/A,560002,Bengaluru,Karnataka,2024-04-22,WhatsApp Reseller
CUST002169,Sai Agarwal,9549078725,gurpreet.mukherjee319@gmail.com,800015,Patna,Bihar,2023-10-22,Instagram Ads
CUST002170,Deepak Sharma,9061694135,ananya.rao555@rediffmail.com,641071,Coimbatore,Tamil Nadu,2023-12-17,Instagram Ads
CUST002171,Zoya Joshi,6699226915,riya.ansari913@rediffmail.com,474055,Gwalior,Madhya Pradesh,2023-10-06,Facebook Ads
CUST002172,Krishna Sharma,6209459691,sandeep.chauhan211@rediffmail.com,506024,Warangal,Telangana,2024-11-24,Organic Search
CUST002173,Sunita Mukherjee,8913878701,N/A,313029,Udaipur,Rajasthan,2025-07-07,Unknown
CUST002174,Saanvi Singh,9071278796,jaspreet.rathore497@gmail.com,302092,Jaipur,Rajasthan,2025-07-03,Referral
CUST002175,Diya Agarwal,7519788164,sunita.singh823@gmail.com,380018,Ahmedabad,Gujarat,2025-09-09,WhatsApp Reseller
CUST002176,Gurpreet Naidu,8224170183,reyansh.nair507@outlook.com,411026,Pune,Maharashtra,2026-01-17,Instagram Ads
CUST002177,Rajesh Patel,6733358136,amit.patel49@gmail.com,831042,Jamshedpur,Jharkhand,2024-10-05,Organic Search
CUST002178,Manoj Mukherjee,6167006208,N/A,753099,Cuttack,Odisha,2024-11-30,Unknown
CUST002179,Tanvi Rao,6350113449,N/A,781016,Guwahati,Assam,2025-02-21,WhatsApp Reseller
CUST002180,Priya Mukherjee,9254720474,sneha.kumar696@gmail.com,474046,Gwalior,Madhya Pradesh,2024-06-04,Referral
CUST002181,Ayesha Chatterjee,9574814525,lakshmi.menon524@outlook.com,221040,Varanasi,Uttar Pradesh,2023-10-23,Facebook Ads
CUST002182,Myra Gupta,7139136997,kavita.nair631@yahoo.com,411061, Pune ,Maharashtra,2025-05-21,Unknown
CUST002183,Priya Rao,8038341247,kiara.bhatt877@outlook.com,160005,Chandigarh,Chandigarh,2025-01-27,Organic Search
CUST002184,Sunita Verma,Missing,ramesh.nair166@yahoo.com,734077,Siliguri,West Bengal,2025-06-25,Organic Search
CUST002185,Zoya Patel,7755826321,neha.naidu790@rediffmail.com,226093,Lucknow,Uttar Pradesh,2025-06-15,Unknown
CUST002186,Kavita Sheikh,6994281783,sandeep.khan3@outlook.com,695025,Thiruvananthapuram,Kerala,2024-06-19,Instagram Ads
CUST002187,Sneha Reddy,6972040932,neha.menon201@gmail.com,700078,Kolkata,West Bengal,2025-07-24,Facebook Ads
CUST002188,Saanvi Nair,Missing,kavita.khan816@outlook.com,160021,Chandigarh,Chandigarh,2025-01-12,WhatsApp Reseller
CUST002189,Krishna Agarwal,9989691024,rajesh.rathore857@yahoo.com,411020,Pune,Maharashtra,2024-09-22,Instagram Ads
CUST002190,Vikas Banerjee,6528311977,farhan.singh437@outlook.com,342007,Jodhpur,Rajasthan,2025-12-25,Referral
CUST002191,Pooja Sharma,9012316257,vivaan.verma20@yahoo.com,713052,Asansol,West Bengal,2025-04-25,Facebook Ads
CUST002192,Sunita Khan,6845816302,N/A,474024,Gwalior,Madhya Pradesh,2023-11-27,Instagram Ads
CUST002193,Ishaan Shah,7102623705,deepak.ansari302@yahoo.com,160020,Chandigarh,Chandigarh,2025-10-29,Instagram Ads
CUST002194,Ravi Chatterjee,8763169145,sunil.rao55@yahoo.com,800028,Patna,Bihar,2023-09-16,Facebook Ads
CUST002195,Ananya Iyer,9226761747,neha.naidu365@rediffmail.com,226096,Lucknow,Uttar Pradesh,2024-11-07,Unknown
CUST002196,Sunil Naidu,7549780643,N/A,440082,Nagpur,Maharashtra,2025-01-29,WhatsApp Reseller
CUST002197,Arjun Singh,9539952115,diya.iyer5@gmail.com,506086,Warangal,Telangana,2025-06-19,Organic Search
CUST002198,Vihaan Sheikh,6883585583,mohammed.iyer649@outlook.com,753078,Cuttack,Odisha,2023-11-17,Organic Search
CUST002199,Farhan Pillai,6436827568,N/A,221088,Varanasi,Uttar Pradesh,2025-09-18,Organic Search
CUST002200,Amit Chatterjee,6867894511,sunil.agarwal228@yahoo.com,500052,Hyderabad,Telangana,2025-07-31,WhatsApp Reseller
CUST002201,Rohit Mishra,6002959635,sandeep.joshi868@outlook.com,753007,Cuttack,Odisha,2024-06-04,WhatsApp Reseller
CUST002202,Arjun Nair,Missing,pooja.das827@outlook.com,201013,Ghaziabad,Uttar Pradesh,2025-01-12,WhatsApp Reseller
CUST002203,Arjun Ansari,Check Number,deepak.gupta853@yahoo.com,831096,Jamshedpur,Jharkhand,2025-04-12,WhatsApp Reseller
CUST002204,Kavita Iyer,6877373169,vikas.mukherjee625@yahoo.com,625052,Madurai,Tamil Nadu,2025-10-21,Unknown
CUST002205,Vikas Chauhan,6183256618,reyansh.sharma540@rediffmail.com,751058,Bhubaneswar,Odisha,2024-04-05,Referral
CUST002206,Ishaan Kumar,9839051011,rekha.malhotra70@outlook.com,143034, Amritsar ,Punjab,2023-12-26,Organic Search
CUST002207,Sunita Rao,8116328225,ayesha.iyer792@yahoo.com,753075,Cuttack,Odisha,2024-08-20,Referral
CUST002208,Rohit Singh,Missing,rohit.rao335@rediffmail.com,600076,Chennai,Tamil Nadu,2024-11-02,Unknown
CUST002209,Ananya Agarwal,7548057595,ananya.das146@rediffmail.com,282017,Agra,Uttar Pradesh,2024-01-07,Facebook Ads
CUST002210,Tanvi Mishra,9713202061,N/A,208013,Kanpur,Uttar Pradesh,2025-10-06,Unknown
CUST002211,Sneha Rathore,9807390049,aditya.sheikh593@outlook.com,625057,Madurai,Tamil Nadu,2025-04-21,Organic Search
CUST002212,Ananya Naidu,8991047164,sunil.chatterjee886@rediffmail.com,440041,Nagpur,Maharashtra,2024-04-25,Instagram Ads
CUST002213,Deepak Mishra,9153427893,diya.rathore931@outlook.com,580018,Hubli,Karnataka,2025-02-14,Organic Search
CUST002214,Priya Menon,7749464540,N/A,600012,Chennai,Tamil Nadu,2025-03-10,Instagram Ads
CUST002215,Farhan Agarwal,7323453356,ananya.kumar793@outlook.com,452098,Indore,Madhya Pradesh,2025-04-07,Unknown
CUST002216,Aarav Naidu,6133761915,sunita.sharma102@rediffmail.com,143014,Amritsar,Punjab,2024-03-23,Referral
CUST002217,Rohit Reddy,6158765091,N/A,781056,Guwahati,Assam,2025-01-08,Referral
CUST002218,Aditya Khan,6009443002,kiara.kumar769@gmail.com,713042,Asansol,West Bengal,2025-11-28,Unknown
CUST002219,Saanvi Joshi,7267631143,vihaan.mishra348@yahoo.com,580064,Hubli,Karnataka,2024-04-29,Referral
CUST002220,Neha Bhatt,8293064614,lakshmi.pillai207@gmail.com,282038,Agra,Uttar Pradesh,2025-10-13,Instagram Ads
CUST002221,Vihaan Mukherjee,8389475289,ananya.khan313@rediffmail.com,823058,Gaya,Bihar,2023-08-23,WhatsApp Reseller
CUST002222,Pooja Chatterjee,8210014996,amit.rao857@outlook.com,342041,Jodhpur,Rajasthan,2025-07-25,Unknown
CUST002223,Harpreet Mukherjee,9626923395,harpreet.rao9@gmail.com,834080,Ranchi,Jharkhand,2025-12-31,Instagram Ads
CUST002224,Imran Bhatt,8637731252,kavita.pillai861@outlook.com,313015,Udaipur,Rajasthan,2024-06-02,Organic Search
CUST002225,Geeta Nair,7624921515,sneha.das226@outlook.com,734XX0,Siliguri,West Bengal,2025-09-30,WhatsApp Reseller
CUST002226,Simran Ansari,6548256273,neha.reddy690@yahoo.com,226055,Lucknow,Uttar Pradesh,2025-02-10,WhatsApp Reseller
CUST002227,Manoj Yadav,9842775153,vikas.naidu141@gmail.com,753056,Cuttack,Odisha,2025-09-10,Referral
CUST002228,Pankaj Desai,8685944164,N/A,560048,Bengaluru,Karnataka,2025-01-13,Instagram Ads
CUST002229,Ayesha Pillai,6603632351,ananya.kumar609@gmail.com,411045,Pune,Maharashtra,2025-08-11,Organic Search
CUST002230,Pankaj Rathore,8845443007,imran.rao692@outlook.com,201060,Ghaziabad,Uttar Pradesh,2023-11-06,Unknown
CUST002231,Reyansh Rathore,7533630575,lakshmi.rao389@outlook.com,734058,Siliguri,West Bengal,2023-08-28,Referral
CUST002232,Ayesha Yadav,8085261068,N/A,625097,Madurai,Tamil Nadu,2024-01-27,Unknown
CUST002233,Diya Ansari,7968483596,N/A,221065,Varanasi,Uttar Pradesh,2025-11-28,WhatsApp Reseller
CUST002234,Anil Reddy,7719189938,reyansh.shah548@outlook.com,462016,Bhopal,Madhya Pradesh,2025-09-30,WhatsApp Reseller
CUST002235,Jaspreet Mukherjee,6808675226,N/A,110066,New Delhi,Delhi,2024-10-13,Organic Search
CUST002236,Jaspreet Gupta,6319749313,gurpreet.naidu762@outlook.com,600054,Chennai,Tamil Nadu,2025-02-21,Instagram Ads
CUST002237,Geeta Yadav,7566516391,sunita.singh786@rediffmail.com,753088,Cuttack,Odisha,2025-05-25,Unknown
CUST002238,Krishna Nair,Missing,saanvi.das412@gmail.com,313039,Udaipur,Rajasthan,2025-04-13,WhatsApp Reseller
CUST002239,Vikas Das,Check Number,tanvi.patel109@yahoo.com,641041,Coimbatore,Tamil Nadu,2025-03-05,Instagram Ads
CUST002240,Farhan Verma,8650865699,simran.pillai225@outlook.com,440037,Nagpur,Maharashtra,2023-11-27,Instagram Ads
CUST002241,Imran Pillai,7410657299,suresh.rao392@rediffmail.com,122020,Gurugram,Haryana,2025-08-16,Organic Search
CUST002242,Myra Agarwal,9777441084,sunita.agarwal125@gmail.com,78109,Guwahati,Assam,2025-12-13,Referral
CUST002243,Myra Chatterjee,9173203106,N/A,753064,Cuttack,Odisha,2024-01-10,Organic Search
CUST002244,Deepak Rathore,8879579711,sunil.gupta470@rediffmail.com,834082,Ranchi,Jharkhand,2024-05-05,Facebook Ads
CUST002245,Gurpreet Desai,7278668689,sneha.kumar19@gmail.com,208049,Kanpur,Uttar Pradesh,2024-04-19,Facebook Ads
CUST002246,Mohammed Malhotra,7076513352,pooja.shah383@outlook.com,422031,Nashik,Maharashtra,2023-08-17,Organic Search
CUST002247,Vivaan Joshi,7970453868,arjun.kumar712@outlook.com,695048,Thiruvananthapuram,Kerala,2025-11-21,Instagram Ads
CUST002248,Mohammed Banerjee,7153834899,N/A,823006,Gaya,Bihar,2024-04-26,Instagram Ads
CUST002249,Vivaan Bhatt,6364237331,shreya.kumar319@gmail.com,422080,Nashik,Maharashtra,2023-11-27,Organic Search
CUST002250,Arjun Menon,8292101727,rekha.menon137@gmail.com,570011,Mysuru,Karnataka,2025-08-19,Unknown
CUST002251,Rajesh Yadav,6496196519,ananya.chauhan95@rediffmail.com,506006,Warangal,Telangana,2024-03-03,WhatsApp Reseller
CUST002252,Sandeep Rathore,7785771712,anil.desai991@yahoo.com,695083,Thiruvananthapuram,Kerala,2024-11-15,Organic Search
CUST002253,Tanvi Bhatt,6022796244,vikas.rathore869@rediffmail.com,500000, Hyderabad ,Telangana,2026-01-31,WhatsApp Reseller
CUST002254,Aditya Yadav,9594918684,lakshmi.chauhan714@rediffmail.com,781024, Guwahati ,Assam,2023-12-22,Facebook Ads
CUST002255,Ravi Rathore,7755785457,N/A,560018,Bengaluru,Karnataka,2024-07-15,Facebook Ads
CUST002256,Krishna Nair,8041226643,zoya.pillai779@gmail.com,411040,Pune,Maharashtra,2024-09-02,Organic Search
CUST002257,Pooja Menon,Check Number,rohit.naidu697@gmail.com,20800,Kanpur,Uttar Pradesh,2025-10-24,WhatsApp Reseller
CUST002258,Ramesh Iyer,9979339338,saanvi.rathore457@outlook.com,682026,Kochi,Kerala,2023-12-18,WhatsApp Reseller
CUST002259,Farhan Rathore,9816522350,shreya.shah854@yahoo.com,395062,Surat,Gujarat,2025-09-01,Referral
CUST002260,Kavita Sharma,9033429950,deepak.kumar737@yahoo.com,474080,Gwalior,Madhya Pradesh,2024-05-24,Organic Search
CUST002261,Deepak Pillai,9739718190,rajesh.mishra272@outlook.com,570073,Mysuru,Karnataka,2024-11-08,Instagram Ads
CUST002262,Geeta Iyer,7610332487,ayesha.mukherjee112@rediffmail.com,226014,Lucknow,Uttar Pradesh,2024-02-24,Referral
CUST002263,Anil Das,9247639857,N/A,226059,Lucknow,Uttar Pradesh,2025-09-10,Instagram Ads
CUST002264,Isha Sheikh,6099986692,neha.khan817@rediffmail.com,20804,Kanpur,Uttar Pradesh,2024-08-30,Unknown
CUST002265,Harpreet Shah,8536499610,harpreet.malhotra588@outlook.com,208019,Kanpur,Uttar Pradesh,2025-02-13,Organic Search
CUST002266,Amit Chatterjee,6027027507,pankaj.chauhan783@outlook.com,682031,Kochi,Kerala,2025-11-07,Referral
CUST002267,Myra Bhatt,6168120750,ravi.shah880@gmail.com,221046,Varanasi,Uttar Pradesh,2025-01-31,Facebook Ads
CUST002268,Ananya Bhatt,9523221489,sandeep.gupta195@rediffmail.com,474057,Gwalior,Madhya Pradesh,2024-03-26,Referral
CUST002269,Sai Chatterjee,6705695106,aadhya.yadav926@gmail.com,201008,Ghaziabad,Uttar Pradesh,2024-07-17,Instagram Ads
CUST002270,Lakshmi Khan,6699382145,N/A,440073,Nagpur,Maharashtra,2024-02-11,Facebook Ads
CUST002271,Vihaan Mukherjee,Missing,ayesha.bhatt54@yahoo.com,462073,Bhopal,Madhya Pradesh,2025-04-14,Instagram Ads
CUST002272,Rekha Mukherjee,9549818440,myra.joshi967@outlook.com,695039,Thiruvananthapuram,Kerala,2024-01-16,Organic Search
CUST002273,Vihaan Ansari,9487056623,harpreet.verma854@rediffmail.com,834000,Ranchi,Jharkhand,2023-09-21,Unknown
CUST002274,Reyansh Mukherjee,7506656605,farhan.shah22@rediffmail.com,570089,Mysuru,Karnataka,2023-08-24,WhatsApp Reseller
CUST002275,Sunita Desai,6947437299,N/A,226098,Lucknow,Uttar Pradesh,2023-10-10,Referral
CUST002276,Vivaan Kumar,8714243211,shreya.desai51@yahoo.com,474053,Gwalior,Madhya Pradesh,2025-09-27,Unknown
CUST002277,Kiara Bhatt,Missing,rekha.nair101@rediffmail.com,462020,Bhopal,Madhya Pradesh,2025-10-13,Facebook Ads
CUST002278,Aadhya Naidu,8256568668,N/A,823091,Gaya,Bihar,2025-01-02,Instagram Ads
CUST002279,Aadhya Joshi,6154385781,vihaan.chauhan465@rediffmail.com,695092,Thiruvananthapuram,Kerala,2023-12-23,WhatsApp Reseller
CUST002280,Tanvi Menon,6446619954,sai.verma4@outlook.com,160053,Chandigarh,Chandigarh,2025-02-11,Organic Search
CUST002281,Zoya Das,8363776659,N/A,360029,Rajkot,Gujarat,2024-07-15,Facebook Ads
CUST002282,Ramesh Patel,8918614628,ravi.reddy730@rediffmail.com,462007,Bhopal,Madhya Pradesh,2025-10-20,Referral
CUST002283,Sai Khan,9117027847,sneha.mishra851@yahoo.com,831095,Jamshedpur,Jharkhand,2025-01-28,Referral
CUST002284,Ayesha Gupta,9822588584,krishna.reddy650@rediffmail.com,500087,Hyderabad,Telangana,2023-12-13,Instagram Ads
CUST002285,Vikas Reddy,9175657799,vihaan.banerjee128@yahoo.com,411033,Pune,Maharashtra,2023-08-30,Instagram Ads
CUST002286,Mohammed Gupta,7415286348,arjun.yadav866@gmail.com,221006,Varanasi,Uttar Pradesh,2025-02-25,Instagram Ads
CUST002287,Sneha Das,9520156914,riya.singh389@rediffmail.com,751044,Bhubaneswar,Odisha,2025-10-04,Organic Search
CUST002288,Aarav Pillai,6781090719,isha.singh673@rediffmail.com,395013,Surat,Gujarat,2025-05-01,WhatsApp Reseller
CUST002289,Farhan Chatterjee,9368072966,kavita.verma548@rediffmail.com,695066,Thiruvananthapuram,Kerala,2024-04-05,WhatsApp Reseller
CUST002290,Deepak Sheikh,6704644503,aarav.banerjee688@gmail.com,141091,Ludhiana,Punjab,2023-09-07,Referral
CUST002291,Lakshmi Chauhan,9327223736,N/A,380083,Ahmedabad,Gujarat,2025-11-08,Organic Search
CUST002292,Aadhya Chatterjee,8493053973,zoya.singh200@rediffmail.com,208075,Kanpur,Uttar Pradesh,2025-02-01,Referral
CUST002293,Manoj Shah,8051431641,sunil.shah876@gmail.com,411055,Pune,Maharashtra,2024-05-18,Unknown
CUST002294,Zoya Malhotra,6628922384,deepak.shah936@yahoo.com,302076,Jaipur,Rajasthan,2024-02-18,WhatsApp Reseller
CUST002295,Rohit Chatterjee,8294977565,ananya.rathore867@rediffmail.com,452025,Indore,Madhya Pradesh,2025-08-14,Organic Search
CUST002296,Deepak Verma,7133875342,pooja.pillai524@yahoo.com,734042,Siliguri,West Bengal,2023-12-03,Organic Search
CUST002297,Lakshmi Rathore,9838252543,saanvi.chatterjee706@yahoo.com,800043,Patna,Bihar,2024-07-04,Unknown
CUST002298,Ayesha Yadav,Missing,ramesh.joshi742@yahoo.com,800032,Patna,Bihar,2023-11-16,Instagram Ads
CUST002299,Vivaan Joshi,Missing,N/A,580013,Hubli,Karnataka,2025-10-17,Instagram Ads
CUST002300,Reyansh Bhatt,7232854142,suresh.rao237@yahoo.com,121095,Faridabad,Haryana,2025-08-02,Facebook Ads
CUST002301,Imran Khan,9787788011,N/A,500068,Hyderabad,Telangana,2025-10-16,Unknown
CUST002302,Saanvi Chatterjee,6336931057,deepak.nair181@yahoo.com,682012,Kochi,Kerala,2024-12-26,Organic Search
CUST002303,Sunita Yadav,9023564093,pankaj.menon631@outlook.com,462010,Bhopal,Madhya Pradesh,2024-01-16,Unknown
CUST002304,Geeta Desai,7819194874,diya.nair987@gmail.com,46208,Bhopal,Madhya Pradesh,2024-11-11,Instagram Ads
CUST002305,Ravi Agarwal,8332702899,ramesh.rathore444@rediffmail.com,395095,Surat,Gujarat,2023-12-16,Referral
CUST002306,Ravi Mukherjee,8947396543,N/A,831005,Jamshedpur,Jharkhand,2024-02-22,Facebook Ads
CUST002307,Rajesh Yadav,8869793584,ananya.reddy103@rediffmail.com,625098,Madurai,Tamil Nadu,2025-02-28,Instagram Ads
CUST002308,Aditya Yadav,Missing,pankaj.agarwal525@gmail.com,462087,Bhopal,Madhya Pradesh,2024-11-15,Unknown
CUST002309,Krishna Chatterjee,8050850134,neha.sheikh166@outlook.com,753053,Cuttack,Odisha,2024-06-13,Organic Search
CUST002310,Ishaan Chatterjee,7453960424,N/A,823086,Gaya,Bihar,2024-10-26,Unknown
CUST002311,Isha Chatterjee,9820918812,sandeep.banerjee400@gmail.com,570020,Mysuru,Karnataka,2024-08-10,Organic Search
CUST002312,Aarav Shah,6963515911,isha.reddy242@gmail.com,400017,Mumbai,Maharashtra,2025-08-20,Facebook Ads
CUST002313,Sunita Sharma,Missing,isha.nair479@outlook.com,506070,Warangal,Telangana,2024-05-30,Organic Search
CUST002314,Ishaan Verma,7300325696,N/A,12203,Gurugram,Haryana,2024-09-15,WhatsApp Reseller
CUST002315,Amit Naidu,9631543099,aadhya.khan987@rediffmail.com,800015,Patna,Bihar,2024-07-29,Unknown
CUST002316,Gurpreet Banerjee,9463514522,shreya.kumar218@yahoo.com,700087,Kolkata,West Bengal,2025-07-16,Instagram Ads
CUST002317,Gurpreet Shah,Check Number,kiara.mukherjee181@gmail.com,342063,Jodhpur,Rajasthan,2023-10-12,Instagram Ads
CUST002318,Saanvi Malhotra,6540244783,N/A,122025,Gurugram,Haryana,2025-09-07,Unknown
CUST002319,Krishna Iyer,9963642721,ravi.iyer701@rediffmail.com,282025,Agra,Uttar Pradesh,2024-06-27,Organic Search
CUST002320,Sunita Ansari,7698630133,geeta.shah794@yahoo.com,753057,Cuttack,Odisha,2024-11-15,Referral
CUST002321,Ayesha Gupta,8147561603,anil.chatterjee999@yahoo.com,751053,Bhubaneswar,Odisha,2024-07-01,WhatsApp Reseller
CUST002322,Mohammed Sheikh,6096615929,ananya.pillai346@outlook.com,625005,Madurai,Tamil Nadu,2024-07-02,Organic Search
CUST002323,Saanvi Verma,7471120273,isha.kumar926@yahoo.com,452080,Indore,Madhya Pradesh,2026-01-17,Instagram Ads
CUST002324,Reyansh Sheikh,7072230335,N/A,695089,Thiruvananthapuram,Kerala,2023-08-23,WhatsApp Reseller
CUST002325,Jaspreet Chauhan,9927876782,N/A,506075,Warangal,Telangana,2023-12-13,Instagram Ads
CUST002326,Priya Ansari,8306206814,manoj.khan306@gmail.com,121089,Faridabad,Haryana,2025-03-27,Referral
CUST002327,Aarav Menon,7914198117,myra.agarwal200@gmail.com,110000,New Delhi,Delhi,2025-07-03,WhatsApp Reseller
CUST002328,Pooja Das,7980284416,ayesha.desai219@outlook.com,700034,Kolkata,West Bengal,2025-12-09,Instagram Ads
CUST002329,Isha Yadav,9057410376,diya.yadav874@rediffmail.com,160015,Chandigarh,Chandigarh,2024-04-02,Facebook Ads
CUST002330,Sai Naidu,6164466847,saanvi.patel702@gmail.com,395012,Surat,Gujarat,2025-02-08,Unknown
CUST002331,Kavita Menon,8118581101,aditya.kumar196@rediffmail.com,121043,Faridabad,Haryana,2025-02-20,WhatsApp Reseller
CUST002332,Anil Sharma,Missing,krishna.bhatt144@yahoo.com,302029,Jaipur,Rajasthan,2024-08-28,Organic Search
CUST002333,Vikas Singh,9888478718,pankaj.reddy865@yahoo.com,422085,Nashik,Maharashtra,2025-09-08,Referral
CUST002334,Amit Pillai,6802821311,lakshmi.patel319@gmail.com,400038, Mumbai ,Maharashtra,2024-04-09,Organic Search
CUST002335,Rekha Khan,8963490019,kavita.pillai748@yahoo.com,45204,Indore,Madhya Pradesh,2024-10-14,Unknown
CUST002336,Shreya Verma,9170616684,sneha.naidu707@yahoo.com,122003,Gurugram,Haryana,2025-07-14,WhatsApp Reseller
CUST002337,Kavita Malhotra,6869692344,N/A,823039,Gaya,Bihar,2023-12-08,Facebook Ads
CUST002338,Saanvi Khan,6604941723,N/A,452049,Indore,Madhya Pradesh,2024-12-09,Facebook Ads
CUST002339,Reyansh Sheikh,7584047057,ananya.rao427@rediffmail.com,641044,Coimbatore,Tamil Nadu,2025-09-17,Referral
CUST002340,Mohammed Banerjee,8711120701,tanvi.sharma710@rediffmail.com,682098,Kochi,Kerala,2024-11-20,Organic Search
CUST002341,Anil Naidu,8525761503,sunil.naidu644@rediffmail.com,506066,Warangal,Telangana,2024-04-26,Unknown
CUST002342,Kavita Pillai,8342299785,N/A,695030,Thiruvananthapuram,Kerala,2024-04-22,Facebook Ads
CUST002343,Aarav Iyer,9584901405,jaspreet.sharma152@rediffmail.com,400062,Mumbai,Maharashtra,2024-07-03,WhatsApp Reseller
CUST002344,Vihaan Kumar,6463691991,saanvi.menon535@outlook.com,842067,Muzaffarpur,Bihar,2024-05-17,Organic Search
CUST002345,Sai Yadav,9717752969,riya.naidu185@outlook.com,474045,Gwalior,Madhya Pradesh,2024-12-04,WhatsApp Reseller
CUST002346,Rekha Pillai,7452770508,N/A,625055,Madurai,Tamil Nadu,2024-07-29,Referral
CUST002347,Jaspreet Bhatt,9789501391,saanvi.rathore473@gmail.com,360035,Rajkot,Gujarat,2024-01-03,Referral
CUST002348,Pankaj Rao,8382814046,sunita.joshi448@yahoo.com,201056,Ghaziabad,Uttar Pradesh,2025-04-24,Unknown
CUST002349,Kiara Nair,Missing,sneha.chatterjee796@rediffmail.com,302083,Jaipur,Rajasthan,2024-09-26,Facebook Ads
CUST002350,Aditya Bhatt,9861773079,rajesh.shah78@rediffmail.com,11005,New Delhi,Delhi,2023-12-29,Referral
CUST002351,Gurpreet Rao,7576210902,farhan.mishra777@rediffmail.com,440003,Nagpur,Maharashtra,2025-06-26,Instagram Ads
CUST002352,Ramesh Bhatt,7057275622,krishna.mishra327@yahoo.com,110071,New Delhi,Delhi,2025-02-14,Facebook Ads
CUST002353,Krishna Pillai,6720324893,rohit.nair664@outlook.com,625061,Madurai,Tamil Nadu,2026-01-03,WhatsApp Reseller
CUST002354,Ayesha Bhatt,7414842689,manoj.pillai37@outlook.com,282060,Agra,Uttar Pradesh,2025-01-13,Instagram Ads
CUST002355,Riya Pillai,8519242793,N/A,395044,Surat,Gujarat,2025-02-20,Facebook Ads
CUST002356,Sai Joshi,7414487774,suresh.menon202@outlook.com,842009,Muzaffarpur,Bihar,2025-10-14,Referral
CUST002357,Vikas Bhatt,7779606888,vikas.ansari732@rediffmail.com,395022,Surat,Gujarat,2024-08-01,Referral
CUST002358,Mohammed Chauhan,7216346518,mohammed.menon117@rediffmail.com,831016,Jamshedpur,Jharkhand,2023-10-15,Unknown
CUST002359,Shreya Shah,6868651466,reyansh.chauhan15@rediffmail.com,395078,Surat,Gujarat,2025-09-26,Instagram Ads
CUST002360,Ananya Patel,7465529578,saanvi.malhotra325@gmail.com,713030,Asansol,West Bengal,2024-02-24,Facebook Ads
CUST002361,Krishna Gupta,Missing,rohit.gupta765@rediffmail.com,625006,Madurai,Tamil Nadu,2024-01-30,Unknown
CUST002362,Imran Mukherjee,Check Number,gurpreet.gupta563@yahoo.com,842074,Muzaffarpur,Bihar,2023-10-20,WhatsApp Reseller
CUST002363,Anil Rathore,9987329758,N/A,201082,Ghaziabad,Uttar Pradesh,2025-01-31,Organic Search
CUST002364,Neha Mukherjee,6906609478,vihaan.rao427@yahoo.com,753054,Cuttack,Odisha,2024-08-13,WhatsApp Reseller
CUST002365,Anil Joshi,8463128420,diya.mishra314@yahoo.com,360005,Rajkot,Gujarat,2024-07-02,Referral
CUST002366,Arjun Chatterjee,8136840541,tanvi.chatterjee170@yahoo.com,342000,Jodhpur,Rajasthan,2023-12-25,Organic Search
CUST002367,Arjun Shah,9073478432,priya.agarwal545@rediffmail.com,500081,Hyderabad,Telangana,2025-01-17,Facebook Ads
CUST002368,Rekha Malhotra,8376730585,arjun.shah433@rediffmail.com,226077,Lucknow,Uttar Pradesh,2025-06-09,Facebook Ads
CUST002369,Sai Malhotra,8588983923,N/A,282099,Agra,Uttar Pradesh,2025-07-06,Organic Search
CUST002370,Deepak Chauhan,7445475971,krishna.mukherjee828@outlook.com,641062,Coimbatore,Tamil Nadu,2025-12-04,Instagram Ads
CUST002371,Pooja Chatterjee,7946845831,rajesh.sharma197@rediffmail.com,302044,Jaipur,Rajasthan,2025-01-01,Facebook Ads
CUST002372,Simran Naidu,Missing,diya.chauhan650@gmail.com,682049,Kochi,Kerala,2025-07-25,WhatsApp Reseller
CUST002373,Ananya Malhotra,6736649706,mohammed.desai728@gmail.com,641087,Coimbatore,Tamil Nadu,2023-10-22,Unknown
CUST002374,Neha Nair,7562395021,N/A,781005,Guwahati,Assam,2023-10-19,Facebook Ads
CUST002375,Myra Kumar,Missing,anil.nair590@rediffmail.com,422098,Nashik,Maharashtra,2025-01-30,Organic Search
CUST002376,Aarav Bhatt,8759911739,ravi.yadav332@gmail.com,160065,Chandigarh,Chandigarh,2023-09-30,Organic Search
CUST002377,Aditya Patel,6603502450,saanvi.kumar760@outlook.com,600007,Chennai,Tamil Nadu,2023-11-27,Facebook Ads
CUST002378,Tanvi Yadav,8646866764,N/A,282000,Agra,Uttar Pradesh,2025-11-03,Referral
CUST002379,Vikas Iyer,6073823225,tanvi.ansari556@yahoo.com,226054,Lucknow,Uttar Pradesh,2023-12-16,Unknown
CUST002380,Aadhya Pillai,8177657866,N/A,143044,Amritsar,Punjab,2023-08-25,WhatsApp Reseller
CUST002381,Isha Pillai,Check Number,N/A,560040,Bengaluru,Karnataka,2025-08-19,Unknown
CUST002382,Isha Sharma,8751318382,geeta.verma682@rediffmail.com,395049,Surat,Gujarat,2025-12-15,Referral
CUST002383,Shreya Joshi,Check Number,deepak.verma68@outlook.com,831057,Jamshedpur,Jharkhand,2025-07-14,Unknown
CUST002384,Vihaan Yadav,8497127931,N/A,440082,Nagpur,Maharashtra,2025-11-25,WhatsApp Reseller
CUST002385,Pankaj Pillai,9960956611,manoj.patel564@yahoo.com,751090,Bhubaneswar,Odisha,2024-02-12,Facebook Ads
CUST002386,Myra Sharma,Check Number,N/A,713060,Asansol,West Bengal,2024-07-06,Facebook Ads
CUST002387,Tanvi Iyer,8220699255,myra.verma12@yahoo.com,221044,Varanasi,Uttar Pradesh,2025-03-14,WhatsApp Reseller
CUST002388,Ravi Khan,8910885348,myra.malhotra88@yahoo.com,625020,Madurai,Tamil Nadu,2025-01-20,WhatsApp Reseller
CUST002389,Vihaan Chauhan,7281816717,reyansh.singh7@yahoo.com,226XX2,Lucknow,Uttar Pradesh,2025-04-12,Referral
CUST002390,Mohammed Mishra,9918480000,sai.nair245@gmail.com,506087,Warangal,Telangana,2025-03-20,WhatsApp Reseller
CUST002391,Priya Malhotra,7921581927,rohit.iyer296@yahoo.com,474090,Gwalior,Madhya Pradesh,2026-01-14,Referral
CUST002392,Jaspreet Agarwal,6583365974,aditya.malhotra645@gmail.com,395059,Surat,Gujarat,2024-01-15,Facebook Ads
CUST002393,Sunil Menon,7656197896,arjun.kumar387@outlook.com,695078,Thiruvananthapuram,Kerala,2024-03-14,WhatsApp Reseller
CUST002394,Gurpreet Mishra,9657486597,mohammed.shah931@outlook.com,302061,Jaipur,Rajasthan,2024-01-17,WhatsApp Reseller
CUST002395,Deepak Chatterjee,7373393474,tanvi.pillai180@outlook.com,411064,Pune,Maharashtra,2025-12-23,Organic Search
CUST002396,Rekha Agarwal,9052173213,shreya.chatterjee527@outlook.com,201074,Ghaziabad,Uttar Pradesh,2024-04-12,Referral
CUST002397,Sandeep Ansari,8576930888,riya.verma450@gmail.com,302086,Jaipur,Rajasthan,2024-02-01,Facebook Ads
CUST002398,Tanvi Khan,Check Number,pooja.joshi761@outlook.com,313014,Udaipur,Rajasthan,2024-03-02,Instagram Ads
CUST002399,Shreya Chatterjee,8365094162,sandeep.sheikh791@outlook.com,753022,Cuttack,Odisha,2024-08-09,Facebook Ads
CUST002400,Geeta Verma,6566701918,deepak.singh8@rediffmail.com,462091,Bhopal,Madhya Pradesh,2024-03-23,Unknown
CUST002401,Sai Malhotra,6221318960,N/A,440081,Nagpur,Maharashtra,2024-10-02,Organic Search
CUST002402,Neha Yadav,8512335591,amit.das764@gmail.com,221052,Varanasi,Uttar Pradesh,2025-11-03,Facebook Ads
CUST002403,Gurpreet Das,Check Number,sai.yadav375@yahoo.com,38005,Ahmedabad,Gujarat,2024-12-07,Unknown
CUST002404,Geeta Rathore,7414524486,N/A,682003,Kochi,Kerala,2024-09-28,Instagram Ads
CUST002405,Kavita Iyer,7946513271,sneha.shah672@gmail.com,110054,New Delhi,Delhi,2023-10-02,Facebook Ads
CUST002406,Amit Chauhan,6920509163,riya.pillai965@yahoo.com,395050,Surat,Gujarat,2025-05-06,Facebook Ads
CUST002407,Zoya Chauhan,7491283006,myra.menon545@gmail.com,462083,Bhopal,Madhya Pradesh,2024-11-20,Organic Search
CUST002408,Sai Chauhan,9079117292,gurpreet.chatterjee579@gmail.com,506026,Warangal,Telangana,2024-06-27,Organic Search
CUST002409,Amit Joshi,8504094147,sai.menon853@outlook.com,302068,Jaipur,Rajasthan,2024-02-04,WhatsApp Reseller
CUST002410,Pooja Das,6636297038,isha.das660@outlook.com,834018,Ranchi,Jharkhand,2025-09-23,Facebook Ads
CUST002411,Ramesh Reddy,Check Number,kavita.menon497@rediffmail.com,22107,Varanasi,Uttar Pradesh,2025-08-23,Organic Search
CUST002412,Aadhya Iyer,8065253293,neha.das856@rediffmail.com,600096,Chennai,Tamil Nadu,2025-03-19,WhatsApp Reseller
CUST002413,Mohammed Malhotra,9754728157,ramesh.yadav183@rediffmail.com,474000,Gwalior,Madhya Pradesh,2025-01-20,Facebook Ads
CUST002414,Saanvi Ansari,6494872484,N/A,411066,Pune,Maharashtra,2025-03-31,Facebook Ads
CUST002415,Amit Yadav,6820780988,ananya.verma595@yahoo.com,400080,Mumbai,Maharashtra,2025-03-08,Instagram Ads
CUST002416,Shreya Mukherjee,6302792990,N/A,143076,Amritsar,Punjab,2025-07-16,Organic Search
CUST002417,Rajesh Rao,8943260322,manoj.sharma877@outlook.com,452004,Indore,Madhya Pradesh,2023-11-16,Referral
CUST002418,Ayesha Joshi,6888959208,N/A,734065,Siliguri,West Bengal,2025-12-13,Referral
CUST002419,Pankaj Sheikh,8117159036,lakshmi.pillai501@yahoo.com,452089,Indore,Madhya Pradesh,2024-06-14,Referral
CUST002420,Mohammed Shah,7432978671,tanvi.bhatt189@rediffmail.com,121076,Faridabad,Haryana,2025-09-05,Referral
CUST002421,Vikas Ansari,6719103533,N/A,474060,Gwalior,Madhya Pradesh,2025-03-29,Unknown
CUST002422,Mohammed Joshi,9631438706,N/A,122089,Gurugram,Haryana,2025-01-16,WhatsApp Reseller
CUST002423,Gurpreet Agarwal,8951733666,N/A,221057, Varanasi ,Uttar Pradesh,2024-05-31,Unknown
CUST002424,Rekha Verma,6638224432,N/A,122065,Gurugram,Haryana,2024-07-01,Unknown
CUST002425,Lakshmi Khan,6791543698,aditya.agarwal657@yahoo.com,474077,Gwalior,Madhya Pradesh,2024-09-21,Facebook Ads
CUST002426,Pankaj Iyer,6069569819,N/A,411060,Pune,Maharashtra,2025-04-17,Organic Search
CUST002427,Amit Malhotra,6750599906,kavita.singh62@outlook.com,800007,Patna,Bihar,2026-01-15,Instagram Ads
CUST002428,Mohammed Shah,8374945583,sai.rathore374@outlook.com,121091,Faridabad,Haryana,2026-01-14,Instagram Ads
CUST002429,Reyansh Naidu,6078632019,shreya.rao224@gmail.com,625099,Madurai,Tamil Nadu,2024-08-28,Facebook Ads
CUST002430,Diya Chatterjee,6191277615,rekha.sharma461@rediffmail.com,201033,Ghaziabad,Uttar Pradesh,2024-01-28,Referral
CUST002431,Tanvi Kumar,9657125445,N/A,422050,Nashik,Maharashtra,2025-05-17,Referral
CUST002432,Priya Sharma,6544496252,suresh.mukherjee253@outlook.com,831094,Jamshedpur,Jharkhand,2024-02-12,Referral
CUST002433,Ayesha Pillai,7442031579,aarav.banerjee944@rediffmail.com,625008,Madurai,Tamil Nadu,2024-12-15,Organic Search
CUST002434,Kiara Yadav,9801922716,aadhya.bhatt930@yahoo.com,641053,Coimbatore,Tamil Nadu,2024-07-18,Facebook Ads
CUST002435,Imran Rathore,9135427018,saanvi.khan794@yahoo.com,58000,Hubli,Karnataka,2025-02-15,Referral
CUST002436,Harpreet Banerjee,9185331156,N/A,282094,Agra,Uttar Pradesh,2023-10-06,Unknown
CUST002437,Lakshmi Iyer,7364921529,zoya.rathore479@gmail.com,121024,Faridabad,Haryana,2023-11-29,Facebook Ads
CUST002438,Reyansh Yadav,6701821557,riya.gupta920@yahoo.com,141096,Ludhiana,Punjab,2025-08-21,WhatsApp Reseller
CUST002439,Saanvi Das,6944557669,ayesha.kumar353@yahoo.com,313013,Udaipur,Rajasthan,2024-02-23,Instagram Ads
CUST002440,Sunita Sheikh,8659230022,N/A,713049,Asansol,West Bengal,2024-02-26,Unknown
CUST002441,Simran Mukherjee,9211152927,aarav.rao813@yahoo.com,313053,Udaipur,Rajasthan,2024-01-10,Facebook Ads
CUST002442,Gurpreet Sheikh,6731010910,N/A,422042,Nashik,Maharashtra,2024-04-23,WhatsApp Reseller
CUST002443,Ayesha Agarwal,8103895372,sandeep.sheikh798@yahoo.com,700023,Kolkata,West Bengal,2023-10-08,Facebook Ads
CUST002444,Kavita Joshi,9696577654,farhan.shah978@yahoo.com,823012,Gaya,Bihar,2025-05-03,Facebook Ads
CUST002445,Pooja Chatterjee,8911608478,N/A,834082,Ranchi,Jharkhand,2023-12-05,WhatsApp Reseller
CUST002446,Deepak Naidu,8856944514,shreya.mukherjee475@yahoo.com,800075, Patna ,Bihar,2025-04-22,Referral
CUST002447,Anil Gupta,9461239554,shreya.malhotra151@rediffmail.com,208099,Kanpur,Uttar Pradesh,2025-07-09,Referral
CUST002448,Deepak Mishra,6978039934,ravi.patel53@outlook.com,580027,Hubli,Karnataka,2023-11-11,Unknown
CUST002449,Saanvi Joshi,6835073984,N/A,781065,Guwahati,Assam,2024-06-15,Facebook Ads
CUST002450,Imran Banerjee,7176272438,sneha.iyer893@rediffmail.com,625044,Madurai,Tamil Nadu,2024-09-05,WhatsApp Reseller
CUST002451,Imran Reddy,8633845545,N/A,751078,Bhubaneswar,Odisha,2024-10-26,WhatsApp Reseller
CUST002452,Reyansh Reddy,7089893092,N/A,823039,Gaya,Bihar,2024-07-08,Organic Search
CUST002453,Aditya Rao,9838282667,riya.malhotra19@gmail.com,474084,Gwalior,Madhya Pradesh,2024-11-09,Instagram Ads
CUST002454,Suresh Patel,8901213553,ananya.chatterjee228@rediffmail.com,474025,Gwalior,Madhya Pradesh,2024-03-29,WhatsApp Reseller
CUST002455,Vihaan Yadav,9440314822,pankaj.pillai267@rediffmail.com,208096,Kanpur,Uttar Pradesh,2024-10-13,Instagram Ads
CUST002456,Ananya Singh,8550269450,N/A,842020,Muzaffarpur,Bihar,2025-06-14,WhatsApp Reseller
CUST002457,Anil Kumar,9689801065,harpreet.patel543@rediffmail.com,452039,Indore,Madhya Pradesh,2025-07-12,Unknown
CUST002458,Priya Bhatt,7707274200,N/A,600083,Chennai,Tamil Nadu,2025-10-19,Organic Search
CUST002459,Kiara Shah,6048591590,priya.patel904@rediffmail.com,452057,Indore,Madhya Pradesh,2024-05-14,Referral
CUST002460,Reyansh Iyer,9795156992,krishna.malhotra662@yahoo.com,823098,Gaya,Bihar,2024-09-08,WhatsApp Reseller
CUST002461,Riya Sharma,9330994791,mohammed.khan830@yahoo.com,395064,Surat,Gujarat,2025-04-19,Organic Search
CUST002462,Reyansh Yadav,8667856371,N/A,625051,Madurai,Tamil Nadu,2025-04-23,Facebook Ads
CUST002463,Geeta Singh,9825634325,N/A,823071,Gaya,Bihar,2025-11-21,WhatsApp Reseller
CUST002464,Arjun Iyer,6174748157,reyansh.desai891@rediffmail.com,831024, Jamshedpur ,Jharkhand,2023-12-03,Instagram Ads
CUST002465,Simran Joshi,6807092785,N/A,842035,Muzaffarpur,Bihar,2023-11-02,Referral
CUST002466,Pankaj Agarwal,8666920729,ishaan.naidu772@yahoo.com,342092,Jodhpur,Rajasthan,2025-01-02,WhatsApp Reseller
CUST002467,Myra Reddy,8539750829,vivaan.sheikh206@rediffmail.com,580076,Hubli,Karnataka,2024-02-24,Instagram Ads
CUST002468,Rohit Mishra,7684941479,pooja.mishra335@gmail.com,282062,Agra,Uttar Pradesh,2026-01-31,Referral
CUST002469,Rekha Menon,7000297806,harpreet.naidu566@yahoo.com,600054,Chennai,Tamil Nadu,2026-01-11,WhatsApp Reseller
CUST002470,Diya Patel,6358322327,N/A,143098,Amritsar,Punjab,2025-09-02,Facebook Ads
CUST002471,Isha Ansari,8822332284,N/A,462065,Bhopal,Madhya Pradesh,2024-08-13,Facebook Ads
CUST002472,Myra Khan,7145544722,gurpreet.verma895@rediffmail.com,143078,Amritsar,Punjab,2025-10-11,Instagram Ads
CUST002473,Diya Ansari,9303748508,N/A,221006,Varanasi,Uttar Pradesh,2025-08-16,Organic Search
CUST002474,Isha Naidu,Missing,deepak.chauhan250@outlook.com,831048,Jamshedpur,Jharkhand,2026-01-28,Instagram Ads
CUST002475,Vikas Agarwal,8733353837,anil.verma189@yahoo.com,474095,Gwalior,Madhya Pradesh,2024-08-19,Referral
CUST002476,Sunil Pillai,6927812079,rohit.iyer554@gmail.com,842078,Muzaffarpur,Bihar,2024-11-11,Facebook Ads
CUST002477,Ramesh Singh,9201701175,imran.sheikh401@outlook.com,625037,Madurai,Tamil Nadu,2025-03-03,Organic Search
CUST002478,Sneha Bhatt,6716778803,N/A,625086,Madurai,Tamil Nadu,2024-01-31,WhatsApp Reseller
CUST002479,Sneha Singh,6550393038,aarav.reddy770@rediffmail.com,226013,Lucknow,Uttar Pradesh,2025-06-17,Facebook Ads
CUST002480,Gurpreet Desai,8888198759,rajesh.mishra234@yahoo.com,121082,Faridabad,Haryana,2025-08-31,WhatsApp Reseller
CUST002481,Anil Kumar,9391062046,manoj.yadav933@yahoo.com,440098,Nagpur,Maharashtra,2024-05-06,WhatsApp Reseller
CUST002482,Ravi Chauhan,9444911851,imran.iyer685@yahoo.com,221022,Varanasi,Uttar Pradesh,2024-07-23,Referral
CUST002483,Jaspreet Verma,8230227275,riya.mukherjee863@yahoo.com,121093,Faridabad,Haryana,2024-09-03,Facebook Ads
CUST002484,Krishna Sheikh,9382677597,vikas.mishra113@rediffmail.com,110045,New Delhi,Delhi,2023-08-30,Unknown
CUST002485,Vikas Das,9834869871,pooja.menon411@yahoo.com,700072,Kolkata,West Bengal,2024-04-19,Organic Search
CUST002486,Myra Menon,Missing,rekha.malhotra66@gmail.com,411002,Pune,Maharashtra,2025-03-05,Referral
CUST002487,Ananya Pillai,8198703225,lakshmi.gupta640@yahoo.com,395086,Surat,Gujarat,2023-10-04,Unknown
CUST002488,Zoya Iyer,8472787924,vikas.rao694@outlook.com,800009,Patna,Bihar,2023-08-22,Organic Search
CUST002489,Sandeep Desai,6613769823,sai.rao575@yahoo.com,641092,Coimbatore,Tamil Nadu,2024-06-29,Referral
CUST002490,Kavita Bhatt,6281212635,gurpreet.naidu569@gmail.com,360061,Rajkot,Gujarat,2024-09-15,Facebook Ads
CUST002491,Mohammed Menon,7356284437,N/A,302012,Jaipur,Rajasthan,2024-02-06,Facebook Ads
CUST002492,Priya Nair,7812479666,N/A,422012,Nashik,Maharashtra,2025-12-19,Referral
CUST002493,Aadhya Agarwal,7768481419,geeta.desai630@gmail.com,75304,Cuttack,Odisha,2024-05-18,WhatsApp Reseller
CUST002494,Myra Naidu,8056845934,reyansh.verma856@outlook.com,600022,Chennai,Tamil Nadu,2025-02-08,WhatsApp Reseller
CUST002495,Ishaan Bhatt,8022593122,ananya.mukherjee276@rediffmail.com,500072,Hyderabad,Telangana,2025-08-17,Referral
CUST002496,Aarav Mishra,8467723967,kavita.reddy578@gmail.com,201040,Ghaziabad,Uttar Pradesh,2024-03-06,Referral
CUST002497,Diya Banerjee,8099073722,harpreet.singh512@outlook.com,570001, Mysuru ,Karnataka,2024-11-22,Instagram Ads
CUST002498,Riya Sheikh,Check Number,neha.desai184@yahoo.com,221041,Varanasi,Uttar Pradesh,2026-01-07,Facebook Ads
CUST002499,Sai Ansari,9369380584,aditya.chauhan7@rediffmail.com,734085,Siliguri,West Bengal,2025-11-28,Facebook Ads
CUST002500,Ananya Yadav,Check Number,reyansh.menon184@outlook.com,122067,Gurugram,Haryana,2024-11-10,Instagram Ads
CUST002501,Mohammed Reddy,9881668096,reyansh.desai563@outlook.com,700038,Kolkata,West Bengal,2024-09-02,Referral
CUST002502,Vikas Rathore,9477060855,lakshmi.ansari196@rediffmail.com,500047,Hyderabad,Telangana,2024-04-17,Facebook Ads
CUST002503,Deepak Sheikh,6565277015,ayesha.patel400@outlook.com,302079,Jaipur,Rajasthan,2023-09-11,Facebook Ads
CUST002504,Anil Kumar,7164606649,ananya.nair497@rediffmail.com,641068,Coimbatore,Tamil Nadu,2023-10-28,Facebook Ads
CUST002505,Sai Iyer,8485928206,mohammed.reddy265@outlook.com,208089,Kanpur,Uttar Pradesh,2024-04-03,WhatsApp Reseller
CUST002506,Aditya Sharma,9178088644,gurpreet.desai915@gmail.com,122018,Gurugram,Haryana,2026-02-01,Instagram Ads
CUST002507,Harpreet Shah,7501229153,deepak.chatterjee600@yahoo.com,400009,Mumbai,Maharashtra,2025-09-03,Unknown
CUST002508,Ayesha Patel,7801070177,pooja.das406@gmail.com,570037,Mysuru,Karnataka,2025-10-05,WhatsApp Reseller
CUST002509,Jaspreet Chatterjee,7123315349,diya.singh858@outlook.com,160081,Chandigarh,Chandigarh,2024-09-20,Instagram Ads
CUST002510,Reyansh Banerjee,9898239732,ravi.verma164@rediffmail.com,121099,Faridabad,Haryana,2025-04-02,Instagram Ads
CUST002511,Tanvi Sharma,6499525359,aarav.gupta793@outlook.com,734072, Siliguri ,West Bengal,2024-04-01,Instagram Ads
CUST002512,Riya Ansari,8210203887,N/A,221036,Varanasi,Uttar Pradesh,2025-01-28,Referral
CUST002513,Suresh Joshi,7100848654,riya.chatterjee725@outlook.com,440066,Nagpur,Maharashtra,2025-04-14,Unknown
CUST002514,Neha Das,6567392936,aditya.mishra10@outlook.com,834066,Ranchi,Jharkhand,2025-03-09,Unknown
CUST002515,Shreya Agarwal,8175204770,kavita.reddy715@gmail.com,313057,Udaipur,Rajasthan,2024-07-06,Facebook Ads
CUST002516,Aadhya Joshi,7262250634,deepak.nair924@yahoo.com,713029,Asansol,West Bengal,2025-02-15,Instagram Ads
CUST002517,Zoya Malhotra,Missing,kavita.verma814@rediffmail.com,600010,Chennai,Tamil Nadu,2024-09-25,Facebook Ads
CUST002518,Reyansh Bhatt,6443305098,anil.desai917@yahoo.com,474005,Gwalior,Madhya Pradesh,2024-09-13,Referral
CUST002519,Kavita Malhotra,8865584225,deepak.mishra400@rediffmail.com,422046,Nashik,Maharashtra,2024-01-17,Instagram Ads
CUST002520,Diya Chauhan,Missing,N/A,143052,Amritsar,Punjab,2024-06-16,Facebook Ads
CUST002521,Diya Gupta,Missing,farhan.patel196@gmail.com,342077,Jodhpur,Rajasthan,2023-12-13,Referral
CUST002522,Tanvi Chatterjee,7124049386,aadhya.banerjee151@yahoo.com,695062,Thiruvananthapuram,Kerala,2025-06-19,Unknown
CUST002523,Shreya Das,9306585827,ramesh.mukherjee308@outlook.com,625079, Madurai ,Tamil Nadu,2025-07-12,WhatsApp Reseller
CUST002524,Shreya Sharma,8814429836,suresh.singh640@gmail.com,506003,Warangal,Telangana,2025-06-22,Instagram Ads
CUST002525,Reyansh Verma,6886961158,vivaan.gupta500@gmail.com,713056,Asansol,West Bengal,2023-11-02,Referral
CUST002526,Lakshmi Reddy,9242060511,sandeep.chauhan428@gmail.com,342031,Jodhpur,Rajasthan,2024-12-04,WhatsApp Reseller
CUST002527,Sandeep Gupta,9190232710,N/A,141057,Ludhiana,Punjab,2024-01-11,Facebook Ads
CUST002528,Aditya Naidu,6564317210,neha.rao405@yahoo.com,201008,Ghaziabad,Uttar Pradesh,2023-10-24,Unknown
CUST002529,Vivaan Khan,7505445931,kiara.singh153@rediffmail.com,625XX6,Madurai,Tamil Nadu,2023-08-24,Instagram Ads
CUST002530,Farhan Khan,Missing,imran.iyer710@gmail.com,121052,Faridabad,Haryana,2025-06-05,Unknown
CUST002531,Riya Banerjee,8368131453,pooja.joshi666@gmail.com,462017,Bhopal,Madhya Pradesh,2023-09-29,WhatsApp Reseller
CUST002532,Farhan Ansari,8022277602,vihaan.yadav776@outlook.com,221016,Varanasi,Uttar Pradesh,2024-01-17,Unknown
CUST002533,Neha Mukherjee,6677421083,N/A,800092, Patna ,Bihar,2025-05-17,Facebook Ads
CUST002534,Harpreet Mukherjee,Check Number,N/A,700042,Kolkata,West Bengal,2024-11-03,Instagram Ads
CUST002535,Diya Mishra,9903384713,aarav.chatterjee541@outlook.com,411091,Pune,Maharashtra,2025-07-28,Facebook Ads
CUST002536,Riya Agarwal,6040234203,rekha.chauhan656@yahoo.com,122047,Gurugram,Haryana,2023-09-16,Referral
CUST002537,Reyansh Chatterjee,7666943658,pankaj.malhotra312@gmail.com,422061,Nashik,Maharashtra,2025-09-26,Referral
CUST002538,Isha Agarwal,8329677375,rohit.joshi215@gmail.com,208069,Kanpur,Uttar Pradesh,2024-02-06,Organic Search
CUST002539,Myra Rao,6154168249,deepak.sharma775@rediffmail.com,570033,Mysuru,Karnataka,2025-06-11,Instagram Ads
CUST002540,Ramesh Mukherjee,9512674907,kiara.mukherjee104@yahoo.com,440033,Nagpur,Maharashtra,2023-08-24,Facebook Ads
CUST002541,Tanvi Shah,6582230947,imran.desai438@outlook.com,208094,Kanpur,Uttar Pradesh,2025-03-29,Referral
CUST002542,Rajesh Malhotra,8414679693,rohit.mukherjee689@yahoo.com,302012,Jaipur,Rajasthan,2025-04-28,Organic Search
CUST002543,Imran Khan,6831168674,priya.menon840@outlook.com,226055,Lucknow,Uttar Pradesh,2023-12-23,Facebook Ads
CUST002544,Arjun Joshi,8182697187,gurpreet.singh352@yahoo.com,400071,Mumbai,Maharashtra,2024-10-21,Instagram Ads
CUST002545,Rajesh Gupta,8985117426,ishaan.kumar916@outlook.com,282037,Agra,Uttar Pradesh,2025-11-14,WhatsApp Reseller
CUST002546,Lakshmi Desai,9081035743,N/A,682082,Kochi,Kerala,2025-03-02,Organic Search
CUST002547,Amit Singh,8499726315,arjun.sharma567@outlook.com,440006,Nagpur,Maharashtra,2023-10-01,Unknown
CUST002548,Riya Mishra,8406428235,lakshmi.iyer828@outlook.com,474079,Gwalior,Madhya Pradesh,2025-01-30,Instagram Ads
CUST002549,Pooja Gupta,7496059370,rohit.mishra147@yahoo.com,395050,Surat,Gujarat,2024-02-22,Organic Search
CUST002550,Myra Bhatt,9057162984,zoya.malhotra310@outlook.com,122094,Gurugram,Haryana,2025-10-11,Organic Search
CUST002551,Ayesha Desai,8601668586,vikas.rathore618@rediffmail.com,160017,Chandigarh,Chandigarh,2025-05-04,Facebook Ads
CUST002552,Aditya Nair,7260386157,pooja.kumar889@yahoo.com,753068,Cuttack,Odisha,2025-07-02,Unknown
CUST002553,Sai Mishra,6746120465,ayesha.chatterjee445@outlook.com,226049,Lucknow,Uttar Pradesh,2024-10-27,Unknown
CUST002554,Amit Singh,7230421037,rajesh.joshi835@yahoo.com,462038,Bhopal,Madhya Pradesh,2024-03-20,Unknown
CUST002555,Harpreet Verma,7357937759,diya.shah133@yahoo.com,22600,Lucknow,Uttar Pradesh,2024-09-09,Instagram Ads
CUST002556,Manoj Agarwal,9491139282,suresh.desai433@rediffmail.com,400069,Mumbai,Maharashtra,2024-03-26,Facebook Ads
CUST002557,Manoj Sharma,7383367361,N/A,122036,Gurugram,Haryana,2025-06-02,Referral
CUST002558,Mohammed Joshi,9994292231,geeta.pillai517@rediffmail.com,831066,Jamshedpur,Jharkhand,2024-01-26,Facebook Ads
CUST002559,Aditya Ansari,6072322747,aditya.gupta640@rediffmail.com,440000,Nagpur,Maharashtra,2025-11-28,Instagram Ads
CUST002560,Imran Nair,8178584770,N/A,221077,Varanasi,Uttar Pradesh,2025-08-30,Instagram Ads
CUST002561,Jaspreet Desai,7341024250,N/A,834048,Ranchi,Jharkhand,2025-06-01,Instagram Ads
CUST002562,Manoj Mishra,9896176872,suresh.kumar742@gmail.com,800098,Patna,Bihar,2025-11-26,WhatsApp Reseller
CUST002563,Vihaan Gupta,6008259230,reyansh.singh491@outlook.com,781041,Guwahati,Assam,2025-11-03,WhatsApp Reseller
CUST002564,Aditya Das,6546905084,anil.pillai343@gmail.com,380001,Ahmedabad,Gujarat,2026-01-06,Organic Search
CUST002565,Vivaan Agarwal,9526322844,kiara.ansari197@rediffmail.com,226006,Lucknow,Uttar Pradesh,2023-09-26,Referral
CUST002566,Jaspreet Chauhan,8823506274,jaspreet.naidu853@rediffmail.com,226006,Lucknow,Uttar Pradesh,2024-09-28,Facebook Ads
CUST002567,Ravi Bhatt,7543491892,farhan.ansari323@outlook.com,302083,Jaipur,Rajasthan,2024-08-31,Facebook Ads
CUST002568,Neha Rao,Missing,tanvi.rao941@rediffmail.com,208010,Kanpur,Uttar Pradesh,2025-12-06,Instagram Ads
CUST002569,Aarav Bhatt,7580994919,sandeep.iyer793@yahoo.com,201025,Ghaziabad,Uttar Pradesh,2025-02-15,Facebook Ads
CUST002570,Ayesha Pillai,9850220805,gurpreet.das774@outlook.com,695086,Thiruvananthapuram,Kerala,2024-08-07,Organic Search
CUST002571,Arjun Reddy,8651835914,shreya.patel46@gmail.com,751005,Bhubaneswar,Odisha,2025-01-19,Facebook Ads
CUST002572,Aarav Mishra,9010831734,N/A,282047,Agra,Uttar Pradesh,2026-01-14,WhatsApp Reseller
CUST002573,Mohammed Reddy,9122400025,geeta.rao726@rediffmail.com,625010,Madurai,Tamil Nadu,2023-09-01,Referral
CUST002574,Manoj Chauhan,9578423518,aditya.sheikh855@yahoo.com,342039,Jodhpur,Rajasthan,2025-09-06,Facebook Ads
CUST002575,Lakshmi Das,8477927969,N/A,360047,Rajkot,Gujarat,2024-02-06,Unknown
CUST002576,Aarav Naidu,7043494815,manoj.malhotra524@yahoo.com,834066,Ranchi,Jharkhand,2024-10-13,Unknown
CUST002577,Krishna Iyer,Missing,N/A,506013,Warangal,Telangana,2025-07-05,WhatsApp Reseller
CUST002578,Krishna Khan,9862163484,pooja.nair962@gmail.com,122038,Gurugram,Haryana,2025-11-22,Organic Search
CUST002579,Vivaan Naidu,7888161371,mohammed.ansari528@gmail.com,700018,Kolkata,West Bengal,2025-02-03,Instagram Ads
CUST002580,Rekha Das,9387203238,N/A,800078,Patna,Bihar,2025-09-09,Organic Search
CUST002581,Vivaan Patel,8924580233,lakshmi.singh517@rediffmail.com,695092,Thiruvananthapuram,Kerala,2025-04-08,Referral
CUST002582,Tanvi Rathore,Check Number,rekha.bhatt968@gmail.com,221018,Varanasi,Uttar Pradesh,2025-06-05,Unknown
CUST002583,Reyansh Nair,7702555634,krishna.agarwal272@gmail.com,800082,Patna,Bihar,2024-12-10,Referral
CUST002584,Jaspreet Mishra,7396652851,reyansh.desai1@yahoo.com,462057,Bhopal,Madhya Pradesh,2025-12-06,Instagram Ads
CUST002585,Anil Khan,8076337364,saanvi.mukherjee774@yahoo.com,580023,Hubli,Karnataka,2025-02-09,Organic Search
CUST002586,Vihaan Shah,6428632310,farhan.sheikh328@outlook.com,422033,Nashik,Maharashtra,2024-04-08,Organic Search
CUST002587,Mohammed Kumar,6289740939,pankaj.sheikh897@outlook.com,506076,Warangal,Telangana,2025-06-13,Unknown
CUST002588,Ayesha Patel,8262671889,N/A,700026,Kolkata,West Bengal,2023-08-28,Organic Search
CUST002589,Diya Naidu,9594144772,neha.chatterjee231@yahoo.com,641056,Coimbatore,Tamil Nadu,2025-06-22,WhatsApp Reseller
CUST002590,Ramesh Kumar,8396063007,diya.reddy726@yahoo.com,121093,Faridabad,Haryana,2024-02-20,WhatsApp Reseller
CUST002591,Aadhya Ansari,7921187816,isha.bhatt588@outlook.com,506042,Warangal,Telangana,2023-12-22,Unknown
CUST002592,Aadhya Das,8009479479,kiara.bhatt663@outlook.com,753083,Cuttack,Odisha,2024-10-16,Unknown
CUST002593,Aditya Joshi,7968636776,N/A,695030,Thiruvananthapuram,Kerala,2024-05-18,Instagram Ads
CUST002594,Aarav Khan,7838901175,rekha.khan135@gmail.com,400082,Mumbai,Maharashtra,2025-05-15,WhatsApp Reseller
CUST002595,Harpreet Pillai,7561664028,N/A,831022,Jamshedpur,Jharkhand,2024-09-05,Organic Search
CUST002596,Suresh Chatterjee,9662657043,N/A,122086,Gurugram,Haryana,2024-02-19,WhatsApp Reseller
CUST002597,Sandeep Banerjee,9498577427,mohammed.desai567@rediffmail.com,160086,Chandigarh,Chandigarh,2025-07-25,Referral
CUST002598,Deepak Kumar,9529679471,arjun.sheikh440@outlook.com,842062,Muzaffarpur,Bihar,2025-03-31,Referral
CUST002599,Vikas Desai,6022003642,ananya.kumar255@rediffmail.com,41101,Pune,Maharashtra,2025-11-12,Instagram Ads
CUST002600,Ravi Patel,6254094113,N/A,834088,Ranchi,Jharkhand,2024-02-12,Instagram Ads
CUST002601,Pankaj Joshi,8092628975,geeta.kumar61@yahoo.com,580012,Hubli,Karnataka,2024-01-30,Organic Search
CUST002602,Myra Naidu,8709906998,N/A,121033,Faridabad,Haryana,2025-04-01,Facebook Ads
CUST002603,Priya Yadav,9887858039,isha.naidu472@outlook.com,831004,Jamshedpur,Jharkhand,2024-11-26,Unknown
CUST002604,Arjun Pillai,8342970397,geeta.reddy238@gmail.com,506032,Warangal,Telangana,2025-02-26,Facebook Ads
CUST002605,Simran Yadav,8410423200,simran.bhatt700@outlook.com,834048,Ranchi,Jharkhand,2023-12-01,Facebook Ads
CUST002606,Geeta Rathore,6147467573,N/A,221XX3,Varanasi,Uttar Pradesh,2024-07-06,Instagram Ads
CUST002607,Krishna Pillai,7476174035,aadhya.sheikh39@gmail.com,208049,Kanpur,Uttar Pradesh,2025-09-01,Facebook Ads
CUST002608,Neha Verma,9541326301,N/A,506064,Warangal,Telangana,2025-07-01,Referral
CUST002609,Deepak Sharma,7860729430,lakshmi.mishra193@rediffmail.com,208017,Kanpur,Uttar Pradesh,2025-07-05,Organic Search
CUST002610,Rohit Joshi,9793160278,harpreet.sheikh304@outlook.com,682099,Kochi,Kerala,2024-03-03,Referral
CUST002611,Vihaan Malhotra,8521109531,krishna.chatterjee392@outlook.com,141070,Ludhiana,Punjab,2024-08-08,Facebook Ads
CUST002612,Krishna Rao,6042385247,mohammed.sheikh855@rediffmail.com,282045,Agra,Uttar Pradesh,2025-11-19,WhatsApp Reseller
CUST002613,Lakshmi Bhatt,6690439878,sunil.desai592@rediffmail.com,700069,Kolkata,West Bengal,2024-05-27,Referral
CUST002614,Rohit Naidu,6959405219,pankaj.sharma192@gmail.com,570063,Mysuru,Karnataka,2025-12-24,WhatsApp Reseller
CUST002615,Kiara Sharma,9770529792,rekha.das104@yahoo.com,122089,Gurugram,Haryana,2025-03-01,Facebook Ads
CUST002616,Myra Kumar,8041627422,tanvi.rao115@gmail.com,713097,Asansol,West Bengal,2025-06-21,Instagram Ads
CUST002617,Lakshmi Menon,8610168107,sunita.chauhan695@outlook.com,823079,Gaya,Bihar,2024-04-10,Unknown
CUST002618,Ravi Sharma,7040324044,reyansh.patel78@outlook.com,823054,Gaya,Bihar,2024-04-23,Unknown
CUST002619,Ravi Gupta,Missing,ananya.shah17@rediffmail.com,823020,Gaya,Bihar,2025-07-12,Organic Search
CUST002620,Farhan Banerjee,7633209481,farhan.reddy88@gmail.com,625060,Madurai,Tamil Nadu,2024-11-09,Instagram Ads
CUST002621,Lakshmi Chauhan,Missing,shreya.sheikh168@outlook.com,560029, Bengaluru ,Karnataka,2025-10-09,WhatsApp Reseller
CUST002622,Sneha Sheikh,8088232439,rajesh.yadav873@rediffmail.com,208085,Kanpur,Uttar Pradesh,2025-11-02,Facebook Ads
CUST002623,Ananya Iyer,7921332406,ravi.ansari630@rediffmail.com,201045,Ghaziabad,Uttar Pradesh,2024-09-16,Organic Search
CUST002624,Vivaan Malhotra,Check Number,N/A,221043,Varanasi,Uttar Pradesh,2025-01-18,Facebook Ads
CUST002625,Vikas Iyer,Missing,N/A,122013,Gurugram,Haryana,2024-05-29,Instagram Ads
CUST002626,Ramesh Gupta,Missing,ravi.das253@gmail.com,560003,Bengaluru,Karnataka,2025-08-27,Organic Search
CUST002627,Farhan Menon,7978374766,sunil.naidu230@outlook.com,695061,Thiruvananthapuram,Kerala,2026-01-22,Facebook Ads
CUST002628,Sunita Rathore,7876128261,gurpreet.desai628@outlook.com,221072,Varanasi,Uttar Pradesh,2025-08-13,Referral
CUST002629,Simran Bhatt,9561040867,saanvi.kumar332@outlook.com,474034,Gwalior,Madhya Pradesh,2025-03-19,Organic Search
CUST002630,Farhan Malhotra,9512054152,harpreet.chauhan514@outlook.com,110038,New Delhi,Delhi,2025-01-01,Organic Search
CUST002631,Ishaan Malhotra,7627065381,sunita.joshi608@rediffmail.com,474088,Gwalior,Madhya Pradesh,2025-01-13,Facebook Ads
CUST002632,Arjun Patel,Missing,N/A,713070,Asansol,West Bengal,2024-04-07,Facebook Ads
CUST002633,Vihaan Chatterjee,Missing,mohammed.naidu90@gmail.com,800082,Patna,Bihar,2023-10-19,WhatsApp Reseller
CUST002634,Anil Chatterjee,7981588322,N/A,380069,Ahmedabad,Gujarat,2025-12-18,Referral
CUST002635,Rekha Shah,6498965691,sunita.joshi114@rediffmail.com,302086,Jaipur,Rajasthan,2023-10-18,Referral
CUST002636,Myra Joshi,8493474303,rohit.yadav966@outlook.com,110099,New Delhi,Delhi,2025-03-15,Organic Search
CUST002637,Sandeep Chatterjee,6609640578,ramesh.yadav29@gmail.com,110069,New Delhi,Delhi,2025-10-13,Referral
CUST002638,Shreya Chauhan,6279727301,pankaj.yadav640@rediffmail.com,800047,Patna,Bihar,2023-12-28,Organic Search
CUST002639,Zoya Khan,8386844380,kavita.iyer109@rediffmail.com,800073,Patna,Bihar,2023-08-21,Unknown
CUST002640,Manoj Bhatt,Check Number,shreya.nair878@yahoo.com,625051,Madurai,Tamil Nadu,2025-07-15,Unknown
CUST002641,Pankaj Das,9687659647,sai.ansari958@outlook.com,781029,Guwahati,Assam,2023-11-29,Unknown
CUST002642,Pankaj Mishra,6175634406,krishna.verma603@gmail.com,452023,Indore,Madhya Pradesh,2024-04-18,Organic Search
CUST002643,Sandeep Mishra,7322637319,kavita.patel312@yahoo.com,302064,Jaipur,Rajasthan,2023-12-04,Referral
CUST002644,Manoj Sheikh,9156914701,rekha.reddy975@rediffmail.com,600037,Chennai,Tamil Nadu,2024-10-05,Organic Search
CUST002645,Riya Singh,Missing,shreya.sheikh695@outlook.com,411021,Pune,Maharashtra,2024-09-20,Referral
CUST002646,Zoya Chauhan,9859222200,farhan.pillai696@outlook.com,221039,Varanasi,Uttar Pradesh,2025-03-03,Unknown
CUST002647,Lakshmi Ansari,8206872170,harpreet.yadav428@outlook.com,422003,Nashik,Maharashtra,2025-11-09,WhatsApp Reseller
CUST002648,Geeta Shah,9712304658,ravi.naidu374@gmail.com,160086, Chandigarh ,Chandigarh,2023-11-06,WhatsApp Reseller
CUST002649,Kiara Yadav,7208610213,gurpreet.sheikh373@gmail.com,682048,Kochi,Kerala,2025-10-20,Organic Search
CUST002650,Pooja Rathore,9082474079,sneha.malhotra213@rediffmail.com,462014,Bhopal,Madhya Pradesh,2025-07-18,Organic Search
CUST002651,Ayesha Gupta,7132392950,riya.bhatt602@outlook.com,60001,Chennai,Tamil Nadu,2023-09-17,Instagram Ads
CUST002652,Aarav Joshi,9051193883,vihaan.shah19@rediffmail.com,380065,Ahmedabad,Gujarat,2024-02-09,Facebook Ads
CUST002653,Sai Shah,Missing,ishaan.menon34@gmail.com,751046,Bhubaneswar,Odisha,2023-09-05,Organic Search
CUST002654,Sai Menon,8672241286,harpreet.sharma717@yahoo.com,208066,Kanpur,Uttar Pradesh,2025-10-11,Instagram Ads
CUST002655,Shreya Sheikh,8440661592,ishaan.verma897@outlook.com,474089,Gwalior,Madhya Pradesh,2024-05-24,Referral
CUST002656,Jaspreet Joshi,6432117245,vihaan.menon353@gmail.com,462007,Bhopal,Madhya Pradesh,2025-07-24,WhatsApp Reseller
CUST002657,Geeta Malhotra,8732420570,ramesh.mukherjee583@rediffmail.com,400040,Mumbai,Maharashtra,2024-08-12,Organic Search
CUST002658,Rajesh Patel,9998117213,diya.sheikh442@gmail.com,834011,Ranchi,Jharkhand,2024-01-03,Organic Search
CUST002659,Rohit Pillai,7108308320,anil.gupta312@yahoo.com,422073,Nashik,Maharashtra,2025-08-31,Referral
CUST002660,Myra Gupta,7307313972,kavita.chauhan837@yahoo.com,700059,Kolkata,West Bengal,2023-11-04,Referral
CUST002661,Kiara Rathore,6900779642,deepak.pillai36@outlook.com,823047,Gaya,Bihar,2025-09-10,WhatsApp Reseller
CUST002662,Kavita Chatterjee,7174485195,ananya.ansari229@yahoo.com,110005,New Delhi,Delhi,2025-07-24,WhatsApp Reseller
CUST002663,Imran Malhotra,6710874853,sunil.rao647@outlook.com,713050,Asansol,West Bengal,2023-11-13,Unknown
CUST002664,Imran Iyer,9538817683,ishaan.iyer483@gmail.com,141091,Ludhiana,Punjab,2023-10-11,Referral
CUST002665,Krishna Shah,9446931681,simran.mukherjee695@gmail.com,600078,Chennai,Tamil Nadu,2025-08-31,Referral
CUST002666,Neha Chatterjee,7306619017,kavita.bhatt301@yahoo.com,781020,Guwahati,Assam,2025-04-30,Referral
CUST002667,Vihaan Banerjee,8739087535,rajesh.joshi209@yahoo.com,751026,Bhubaneswar,Odisha,2025-06-23,Instagram Ads
CUST002668,Saanvi Nair,8432324693,krishna.yadav632@outlook.com,160024,Chandigarh,Chandigarh,2025-06-05,Organic Search
CUST002669,Vihaan Das,6888427169,suresh.das952@rediffmail.com,302027,Jaipur,Rajasthan,2023-12-16,WhatsApp Reseller
CUST002670,Aadhya Iyer,9454406689,N/A,221024,Varanasi,Uttar Pradesh,2026-01-14,WhatsApp Reseller
CUST002671,Reyansh Khan,7139830200,ramesh.khan663@rediffmail.com,411021,Pune,Maharashtra,2025-11-18,Referral
CUST002672,Vihaan Gupta,6364069580,zoya.pillai934@gmail.com,580039,Hubli,Karnataka,2024-01-12,Instagram Ads
CUST002673,Krishna Rathore,9416322855,kiara.rao980@yahoo.com,440084,Nagpur,Maharashtra,2025-06-05,Facebook Ads
CUST002674,Shreya Desai,6182891305,rohit.mishra88@gmail.com,122082,Gurugram,Haryana,2024-09-10,WhatsApp Reseller
CUST002675,Vihaan Sheikh,7094797688,neha.reddy268@outlook.com,580035,Hubli,Karnataka,2024-03-20,Instagram Ads
CUST002676,Aadhya Bhatt,7003047166,rohit.nair292@yahoo.com,570095,Mysuru,Karnataka,2023-09-26,Unknown
CUST002677,Shreya Naidu,6129520781,harpreet.ansari300@gmail.com,395044,Surat,Gujarat,2023-10-29,Organic Search
CUST002678,Aditya Khan,9375143535,N/A,440087,Nagpur,Maharashtra,2024-09-14,Organic Search
CUST002679,Vihaan Shah,6912619358,reyansh.das99@rediffmail.com,56003,Bengaluru,Karnataka,2025-12-27,Organic Search
CUST002680,Aarav Joshi,8956977556,amit.gupta165@yahoo.com,700005,Kolkata,West Bengal,2024-11-13,Facebook Ads
CUST002681,Vivaan Agarwal,9629420121,sandeep.patel44@rediffmail.com,342022,Jodhpur,Rajasthan,2024-05-15,Instagram Ads
CUST002682,Sunil Joshi,9341372307,geeta.singh653@yahoo.com,122008,Gurugram,Haryana,2024-03-14,Organic Search
CUST002683,Anil Mukherjee,7585355995,neha.singh993@rediffmail.com,380006,Ahmedabad,Gujarat,2023-09-19,Instagram Ads
CUST002684,Rekha Rathore,9414425096,myra.menon509@rediffmail.com,201073,Ghaziabad,Uttar Pradesh,2026-01-30,WhatsApp Reseller
CUST002685,Ramesh Reddy,8450529653,priya.chauhan421@gmail.com,360045,Rajkot,Gujarat,2026-01-31,Instagram Ads
CUST002686,Reyansh Rao,6275547014,anil.chatterjee22@yahoo.com,422054,Nashik,Maharashtra,2025-02-03,Instagram Ads
CUST002687,Reyansh Singh,6460653493,ramesh.yadav888@outlook.com,440025,Nagpur,Maharashtra,2025-08-27,Instagram Ads
CUST002688,Vikas Reddy,8554362331,shreya.naidu217@gmail.com,842087,Muzaffarpur,Bihar,2024-09-15,Referral
CUST002689,Geeta Chauhan,6077898196,vikas.malhotra12@outlook.com,226055,Lucknow,Uttar Pradesh,2024-07-26,Facebook Ads
CUST002690,Mohammed Verma,6272490140,saanvi.shah236@rediffmail.com,122079,Gurugram,Haryana,2024-11-15,Unknown
CUST002691,Pooja Nair,9258015358,N/A,201023,Ghaziabad,Uttar Pradesh,2024-08-23,WhatsApp Reseller
CUST002692,Tanvi Joshi,6173855555,reyansh.khan557@gmail.com,141059,Ludhiana,Punjab,2025-01-09,Instagram Ads
CUST002693,Suresh Kumar,6411080026,pankaj.singh208@rediffmail.com,302061,Jaipur,Rajasthan,2025-01-02,WhatsApp Reseller
CUST002694,Neha Kumar,7177910537,farhan.yadav353@outlook.com,734026,Siliguri,West Bengal,2024-12-14,Instagram Ads
CUST002695,Sunil Gupta,Missing,N/A,360022,Rajkot,Gujarat,2024-07-15,Organic Search
CUST002696,Vivaan Banerjee,7595787441,N/A,560061,Bengaluru,Karnataka,2023-11-14,Instagram Ads
CUST002697,Arjun Sheikh,Missing,jaspreet.agarwal295@outlook.com,781072,Guwahati,Assam,2025-09-02,Organic Search
CUST002698,Ramesh Gupta,8989912638,N/A,500044,Hyderabad,Telangana,2025-10-11,WhatsApp Reseller
CUST002699,Amit Reddy,9038242985,geeta.verma300@outlook.com,625029,Madurai,Tamil Nadu,2025-06-02,Facebook Ads
CUST002700,Ayesha Iyer,8913110152,harpreet.gupta885@gmail.com,831096,Jamshedpur,Jharkhand,2025-04-06,Referral
CUST002701,Ramesh Naidu,9608823235,myra.ansari600@rediffmail.com,302022,Jaipur,Rajasthan,2025-07-16,Instagram Ads
CUST002702,Vivaan Reddy,6132470730,pooja.gupta285@yahoo.com,713056,Asansol,West Bengal,2024-10-29,Instagram Ads
CUST002703,Amit Mukherjee,9330165487,vikas.rathore93@rediffmail.com,682009,Kochi,Kerala,2025-04-27,Instagram Ads
CUST002704,Sai Naidu,9421360171,sunita.malhotra862@yahoo.com,781022,Guwahati,Assam,2024-03-15,Instagram Ads
CUST002705,Reyansh Desai,6644180540,mohammed.pillai231@gmail.com,700077,Kolkata,West Bengal,2025-07-11,WhatsApp Reseller
CUST002706,Reyansh Sheikh,Missing,shreya.shah475@outlook.com,570073,Mysuru,Karnataka,2024-02-23,WhatsApp Reseller
CUST002707,Tanvi Malhotra,6574916716,ramesh.chauhan51@outlook.com,506069,Warangal,Telangana,2026-01-10,Referral
CUST002708,Zoya Kumar,8015415068,manoj.chatterjee92@gmail.com,313082,Udaipur,Rajasthan,2024-07-11,WhatsApp Reseller
CUST002709,Neha Rathore,8149667571,N/A,506024,Warangal,Telangana,2025-07-12,Unknown
CUST002710,Riya Banerjee,9995713957,reyansh.yadav561@rediffmail.com,800080,Patna,Bihar,2025-07-28,Referral
CUST002711,Kavita Menon,7038147604,ravi.bhatt716@yahoo.com,342054,Jodhpur,Rajasthan,2025-06-20,Facebook Ads
CUST002712,Rajesh Naidu,9621098532,ishaan.mishra822@yahoo.com,734005,Siliguri,West Bengal,2023-11-25,WhatsApp Reseller
CUST002713,Zoya Desai,7753745088,gurpreet.banerjee575@yahoo.com,834066,Ranchi,Jharkhand,2026-01-17,Instagram Ads
CUST002714,Suresh Chauhan,6916379800,vikas.kumar2@yahoo.com,474067,Gwalior,Madhya Pradesh,2024-02-27,Facebook Ads
CUST002715,Rajesh Malhotra,9701524244,aditya.malhotra978@yahoo.com,474027,Gwalior,Madhya Pradesh,2024-11-05,Organic Search
CUST002716,Priya Rao,8427098318,N/A,834058,Ranchi,Jharkhand,2023-09-12,Unknown
CUST002717,Imran Pillai,7759868581,geeta.iyer519@rediffmail.com,226056,Lucknow,Uttar Pradesh,2025-12-21,Facebook Ads
CUST002718,Rekha Banerjee,8046471742,rekha.joshi920@rediffmail.com,302052,Jaipur,Rajasthan,2023-11-15,Referral
CUST002719,Ramesh Ansari,8181160762,vivaan.desai961@outlook.com,122092,Gurugram,Haryana,2025-11-22,Organic Search
CUST002720,Sunita Patel,9314109244,N/A,462044,Bhopal,Madhya Pradesh,2025-04-30,Organic Search
CUST002721,Rajesh Naidu,9247273188,aditya.yadav937@gmail.com,800049,Patna,Bihar,2025-09-03,Instagram Ads
CUST002722,Arjun Desai,9342142114,isha.joshi792@gmail.com,734055,Siliguri,West Bengal,2024-10-03,Facebook Ads
CUST002723,Geeta Verma,8271342470,N/A,474016,Gwalior,Madhya Pradesh,2026-01-22,Organic Search
CUST002724,Vivaan Iyer,8241434564,N/A,80006,Patna,Bihar,2025-12-13,Organic Search
CUST002725,Farhan Malhotra,9949756756,tanvi.yadav508@outlook.com,226056,Lucknow,Uttar Pradesh,2025-05-31,Referral
CUST002726,Simran Rathore,8032422164,saanvi.sheikh140@rediffmail.com,208036,Kanpur,Uttar Pradesh,2025-03-29,Referral
CUST002727,Rajesh Rathore,Missing,vihaan.chatterjee864@gmail.com,411071,Pune,Maharashtra,2025-04-17,Organic Search
CUST002728,Mohammed Shah,7765397900,N/A,47406,Gwalior,Madhya Pradesh,2025-12-05,Instagram Ads
CUST002729,Aadhya Chatterjee,9402942208,mohammed.sharma966@yahoo.com,422012,Nashik,Maharashtra,2024-03-30,Instagram Ads
CUST002730,Farhan Desai,8924197166,N/A,700011,Kolkata,West Bengal,2024-06-24,Facebook Ads
CUST002731,Aditya Ansari,7614491792,isha.yadav347@gmail.com,141069,Ludhiana,Punjab,2024-07-20,Organic Search
CUST002732,Diya Banerjee,7153845035,anil.shah407@outlook.com,462025,Bhopal,Madhya Pradesh,2024-09-09,Referral
CUST002733,Saanvi Iyer,9291362153,N/A,342037,Jodhpur,Rajasthan,2025-03-21,Unknown
CUST002734,Sunil Joshi,7600748133,aadhya.sheikh251@outlook.com,462035,Bhopal,Madhya Pradesh,2025-04-26,Organic Search
CUST002735,Ayesha Mukherjee,8483868612,riya.chatterjee786@outlook.com,831043, Jamshedpur ,Jharkhand,2025-02-08,Organic Search
CUST002736,Priya Ansari,7666731396,N/A,141073,Ludhiana,Punjab,2024-07-02,Referral
CUST002737,Diya Gupta,7939427282,rekha.agarwal524@gmail.com,831053,Jamshedpur,Jharkhand,2025-11-12,Referral
CUST002738,Diya Joshi,9706481335,ananya.shah867@yahoo.com,800095,Patna,Bihar,2025-12-08,Organic Search
CUST002739,Sneha Reddy,7960626382,krishna.shah141@rediffmail.com,360089,Rajkot,Gujarat,2024-08-21,Instagram Ads
CUST002740,Priya Naidu,6318686592,sunil.agarwal319@gmail.com,734022,Siliguri,West Bengal,2023-11-15,Instagram Ads
CUST002741,Ishaan Mishra,8911994136,riya.mishra483@yahoo.com,395015,Surat,Gujarat,2023-10-01,Referral
CUST002742,Priya Mishra,Missing,N/A,160083,Chandigarh,Chandigarh,2023-11-08,Facebook Ads
CUST002743,Kavita Iyer,Check Number,N/A,682013,Kochi,Kerala,2024-03-25,Instagram Ads
CUST002744,Vikas Malhotra,7651837047,ananya.reddy885@outlook.com,781083,Guwahati,Assam,2025-03-23,WhatsApp Reseller
CUST002745,Harpreet Kumar,8813979519,riya.yadav650@yahoo.com,342047,Jodhpur,Rajasthan,2025-10-11,Organic Search
CUST002746,Amit Mukherjee,8522929770,shreya.desai813@rediffmail.com,342040,Jodhpur,Rajasthan,2025-06-08,Facebook Ads
CUST002747,Pooja Pillai,9291298967,isha.mukherjee693@yahoo.com,440080,Nagpur,Maharashtra,2025-03-09,Referral
CUST002748,Arjun Mishra,8763295166,farhan.sheikh434@outlook.com,400071,Mumbai,Maharashtra,2024-05-01,Organic Search
CUST002749,Isha Sharma,9026871758,vivaan.chatterjee232@gmail.com,422070,Nashik,Maharashtra,2025-06-04,Facebook Ads
CUST002750,Shreya Chauhan,7746003410,manoj.naidu571@yahoo.com,38005,Ahmedabad,Gujarat,2024-08-24,Instagram Ads
CUST002751,Simran Desai,6970644071,riya.chatterjee235@rediffmail.com,831013,Jamshedpur,Jharkhand,2023-12-27,Unknown
CUST002752,Priya Khan,Check Number,N/A,700098,Kolkata,West Bengal,2025-07-30,Unknown
CUST002753,Ishaan Kumar,7450896071,aadhya.chauhan879@outlook.com,160059,Chandigarh,Chandigarh,2025-02-06,Referral
CUST002754,Imran Sheikh,8051183284,simran.pillai100@rediffmail.com,600005,Chennai,Tamil Nadu,2025-12-09,WhatsApp Reseller
CUST002755,Kiara Singh,8615522411,N/A,313093,Udaipur,Rajasthan,2025-03-10,WhatsApp Reseller
CUST002756,Mohammed Khan,9885606945,lakshmi.khan869@rediffmail.com,695077,Thiruvananthapuram,Kerala,2025-06-22,Instagram Ads
CUST002757,Tanvi Desai,7394494930,simran.joshi317@rediffmail.com,506064,Warangal,Telangana,2024-06-30,Referral
CUST002758,Amit Nair,8650286011,N/A,302009,Jaipur,Rajasthan,2023-10-27,WhatsApp Reseller
CUST002759,Simran Khan,6110470844,priya.iyer324@yahoo.com,360086,Rajkot,Gujarat,2025-10-25,Referral
CUST002760,Rajesh Ansari,6094526582,imran.mukherjee91@rediffmail.com,695022,Thiruvananthapuram,Kerala,2025-11-28,Referral
CUST002761,Rekha Pillai,9641437722,zoya.chatterjee965@outlook.com,360092, Rajkot ,Gujarat,2024-08-26,Facebook Ads
CUST002762,Rekha Joshi,7276199037,N/A,734021,Siliguri,West Bengal,2025-04-13,Organic Search
CUST002763,Anil Nair,8149400746,sunita.kumar233@outlook.com,831066,Jamshedpur,Jharkhand,2025-03-12,Facebook Ads
CUST002764,Jaspreet Menon,6595587042,simran.mishra931@outlook.com,121091,Faridabad,Haryana,2023-12-20,Facebook Ads
CUST002765,Anil Banerjee,9028737238,deepak.singh160@gmail.com,713094,Asansol,West Bengal,2025-04-30,Facebook Ads
CUST002766,Riya Agarwal,7734289042,mohammed.pillai703@rediffmail.com,751000,Bhubaneswar,Odisha,2025-01-04,Organic Search
CUST002767,Rajesh Chatterjee,7219133044,sunita.shah334@yahoo.com,380088,Ahmedabad,Gujarat,2024-08-11,Instagram Ads
CUST002768,Sneha Yadav,8163166417,vihaan.nair225@outlook.com,400032,Mumbai,Maharashtra,2025-04-17,Facebook Ads
CUST002769,Jaspreet Malhotra,6580856902,N/A,160064,Chandigarh,Chandigarh,2025-09-19,Instagram Ads
CUST002770,Sunita Chatterjee,9722696673,mohammed.agarwal882@outlook.com,143011,Amritsar,Punjab,2025-11-30,WhatsApp Reseller
CUST002771,Manoj Chatterjee,8651679212,N/A,713011,Asansol,West Bengal,2023-11-17,Referral
CUST002772,Ramesh Rathore,9201648547,kiara.kumar682@rediffmail.com,831089,Jamshedpur,Jharkhand,2024-06-12,WhatsApp Reseller
CUST002773,Vivaan Rao,9256915393,manoj.naidu976@gmail.com,122063,Gurugram,Haryana,2025-06-13,Referral
CUST002774,Ayesha Gupta,6958161893,rajesh.sheikh555@outlook.com,282054,Agra,Uttar Pradesh,2024-11-20,Instagram Ads
CUST002775,Arjun Joshi,6374361251,amit.ansari676@outlook.com,411067,Pune,Maharashtra,2024-03-17,Instagram Ads
CUST002776,Gurpreet Patel,7387300603,lakshmi.desai455@rediffmail.com,110029,New Delhi,Delhi,2025-03-03,Organic Search
CUST002777,Pooja Khan,8207259403,N/A,695030,Thiruvananthapuram,Kerala,2024-04-27,Instagram Ads
CUST002778,Rohit Sheikh,8494228514,N/A,842040,Muzaffarpur,Bihar,2025-01-28,Facebook Ads
CUST002779,Saanvi Malhotra,Missing,N/A,226015,Lucknow,Uttar Pradesh,2024-01-11,Facebook Ads
CUST002780,Suresh Chauhan,7135221111,vivaan.desai563@yahoo.com,226006,Lucknow,Uttar Pradesh,2024-02-19,Facebook Ads
CUST002781,Sunil Khan,6986020828,tanvi.malhotra680@gmail.com,226034,Lucknow,Uttar Pradesh,2025-12-16,WhatsApp Reseller
CUST002782,Rekha Nair,6588779680,N/A,580036,Hubli,Karnataka,2025-08-02,Unknown
CUST002783,Kavita Pillai,8840927029,geeta.malhotra382@rediffmail.com,734019,Siliguri,West Bengal,2024-06-23,WhatsApp Reseller
CUST002784,Sai Das,7639159658,riya.rathore738@gmail.com,462099,Bhopal,Madhya Pradesh,2025-12-26,Instagram Ads
CUST002785,Myra Yadav,7263345708,arjun.malhotra486@rediffmail.com,282075,Agra,Uttar Pradesh,2025-03-06,Instagram Ads
CUST002786,Ramesh Banerjee,6895710706,N/A,823027,Gaya,Bihar,2024-03-28,Organic Search
CUST002787,Farhan Rathore,7950944360,neha.joshi527@rediffmail.com,400089,Mumbai,Maharashtra,2025-01-11,WhatsApp Reseller
CUST002788,Pooja Chatterjee,9826369008,sunita.nair664@gmail.com,121045,Faridabad,Haryana,2024-09-12,Organic Search
CUST002789,Ramesh Mishra,7409705550,N/A,625099,Madurai,Tamil Nadu,2025-04-26,Unknown
CUST002790,Sunita Pillai,9318853402,N/A,122095,Gurugram,Haryana,2023-12-09,Organic Search
CUST002791,Aadhya Malhotra,8778846205,N/A,226053,Lucknow,Uttar Pradesh,2025-08-12,Facebook Ads
CUST002792,Jaspreet Das,8977418182,isha.mukherjee978@gmail.com,570096,Mysuru,Karnataka,2025-06-14,Unknown
CUST002793,Amit Kumar,8394635718,kavita.banerjee653@yahoo.com,360035,Rajkot,Gujarat,2024-07-08,Instagram Ads
CUST002794,Krishna Das,9274793198,arjun.kumar254@yahoo.com,700065,Kolkata,West Bengal,2024-10-18,Instagram Ads
CUST002795,Kiara Mishra,6414588613,saanvi.kumar250@rediffmail.com,302004,Jaipur,Rajasthan,2023-10-05,Instagram Ads
CUST002796,Harpreet Rathore,6099798857,aarav.gupta696@outlook.com,700084,Kolkata,West Bengal,2025-05-11,Facebook Ads
CUST002797,Jaspreet Patel,7607989097,rekha.shah645@yahoo.com,474063,Gwalior,Madhya Pradesh,2024-07-02,Facebook Ads
CUST002798,Kavita Gupta,7624083195,rohit.sheikh991@outlook.com,695050,Thiruvananthapuram,Kerala,2025-05-28,Organic Search
CUST002799,Harpreet Pillai,8054678848,aarav.menon850@rediffmail.com,695033,Thiruvananthapuram,Kerala,2025-07-19,Facebook Ads
CUST002800,Jaspreet Kumar,9142438801,harpreet.mishra887@yahoo.com,360077,Rajkot,Gujarat,2024-06-28,Referral
CUST002801,Sunil Menon,8375122072,mohammed.naidu585@gmail.com,452000,Indore,Madhya Pradesh,2024-12-16,Organic Search
CUST002802,Kiara Patel,6337800684,riya.yadav285@yahoo.com,834029,Ranchi,Jharkhand,2025-12-27,Instagram Ads
CUST002803,Shreya Desai,6082244913,ayesha.rao104@gmail.com,440040,Nagpur,Maharashtra,2024-11-09,Referral
CUST002804,Suresh Iyer,6511822241,N/A,474003,Gwalior,Madhya Pradesh,2025-07-24,Facebook Ads
CUST002805,Rajesh Desai,8814273502,gurpreet.iyer801@gmail.com,160011,Chandigarh,Chandigarh,2025-06-24,Instagram Ads
CUST002806,Rohit Gupta,8281435194,krishna.shah879@outlook.com,208068,Kanpur,Uttar Pradesh,2024-03-05,Referral
CUST002807,Sunil Rao,6154316701,krishna.malhotra2@rediffmail.com,831071,Jamshedpur,Jharkhand,2025-10-16,Instagram Ads
CUST002808,Ayesha Kumar,Missing,vivaan.shah561@yahoo.com,831090,Jamshedpur,Jharkhand,2025-02-10,Facebook Ads
CUST002809,Tanvi Desai,7520565679,amit.yadav456@gmail.com,834018,Ranchi,Jharkhand,2024-02-26,Instagram Ads
CUST002810,Vivaan Singh,7533249707,vivaan.banerjee570@outlook.com,282065,Agra,Uttar Pradesh,2024-02-10,Referral
CUST002811,Vihaan Sheikh,7854040261,ayesha.naidu533@rediffmail.com,452007,Indore,Madhya Pradesh,2025-07-29,Unknown
CUST002812,Imran Naidu,6604598278,sunita.verma350@outlook.com,141099,Ludhiana,Punjab,2025-08-16,Referral
CUST002813,Rajesh Rathore,8338430926,N/A,302006,Jaipur,Rajasthan,2024-12-19,WhatsApp Reseller
CUST002814,Rohit Verma,8980344058,N/A,700060,Kolkata,West Bengal,2024-02-28,Instagram Ads
CUST002815,Pooja Menon,8920954554,N/A,440012,Nagpur,Maharashtra,2025-05-20,Instagram Ads
CUST002816,Neha Malhotra,8874279630,N/A,474038,Gwalior,Madhya Pradesh,2025-04-07,Organic Search
CUST002817,Ramesh Reddy,6059251211,lakshmi.desai746@rediffmail.com,800031,Patna,Bihar,2025-11-25,Organic Search
CUST002818,Zoya Banerjee,6043359015,pooja.sharma470@rediffmail.com,713096,Asansol,West Bengal,2023-10-07,Referral
CUST002819,Harpreet Malhotra,7839625774,tanvi.banerjee126@outlook.com,221046,Varanasi,Uttar Pradesh,2024-12-29,Organic Search
CUST002820,Aarav Banerjee,9171106967,sunil.nair631@yahoo.com,570074,Mysuru,Karnataka,2025-03-21,Instagram Ads
CUST002821,Ramesh Shah,8156283794,shreya.das71@outlook.com,800028,Patna,Bihar,2025-07-11,Referral
CUST002822,Rekha Yadav,6534503581,jaspreet.naidu680@rediffmail.com,422078,Nashik,Maharashtra,2024-10-08,Referral
CUST002823,Ravi Singh,8876085764,vivaan.reddy873@outlook.com,781025,Guwahati,Assam,2024-03-09,WhatsApp Reseller
CUST002824,Diya Kumar,7173665667,sunil.verma387@gmail.com,600020,Chennai,Tamil Nadu,2024-12-14,Unknown
CUST002825,Zoya Sheikh,8766571640,ananya.banerjee113@yahoo.com,313032,Udaipur,Rajasthan,2024-12-05,Instagram Ads
CUST002826,Neha Sheikh,8826148109,imran.malhotra661@outlook.com,641009,Coimbatore,Tamil Nadu,2025-08-07,Unknown
CUST002827,Aarav Nair,8667053308,sai.shah549@yahoo.com,411049,Pune,Maharashtra,2024-09-17,WhatsApp Reseller
CUST002828,Zoya Yadav,6308975863,N/A,462037,Bhopal,Madhya Pradesh,2024-05-23,Organic Search
CUST002829,Riya Singh,8853961048,lakshmi.joshi940@gmail.com,781083,Guwahati,Assam,2024-04-15,WhatsApp Reseller
CUST002830,Gurpreet Chauhan,8024938713,sunil.menon146@outlook.com,395029,Surat,Gujarat,2024-02-06,Unknown
CUST002831,Rekha Agarwal,6573019952,sandeep.iyer717@rediffmail.com,282056,Agra,Uttar Pradesh,2025-02-22,Instagram Ads
CUST002832,Ramesh Nair,Missing,krishna.kumar530@gmail.com,781056,Guwahati,Assam,2024-12-17,Organic Search
CUST002833,Amit Malhotra,9836957001,aditya.rao723@yahoo.com,201015,Ghaziabad,Uttar Pradesh,2025-07-15,Facebook Ads
CUST002834,Mohammed Banerjee,7357120574,N/A,313064,Udaipur,Rajasthan,2024-01-19,Unknown
CUST002835,Vikas Verma,8310769070,riya.desai395@gmail.com,831055,Jamshedpur,Jharkhand,2024-08-27,Instagram Ads
CUST002836,Kiara Iyer,9161563360,sai.sharma769@gmail.com,474087,Gwalior,Madhya Pradesh,2023-12-08,Organic Search
CUST002837,Ramesh Rathore,6690350342,rohit.rathore737@rediffmail.com,50609,Warangal,Telangana,2025-08-22,Instagram Ads
CUST002838,Arjun Ansari,7921143678,vikas.nair199@rediffmail.com,121061,Faridabad,Haryana,2024-04-29,Facebook Ads
CUST002839,Vihaan Sharma,6387746438,vivaan.rathore531@yahoo.com,75305,Cuttack,Odisha,2025-07-04,Instagram Ads
CUST002840,Manoj Nair,9421094380,pooja.ansari805@outlook.com,221075,Varanasi,Uttar Pradesh,2025-08-18,WhatsApp Reseller
CUST002841,Aarav Agarwal,6807539398,sandeep.banerjee463@outlook.com,380003,Ahmedabad,Gujarat,2025-06-09,Organic Search
CUST002842,Lakshmi Nair,8489433805,suresh.nair258@outlook.com,440080,Nagpur,Maharashtra,2024-06-07,Organic Search
CUST002843,Priya Menon,9805445292,diya.iyer595@gmail.com,380000,Ahmedabad,Gujarat,2025-12-22,Facebook Ads
CUST002844,Lakshmi Desai,Missing,kavita.agarwal493@outlook.com,121051,Faridabad,Haryana,2024-04-06,Referral
CUST002845,Sai Banerjee,8178741056,ishaan.yadav927@yahoo.com,462054,Bhopal,Madhya Pradesh,2025-04-21,Instagram Ads
CUST002846,Geeta Joshi,7578666736,vivaan.nair944@yahoo.com,682014,Kochi,Kerala,2024-04-19,Instagram Ads
CUST002847,Sai Mukherjee,8418519968,ananya.chauhan760@outlook.com,462068,Bhopal,Madhya Pradesh,2024-11-19,Organic Search
CUST002848,Zoya Desai,7398047327,diya.kumar280@yahoo.com,160096,Chandigarh,Chandigarh,2026-01-04,Unknown
CUST002849,Ramesh Kumar,9185114777,ayesha.reddy120@rediffmail.com,121025,Faridabad,Haryana,2025-10-19,Facebook Ads
CUST002850,Deepak Rathore,6189192834,gurpreet.ansari275@gmail.com,834055,Ranchi,Jharkhand,2024-01-10,WhatsApp Reseller
CUST002851,Tanvi Joshi,9435408584,aarav.das626@rediffmail.com,208078,Kanpur,Uttar Pradesh,2025-02-26,Unknown
CUST002852,Vikas Chatterjee,6453924133,saanvi.naidu178@outlook.com,700006,Kolkata,West Bengal,2024-11-15,Instagram Ads
CUST002853,Rajesh Verma,8273599192,sunita.ansari520@outlook.com,800032,Patna,Bihar,2024-07-06,WhatsApp Reseller
CUST002854,Ananya Sharma,Check Number,zoya.kumar927@gmail.com,600016,Chennai,Tamil Nadu,2025-11-12,Instagram Ads
CUST002855,Deepak Yadav,7066545667,saanvi.mishra995@gmail.com,800008,Patna,Bihar,2025-06-22,Unknown
CUST002856,Sandeep Mukherjee,7578437117,arjun.rao693@rediffmail.com,713089,Asansol,West Bengal,2024-09-24,Referral
CUST002857,Rekha Gupta,8815891862,N/A,500082,Hyderabad,Telangana,2023-09-23,Referral
CUST002858,Ravi Rao,6004719406,ramesh.rathore348@gmail.com,734024,Siliguri,West Bengal,2023-09-07,Organic Search
CUST002859,Ramesh Bhatt,9423783762,krishna.pillai889@rediffmail.com,110011,New Delhi,Delhi,2025-03-29,Unknown
CUST002860,Gurpreet Sheikh,Check Number,kiara.das145@gmail.com,713065,Asansol,West Bengal,2024-12-12,Facebook Ads
CUST002861,Ravi Kumar,6319688535,saanvi.pillai358@yahoo.com,474031,Gwalior,Madhya Pradesh,2024-09-07,Organic Search
CUST002862,Simran Rathore,6987813391,rohit.reddy781@yahoo.com,395020,Surat,Gujarat,2024-08-15,Unknown
CUST002863,Deepak Chatterjee,9055440547,saanvi.patel303@gmail.com,695053,Thiruvananthapuram,Kerala,2023-09-23,Referral
CUST002864,Isha Das,8107178789,amit.mukherjee758@yahoo.com,302001,Jaipur,Rajasthan,2024-01-21,Instagram Ads
CUST002865,Pooja Kumar,9373269537,sneha.iyer584@outlook.com,506015,Warangal,Telangana,2024-05-21,Instagram Ads
CUST002866,Isha Agarwal,7009125853,jaspreet.malhotra53@yahoo.com,110002,New Delhi,Delhi,2025-04-10,WhatsApp Reseller
CUST002867,Vivaan Yadav,Missing,aadhya.bhatt506@rediffmail.com,751050,Bhubaneswar,Odisha,2024-10-06,Organic Search
CUST002868,Ayesha Shah,Missing,N/A,208002,Kanpur,Uttar Pradesh,2024-09-17,WhatsApp Reseller
CUST002869,Mohammed Verma,8159490603,suresh.khan803@yahoo.com,800001, Patna ,Bihar,2026-01-06,Referral
CUST002870,Geeta Naidu,7728177408,kavita.das485@outlook.com,751027,Bhubaneswar,Odisha,2025-10-23,Instagram Ads
CUST002871,Jaspreet Gupta,7982883670,deepak.iyer869@gmail.com,800070,Patna,Bihar,2025-03-08,WhatsApp Reseller
CUST002872,Geeta Pillai,9230755786,N/A,682025,Kochi,Kerala,2024-02-05,Facebook Ads
CUST002873,Suresh Das,Missing,isha.yadav500@yahoo.com,302064,Jaipur,Rajasthan,2026-01-10,Unknown
CUST002874,Sai Pillai,7963802649,jaspreet.kumar854@gmail.com,823044,Gaya,Bihar,2024-02-02,Unknown
CUST002875,Isha Naidu,9729257836,suresh.rathore110@yahoo.com,600041,Chennai,Tamil Nadu,2025-03-16,Referral
CUST002876,Shreya Gupta,7307388801,ananya.gupta140@rediffmail.com,440095,Nagpur,Maharashtra,2025-11-23,Instagram Ads
CUST002877,Reyansh Verma,8205009911,harpreet.mishra120@rediffmail.com,141065,Ludhiana,Punjab,2023-10-12,Unknown
CUST002878,Mohammed Sharma,7250112875,kavita.patel405@outlook.com,110024,New Delhi,Delhi,2023-09-28,WhatsApp Reseller
CUST002879,Pankaj Desai,6910451414,rekha.rathore813@gmail.com,400040,Mumbai,Maharashtra,2024-11-09,Facebook Ads
CUST002880,Harpreet Nair,7753624799,farhan.patel784@yahoo.com,800093,Patna,Bihar,2024-07-29,Referral
CUST002881,Arjun Agarwal,9364058588,rekha.mukherjee359@outlook.com,452060,Indore,Madhya Pradesh,2023-09-14,Instagram Ads
CUST002882,Ramesh Malhotra,9104203073,harpreet.mukherjee240@outlook.com,500064,Hyderabad,Telangana,2024-11-22,Referral
CUST002883,Deepak Malhotra,9169008534,mohammed.chatterjee63@outlook.com,400067,Mumbai,Maharashtra,2024-01-25,Facebook Ads
CUST002884,Neha Yadav,9263951981,N/A,474089,Gwalior,Madhya Pradesh,2025-05-09,Instagram Ads
CUST002885,Rajesh Pillai,Check Number,N/A,700010,Kolkata,West Bengal,2025-08-01,Unknown
CUST002886,Vikas Gupta,9892930907,N/A,506006,Warangal,Telangana,2024-09-06,Unknown
CUST002887,Anil Menon,6506890255,N/A,700081, Kolkata ,West Bengal,2026-01-06,Referral
CUST002888,Diya Iyer,6772379730,aarav.chatterjee923@yahoo.com,474024,Gwalior,Madhya Pradesh,2026-01-05,Referral
CUST002889,Pooja Mishra,8023137447,N/A,395060,Surat,Gujarat,2024-11-21,Referral
CUST002890,Priya Joshi,7682012021,N/A,400084,Mumbai,Maharashtra,2024-09-24,Organic Search
CUST002891,Gurpreet Naidu,6869725006,deepak.nair434@rediffmail.com,452065,Indore,Madhya Pradesh,2025-01-24,WhatsApp Reseller
CUST002892,Simran Kumar,6511081783,N/A,221079,Varanasi,Uttar Pradesh,2024-06-08,Organic Search
CUST002893,Suresh Mukherjee,7760617125,vihaan.agarwal462@rediffmail.com,160073, Chandigarh ,Chandigarh,2024-09-24,Facebook Ads
CUST002894,Vihaan Naidu,8434028855,sai.verma524@outlook.com,580062,Hubli,Karnataka,2025-05-05,Unknown
CUST002895,Geeta Desai,6868320073,riya.banerjee337@rediffmail.com,201000,Ghaziabad,Uttar Pradesh,2025-03-18,WhatsApp Reseller
CUST002896,Sunil Mishra,9619348776,N/A,342046,Jodhpur,Rajasthan,2024-08-13,Organic Search
CUST002897,Ishaan Menon,9106846665,zoya.joshi257@gmail.com,121081,Faridabad,Haryana,2024-07-23,Unknown
CUST002898,Vikas Iyer,9456712124,harpreet.bhatt457@outlook.com,422038,Nashik,Maharashtra,2025-06-26,Unknown
CUST002899,Riya Nair,6396839028,N/A,141002,Ludhiana,Punjab,2025-09-30,Referral
CUST002900,Vivaan Rao,9689494927,ramesh.chauhan493@rediffmail.com,226024,Lucknow,Uttar Pradesh,2025-01-23,Referral
CUST002901,Zoya Iyer,8727604128,geeta.singh498@gmail.com,452074,Indore,Madhya Pradesh,2025-02-28,Instagram Ads
CUST002902,Isha Joshi,7470042955,harpreet.sheikh278@outlook.com,823021,Gaya,Bihar,2025-07-27,Organic Search
CUST002903,Rekha Verma,8239977675,pankaj.desai581@yahoo.com,462070,Bhopal,Madhya Pradesh,2025-12-20,WhatsApp Reseller
CUST002904,Lakshmi Rathore,8824641188,kiara.pillai277@outlook.com,42208,Nashik,Maharashtra,2025-01-26,WhatsApp Reseller
CUST002905,Myra Rathore,9072185082,N/A,221036,Varanasi,Uttar Pradesh,2024-09-17,WhatsApp Reseller
CUST002906,Krishna Chauhan,8001755049,mohammed.mishra562@gmail.com,411019,Pune,Maharashtra,2023-12-21,Referral
CUST002907,Saanvi Agarwal,7839291238,harpreet.agarwal83@outlook.com,713083,Asansol,West Bengal,2025-06-01,Facebook Ads
CUST002908,Rekha Agarwal,7376035672,neha.agarwal150@rediffmail.com,560022,Bengaluru,Karnataka,2025-08-17,Instagram Ads
CUST002909,Lakshmi Bhatt,7260322275,geeta.khan911@rediffmail.com,500039,Hyderabad,Telangana,2025-09-02,Organic Search
CUST002910,Pankaj Rao,6819242412,kiara.mukherjee831@outlook.com,208017,Kanpur,Uttar Pradesh,2026-01-07,Referral
CUST002911,Anil Chauhan,6092936778,sai.iyer962@rediffmail.com,753098,Cuttack,Odisha,2025-06-21,Unknown
CUST002912,Sunil Agarwal,9268323348,geeta.ansari362@rediffmail.com,823057,Gaya,Bihar,2025-09-10,Organic Search
CUST002913,Sai Nair,6165312645,simran.pillai631@outlook.com,360045,Rajkot,Gujarat,2025-02-18,Referral
CUST002914,Isha Gupta,7335625501,amit.joshi313@gmail.com,713007,Asansol,West Bengal,2024-05-05,Referral
CUST002915,Vikas Reddy,7201738226,aditya.naidu407@outlook.com,110071,New Delhi,Delhi,2025-06-08,Facebook Ads
CUST002916,Sunita Sharma,8886399875,manoj.singh590@yahoo.com,400097,Mumbai,Maharashtra,2023-12-26,Referral
CUST002917,Pankaj Malhotra,7835093275,pankaj.pillai398@rediffmail.com,411095,Pune,Maharashtra,2025-09-23,Facebook Ads
CUST002918,Sai Bhatt,Missing,N/A,422030,Nashik,Maharashtra,2024-02-19,Referral
CUST002919,Manoj Banerjee,6151644659,saanvi.shah426@rediffmail.com,121076,Faridabad,Haryana,2024-03-26,Referral
CUST002920,Aarav Sharma,9008884391,N/A,422002,Nashik,Maharashtra,2024-08-11,WhatsApp Reseller
CUST002921,Sunil Nair,8428236160,N/A,834071,Ranchi,Jharkhand,2024-03-28,WhatsApp Reseller
CUST002922,Ishaan Bhatt,6151060978,sunita.ansari27@rediffmail.com,302081,Jaipur,Rajasthan,2025-11-23,Unknown
CUST002923,Ramesh Ansari,6094531942,N/A,570010,Mysuru,Karnataka,2023-09-21,Facebook Ads
CUST002924,Farhan Sharma,7332750944,priya.rathore228@gmail.com,834099,Ranchi,Jharkhand,2024-03-09,Unknown
CUST002925,Aadhya Yadav,9876307372,tanvi.chatterjee493@rediffmail.com,474067,Gwalior,Madhya Pradesh,2023-08-18,Organic Search
CUST002926,Aadhya Naidu,Check Number,aadhya.malhotra238@rediffmail.com,440017,Nagpur,Maharashtra,2025-10-20,Unknown
CUST002927,Pooja Malhotra,8101442305,ayesha.naidu346@outlook.com,141001,Ludhiana,Punjab,2025-06-13,Unknown
CUST002928,Krishna Chauhan,8398893903,ramesh.shah422@rediffmail.com,143XX6,Amritsar,Punjab,2025-02-01,Unknown
CUST002929,Pooja Pillai,6766124768,simran.desai468@outlook.com,462054,Bhopal,Madhya Pradesh,2024-10-03,WhatsApp Reseller
CUST002930,Aditya Patel,9469482545,myra.das302@outlook.com,68202,Kochi,Kerala,2024-04-19,WhatsApp Reseller
CUST002931,Ananya Pillai,7724204653,mohammed.patel69@outlook.com,201043,Ghaziabad,Uttar Pradesh,2025-01-27,Organic Search
CUST002932,Rajesh Joshi,7030433077,N/A,506011,Warangal,Telangana,2024-10-24,Facebook Ads
CUST002933,Sneha Verma,8506271810,arjun.shah548@rediffmail.com,380095,Ahmedabad,Gujarat,2024-07-25,Unknown
CUST002934,Gurpreet Yadav,6651651265,priya.malhotra488@yahoo.com,560034,Bengaluru,Karnataka,2025-04-30,Referral
CUST002935,Myra Joshi,9000985450,sunil.reddy826@rediffmail.com,713051,Asansol,West Bengal,2025-09-07,Referral
CUST002936,Mohammed Rao,7606203760,aditya.khan511@gmail.com,342060,Jodhpur,Rajasthan,2025-07-18,Referral
CUST002937,Ramesh Rao,6790466005,amit.nair758@gmail.com,201035,Ghaziabad,Uttar Pradesh,2025-11-01,Instagram Ads
CUST002938,Sunil Gupta,8902879826,ishaan.chatterjee345@rediffmail.com,753038,Cuttack,Odisha,2024-02-06,Instagram Ads
CUST002939,Aditya Rathore,9603634091,ayesha.agarwal81@outlook.com,781015,Guwahati,Assam,2023-09-17,Facebook Ads
CUST002940,Pooja Chatterjee,6433264445,reyansh.banerjee310@rediffmail.com,560012,Bengaluru,Karnataka,2025-07-11,WhatsApp Reseller
CUST002941,Krishna Chatterjee,8674079491,simran.agarwal626@gmail.com,580085,Hubli,Karnataka,2024-07-17,Facebook Ads
CUST002942,Vihaan Banerjee,Check Number,geeta.mukherjee624@outlook.com,734004,Siliguri,West Bengal,2024-11-08,Unknown
CUST002943,Krishna Ansari,9647048601,ravi.gupta146@rediffmail.com,411017,Pune,Maharashtra,2025-07-30,Referral
CUST002944,Zoya Gupta,7802614228,tanvi.das512@rediffmail.com,143062,Amritsar,Punjab,2023-09-19,Organic Search
CUST002945,Sunil Iyer,8463580027,N/A,395015,Surat,Gujarat,2025-11-18,Instagram Ads
CUST002946,Harpreet Rathore,9263134946,lakshmi.gupta737@yahoo.com,395016,Surat,Gujarat,2024-09-05,WhatsApp Reseller
CUST002947,Ishaan Patel,6423115479,shreya.pillai893@gmail.com,700079,Kolkata,West Bengal,2025-08-18,Unknown
CUST002948,Kiara Gupta,7060539543,ananya.agarwal527@rediffmail.com,380082,Ahmedabad,Gujarat,2024-03-31,Facebook Ads
CUST002949,Simran Rathore,6074914876,diya.mishra223@gmail.com,360074,Rajkot,Gujarat,2024-10-20,WhatsApp Reseller
CUST002950,Geeta Verma,7292401162,vivaan.gupta795@outlook.com,462004,Bhopal,Madhya Pradesh,2023-08-18,WhatsApp Reseller
CUST002951,Rajesh Mishra,6772188906,farhan.khan58@rediffmail.com,121047,Faridabad,Haryana,2023-10-21,Referral
CUST002952,Riya Agarwal,9277539954,N/A,143009,Amritsar,Punjab,2024-11-13,Instagram Ads
CUST002953,Krishna Rathore,7004492294,manoj.shah480@outlook.com,342052,Jodhpur,Rajasthan,2024-04-05,WhatsApp Reseller
CUST002954,Aditya Pillai,7073786655,sunita.agarwal119@rediffmail.com,713042,Asansol,West Bengal,2024-10-15,Instagram Ads
CUST002955,Kiara Joshi,9673727259,vivaan.banerjee966@yahoo.com,110088,New Delhi,Delhi,2024-04-04,Unknown
CUST002956,Tanvi Malhotra,6299824861,sai.singh1@yahoo.com,713066,Asansol,West Bengal,2025-11-17,WhatsApp Reseller
CUST002957,Vihaan Malhotra,7879596384,mohammed.pillai283@outlook.com,122014,Gurugram,Haryana,2025-08-15,Unknown
CUST002958,Aarav Reddy,7757081518,gurpreet.sharma964@outlook.com,682069,Kochi,Kerala,2025-12-15,Facebook Ads
CUST002959,Pooja Sheikh,Check Number,ramesh.joshi624@outlook.com,580023,Hubli,Karnataka,2025-11-28,Instagram Ads
CUST002960,Arjun Patel,6653979447,arjun.ansari943@rediffmail.com,395052,Surat,Gujarat,2024-06-02,WhatsApp Reseller
CUST002961,Ananya Mukherjee,7240230891,jaspreet.desai289@yahoo.com,302013,Jaipur,Rajasthan,2024-11-03,Referral
CUST002962,Tanvi Nair,7900940177,priya.shah650@gmail.com,422065,Nashik,Maharashtra,2025-09-02,Referral
CUST002963,Anil Sheikh,9024911699,sneha.pillai469@outlook.com,160018,Chandigarh,Chandigarh,2026-01-26,Organic Search
CUST002964,Aadhya Malhotra,9821927900,lakshmi.khan260@outlook.com,641068,Coimbatore,Tamil Nadu,2024-05-21,Unknown
CUST002965,Saanvi Ansari,9311135492,ayesha.chauhan281@rediffmail.com,641037,Coimbatore,Tamil Nadu,2025-01-01,Facebook Ads
CUST002966,Jaspreet Mukherjee,9823329046,kavita.das396@outlook.com,360004,Rajkot,Gujarat,2025-10-11,Referral
CUST002967,Sunita Shah,9908481527,reyansh.gupta368@yahoo.com,121089,Faridabad,Haryana,2024-08-24,Referral
CUST002968,Aditya Das,7223628197,N/A,201060,Ghaziabad,Uttar Pradesh,2025-07-25,WhatsApp Reseller
CUST002969,Krishna Desai,9978162667,neha.gupta444@yahoo.com,570088,Mysuru,Karnataka,2024-10-21,Organic Search
CUST002970,Krishna Naidu,7151970962,N/A,226032,Lucknow,Uttar Pradesh,2025-08-20,Instagram Ads
CUST002971,Geeta Rathore,9840548512,reyansh.kumar755@outlook.com,143060,Amritsar,Punjab,2024-11-17,Instagram Ads
CUST002972,Riya Bhatt,9158927812,sunil.rathore240@yahoo.com,282072,Agra,Uttar Pradesh,2024-05-09,Unknown
CUST002973,Suresh Rathore,7151126109,harpreet.kumar541@yahoo.com,474040,Gwalior,Madhya Pradesh,2025-06-27,WhatsApp Reseller
CUST002974,Manoj Sheikh,9326426677,sai.iyer947@yahoo.com,452043,Indore,Madhya Pradesh,2023-11-08,Unknown
CUST002975,Pooja Verma,9276647848,isha.chatterjee394@rediffmail.com,282015,Agra,Uttar Pradesh,2025-06-01,Organic Search
CUST002976,Aditya Pillai,8513560990,priya.naidu533@gmail.com,570009,Mysuru,Karnataka,2023-11-27,Unknown
CUST002977,Aarav Reddy,7623750543,diya.pillai430@gmail.com,713061,Asansol,West Bengal,2024-02-29,Facebook Ads
CUST002978,Vihaan Banerjee,9594587023,N/A,800042,Patna,Bihar,2023-09-07,Instagram Ads
CUST002979,Kavita Banerjee,7408741550,geeta.yadav265@rediffmail.com,121080,Faridabad,Haryana,2025-01-16,Referral
CUST002980,Krishna Desai,Check Number,N/A,823022,Gaya,Bihar,2024-07-13,Instagram Ads
CUST002981,Sunil Shah,8178148089,N/A,600052,Chennai,Tamil Nadu,2024-09-15,Unknown
CUST002982,Anil Nair,9574122876,riya.iyer274@rediffmail.com,110009,New Delhi,Delhi,2023-09-17,Referral
CUST002983,Vihaan Iyer,7835571427,aadhya.malhotra86@gmail.com,20809,Kanpur,Uttar Pradesh,2024-05-25,Facebook Ads
CUST002984,Shreya Kumar,7666206856,amit.malhotra780@gmail.com,700096,Kolkata,West Bengal,2025-06-27,WhatsApp Reseller
CUST002985,Sneha Gupta,7015026155,priya.pillai155@outlook.com,700088,Kolkata,West Bengal,2023-11-10,Instagram Ads
CUST002986,Sneha Malhotra,9646880904,N/A,110090,New Delhi,Delhi,2025-12-10,WhatsApp Reseller
CUST002987,Pooja Pillai,6372811223,priya.joshi547@outlook.com,713053, Asansol ,West Bengal,2023-10-04,Instagram Ads
CUST002988,Amit Desai,9526570056,simran.das291@yahoo.com,360018,Rajkot,Gujarat,2025-02-15,Referral
CUST002989,Aditya Sheikh,7939561361,N/A,122033,Gurugram,Haryana,2024-11-22,Facebook Ads
CUST002990,Rohit Sharma,9007757155,imran.banerjee142@yahoo.com,160036,Chandigarh,Chandigarh,2023-11-07,Unknown
CUST002991,Jaspreet Das,8909519809,pankaj.menon63@rediffmail.com,753027,Cuttack,Odisha,2025-11-29,Facebook Ads
CUST002992,Harpreet Singh,6870330246,sunita.yadav681@outlook.com,695071,Thiruvananthapuram,Kerala,2025-02-18,Organic Search
CUST002993,Vihaan Rathore,6072996722,kavita.chatterjee360@gmail.com,800080,Patna,Bihar,2025-11-02,Facebook Ads
CUST002994,Rajesh Gupta,Check Number,isha.naidu316@rediffmail.com,800062,Patna,Bihar,2023-11-12,Facebook Ads
CUST002995,Imran Reddy,7863693411,ishaan.mukherjee429@rediffmail.com,570083,Mysuru,Karnataka,2024-07-10,Instagram Ads
CUST002996,Kiara Rao,6696514826,manoj.patel468@yahoo.com,226097,Lucknow,Uttar Pradesh,2024-02-10,Facebook Ads
CUST002997,Anil Naidu,7411771553,geeta.nair116@outlook.com,440020,Nagpur,Maharashtra,2025-11-30,WhatsApp Reseller
CUST002998,Ramesh Pillai,6997073995,kiara.gupta25@yahoo.com,781072,Guwahati,Assam,2025-08-23,Organic Search
CUST002999,Sunil Das,9567453770,priya.kumar140@rediffmail.com,313065,Udaipur,Rajasthan,2025-02-26,Referral
CUST003000,Sandeep Shah,7381454032,neha.singh351@rediffmail.com,143023,Amritsar,Punjab,2025-11-28,Facebook Ads
CUST003001,Pankaj Patel,Missing,sneha.iyer81@gmail.com,506066,Warangal,Telangana,2025-11-18,Unknown
CUST003002,Saanvi Kumar,8381291660,simran.sharma919@gmail.com,506071,Warangal,Telangana,2024-08-30,WhatsApp Reseller
CUST003003,Arjun Chauhan,8744000543,tanvi.patel131@yahoo.com,641053,Coimbatore,Tamil Nadu,2025-12-21,Facebook Ads
CUST003004,Sneha Khan,8038934764,N/A,641040,Coimbatore,Tamil Nadu,2025-08-16,Instagram Ads
CUST003005,Shreya Yadav,8843514546,aditya.chatterjee352@yahoo.com,342046,Jodhpur,Rajasthan,2025-08-24,Instagram Ads
CUST003006,Reyansh Pillai,6347744995,N/A,452008,Indore,Madhya Pradesh,2024-06-08,Facebook Ads
CUST003007,Reyansh Bhatt,9625197310,N/A,122012,Gurugram,Haryana,2025-07-26,Unknown
CUST003008,Aarav Verma,9105484043,manoj.agarwal55@gmail.com,380048,Ahmedabad,Gujarat,2025-10-27,Referral
CUST003009,Aadhya Shah,7393646954,sneha.yadav949@rediffmail.com,842072,Muzaffarpur,Bihar,2023-09-17,WhatsApp Reseller
CUST003010,Vihaan Mishra,9916290772,ishaan.mukherjee191@yahoo.com,395005,Surat,Gujarat,2025-01-27,Facebook Ads
CUST003011,Imran Naidu,6084075882,sunita.kumar696@rediffmail.com,641075,Coimbatore,Tamil Nadu,2025-09-18,WhatsApp Reseller
CUST003012,Sunita Rathore,7405386767,aarav.ansari193@outlook.com,700024,Kolkata,West Bengal,2024-09-02,Facebook Ads
CUST003013,Aditya Reddy,8650123578,diya.reddy656@rediffmail.com,462078,Bhopal,Madhya Pradesh,2023-10-05,Facebook Ads
CUST003014,Ramesh Kumar,7644148777,N/A,823068,Gaya,Bihar,2025-12-14,Referral
CUST003015,Kavita Malhotra,6932079644,amit.bhatt67@outlook.com,360045,Rajkot,Gujarat,2024-06-17,Facebook Ads
CUST003016,Shreya Patel,8250030897,N/A,751022,Bhubaneswar,Odisha,2025-11-26,Facebook Ads
CUST003017,Krishna Rao,7630392858,ramesh.mishra278@yahoo.com,201049,Ghaziabad,Uttar Pradesh,2025-09-18,Facebook Ads
CUST003018,Ishaan Pillai,9506094718,kavita.sharma691@outlook.com,201082,Ghaziabad,Uttar Pradesh,2024-12-27,WhatsApp Reseller
CUST003019,Neha Patel,7074686386,arjun.verma920@outlook.com,160096,Chandigarh,Chandigarh,2023-12-07,Instagram Ads
CUST003020,Sunita Yadav,7391627049,isha.singh535@rediffmail.com,753016,Cuttack,Odisha,2025-09-29,Unknown
CUST003021,Ravi Chauhan,7470941951,N/A,20107,Ghaziabad,Uttar Pradesh,2025-10-12,Unknown
CUST003022,Sunita Khan,Missing,manoj.reddy596@yahoo.com,411019,Pune,Maharashtra,2025-01-22,Facebook Ads
CUST003023,Lakshmi Bhatt,6642946125,geeta.shah900@gmail.com,422021,Nashik,Maharashtra,2024-09-11,Unknown
CUST003024,Saanvi Verma,7563114021,vihaan.rathore826@gmail.com,580007,Hubli,Karnataka,2026-01-03,Organic Search
CUST003025,Reyansh Patel,7323454223,sai.pillai489@outlook.com,506049,Warangal,Telangana,2024-07-23,Organic Search
CUST003026,Isha Yadav,9621416350,arjun.das192@gmail.com,580048,Hubli,Karnataka,2025-01-26,Referral
CUST003027,Mohammed Chatterjee,6941244516,sunil.das834@outlook.com,56005,Bengaluru,Karnataka,2025-04-18,Organic Search
CUST003028,Kavita Rao,7367709895,sneha.kumar363@gmail.com,751015,Bhubaneswar,Odisha,2023-10-26,WhatsApp Reseller
CUST003029,Ananya Singh,8248993087,N/A,122071, Gurugram ,Haryana,2024-03-09,Referral
CUST003030,Arjun Ansari,6610296746,N/A,695073, Thiruvananthapuram ,Kerala,2025-07-31,WhatsApp Reseller
CUST003031,Sneha Joshi,6857471771,suresh.das535@outlook.com,226019,Lucknow,Uttar Pradesh,2024-02-20,WhatsApp Reseller
CUST003032,Reyansh Naidu,8899609932,priya.reddy54@yahoo.com,560002,Bengaluru,Karnataka,2025-06-08,Referral
CUST003033,Farhan Kumar,6189733247,tanvi.patel350@outlook.com,160029,Chandigarh,Chandigarh,2023-10-30,WhatsApp Reseller
CUST003034,Diya Rao,8840734319,riya.joshi364@outlook.com,641035,Coimbatore,Tamil Nadu,2023-11-28,Unknown
CUST003035,Deepak Chatterjee,Check Number,harpreet.bhatt377@rediffmail.com,600083,Chennai,Tamil Nadu,2024-02-08,Unknown
CUST003036,Kiara Yadav,6896435382,rekha.chauhan501@outlook.com,842010,Muzaffarpur,Bihar,2024-02-21,Unknown
CUST003037,Arjun Agarwal,Missing,pankaj.singh154@outlook.com,221056,Varanasi,Uttar Pradesh,2024-01-16,Referral
CUST003038,Sandeep Agarwal,8709967450,ramesh.kumar239@yahoo.com,580045,Hubli,Karnataka,2024-04-11,Instagram Ads
CUST003039,Shreya Mishra,9811200565,farhan.malhotra250@gmail.com,700032,Kolkata,West Bengal,2024-02-24,WhatsApp Reseller
CUST003040,Deepak Patel,6759335924,manoj.das257@yahoo.com,226019, Lucknow ,Uttar Pradesh,2024-08-07,Referral
CUST003041,Geeta Rathore,6868938395,saanvi.iyer643@rediffmail.com,570063,Mysuru,Karnataka,2025-07-10,Referral
CUST003042,Lakshmi Iyer,9049193187,N/A,226042,Lucknow,Uttar Pradesh,2023-12-18,Instagram Ads
CUST003043,Zoya Bhatt,7898333378,tanvi.ansari236@rediffmail.com,411007,Pune,Maharashtra,2024-03-12,WhatsApp Reseller
CUST003044,Anil Malhotra,6488059515,N/A,781023,Guwahati,Assam,2023-10-04,Instagram Ads
CUST003045,Neha Naidu,Missing,ishaan.rathore935@gmail.com,625085,Madurai,Tamil Nadu,2025-12-24,WhatsApp Reseller
CUST003046,Pooja Agarwal,7377993804,N/A,143058,Amritsar,Punjab,2024-05-07,WhatsApp Reseller
CUST003047,Geeta Shah,Missing,N/A,121002,Faridabad,Haryana,2024-01-08,Unknown
CUST003048,Ramesh Patel,8578419032,arjun.singh226@outlook.com,110095,New Delhi,Delhi,2025-06-13,Referral
CUST003049,Sneha Gupta,9241685845,aadhya.pillai400@gmail.com,753044,Cuttack,Odisha,2023-11-11,Instagram Ads
CUST003050,Geeta Rao,7081079934,farhan.gupta890@yahoo.com,208003,Kanpur,Uttar Pradesh,2025-04-07,Organic Search
CUST003051,Sneha Bhatt,7396259991,manoj.rao31@yahoo.com,625040,Madurai,Tamil Nadu,2023-10-05,Facebook Ads
CUST003052,Saanvi Agarwal,9171681383,N/A,141045,Ludhiana,Punjab,2024-12-05,Referral
CUST003053,Deepak Khan,Check Number,pooja.sharma62@rediffmail.com,313072,Udaipur,Rajasthan,2025-03-17,Referral
CUST003054,Ananya Chauhan,6074655065,N/A,700068,Kolkata,West Bengal,2025-08-10,Facebook Ads
CUST003055,Vihaan Das,7470428485,N/A,313043,Udaipur,Rajasthan,2025-08-25,WhatsApp Reseller
CUST003056,Simran Joshi,8219326944,N/A,842014,Muzaffarpur,Bihar,2024-01-04,WhatsApp Reseller
CUST003057,Isha Chatterjee,8717862089,anil.desai507@yahoo.com,506027,Warangal,Telangana,2024-11-12,Organic Search
CUST003058,Ravi Rathore,8017754750,arjun.yadav906@gmail.com,221024,Varanasi,Uttar Pradesh,2025-09-10,Unknown
CUST003059,Suresh Joshi,Missing,rajesh.sharma985@gmail.com,751058,Bhubaneswar,Odisha,2024-01-08,Organic Search
CUST003060,Imran Das,6888850372,rajesh.reddy28@rediffmail.com,700071,Kolkata,West Bengal,2024-05-05,WhatsApp Reseller
CUST003061,Sandeep Yadav,6873843221,ravi.nair809@rediffmail.com,141077,Ludhiana,Punjab,2024-06-11,Facebook Ads
CUST003062,Ishaan Rao,9432995575,kavita.nair372@gmail.com,781044,Guwahati,Assam,2025-02-08,WhatsApp Reseller
CUST003063,Shreya Rao,9920222123,vikas.agarwal673@gmail.com,411019,Pune,Maharashtra,2024-10-07,WhatsApp Reseller
CUST003064,Sunil Pillai,Missing,N/A,380081,Ahmedabad,Gujarat,2024-08-04,Referral
CUST003065,Reyansh Agarwal,9775323863,sunita.chauhan211@outlook.com,395018,Surat,Gujarat,2025-04-13,Unknown
CUST003066,Ananya Rathore,8369174238,amit.khan549@outlook.com,500011,Hyderabad,Telangana,2025-08-21,Referral
CUST003067,Mohammed Chatterjee,8370041023,ayesha.menon164@outlook.com,500010,Hyderabad,Telangana,2025-04-01,Facebook Ads
CUST003068,Kiara Ansari,9490365716,N/A,462003,Bhopal,Madhya Pradesh,2024-06-03,Instagram Ads
CUST003069,Aarav Mukherjee,8870381717,sunita.das616@gmail.com,734098,Siliguri,West Bengal,2025-04-29,WhatsApp Reseller
CUST003070,Myra Agarwal,7057620726,sunil.nair126@rediffmail.com,713099,Asansol,West Bengal,2025-07-09,Referral
CUST003071,Rohit Mukherjee,8874224349,saanvi.naidu261@yahoo.com,395098,Surat,Gujarat,2024-11-13,Instagram Ads
CUST003072,Manoj Reddy,Missing,N/A,221076,Varanasi,Uttar Pradesh,2025-04-01,WhatsApp Reseller
CUST003073,Mohammed Khan,6734571071,vivaan.yadav361@rediffmail.com,560022,Bengaluru,Karnataka,2024-09-08,Facebook Ads
CUST003074,Suresh Ansari,9657966758,aadhya.das234@rediffmail.com,110059,New Delhi,Delhi,2025-05-10,Organic Search
CUST003075,Ravi Sheikh,7786120459,N/A,302079,Jaipur,Rajasthan,2025-06-09,Unknown
CUST003076,Farhan Rao,6155652927,N/A,751087,Bhubaneswar,Odisha,2025-08-15,Organic Search
CUST003077,Sunil Nair,8027862631,N/A,500077,Hyderabad,Telangana,2024-10-09,Referral
CUST003078,Arjun Patel,6677368523,sandeep.khan974@rediffmail.com,823059,Gaya,Bihar,2023-10-18,Instagram Ads
CUST003079,Amit Chauhan,8008110521,vivaan.ansari917@outlook.com,474052,Gwalior,Madhya Pradesh,2024-03-20,WhatsApp Reseller
CUST003080,Amit Banerjee,Check Number,sai.verma481@outlook.com,360082,Rajkot,Gujarat,2024-12-30,Instagram Ads
CUST003081,Sneha Gupta,6272099352,arjun.kumar1@outlook.com,122045,Gurugram,Haryana,2025-05-01,Organic Search
CUST003082,Pooja Chauhan,6128087034,N/A,42201,Nashik,Maharashtra,2026-01-22,Unknown
CUST003083,Vikas Joshi,6886384196,rekha.das831@gmail.com,141033,Ludhiana,Punjab,2023-08-31,Referral
CUST003084,Anil Patel,7957685389,N/A,713044,Asansol,West Bengal,2024-09-12,Organic Search
CUST003085,Rekha Khan,9985687967,deepak.sheikh611@rediffmail.com,201066,Ghaziabad,Uttar Pradesh,2025-10-23,Instagram Ads
CUST003086,Tanvi Yadav,9348786480,imran.malhotra120@gmail.com,695017,Thiruvananthapuram,Kerala,2024-05-30,Referral
CUST003087,Rohit Naidu,7595788083,ayesha.bhatt178@outlook.com,400085,Mumbai,Maharashtra,2025-08-25,Referral
CUST003088,Simran Mishra,6792611980,mohammed.malhotra448@gmail.com,600082,Chennai,Tamil Nadu,2024-02-05,Facebook Ads
CUST003089,Saanvi Yadav,9540197311,ananya.sharma865@yahoo.com,141021,Ludhiana,Punjab,2024-01-10,Organic Search
CUST003090,Riya Khan,7733409586,pooja.yadav600@yahoo.com,800017,Patna,Bihar,2024-03-19,Facebook Ads
CUST003091,Anil Pillai,9639074266,N/A,221067,Varanasi,Uttar Pradesh,2025-08-30,Unknown
CUST003092,Shreya Menon,9093141733,N/A,500011,Hyderabad,Telangana,2025-12-07,Instagram Ads
CUST003093,Anil Malhotra,8238589725,sandeep.agarwal392@outlook.com,831028,Jamshedpur,Jharkhand,2024-04-03,Organic Search
CUST003094,Vivaan Agarwal,8439015339,manoj.nair860@yahoo.com,411085, Pune ,Maharashtra,2024-06-18,Facebook Ads
CUST003095,Lakshmi Das,7645903006,rajesh.desai70@yahoo.com,395071,Surat,Gujarat,2025-11-21,Organic Search
CUST003096,Arjun Kumar,9267234068,gurpreet.mishra509@yahoo.com,734043,Siliguri,West Bengal,2024-12-23,Organic Search
CUST003097,Sunil Sheikh,Missing,vikas.reddy845@rediffmail.com,560016,Bengaluru,Karnataka,2024-07-19,Unknown
CUST003098,Riya Agarwal,7379953420,ravi.rathore24@outlook.com,380045,Ahmedabad,Gujarat,2024-05-14,Instagram Ads
CUST003099,Diya Shah,6530361004,N/A,560002,Bengaluru,Karnataka,2025-02-05,Instagram Ads
CUST003100,Pankaj Naidu,7646271675,aarav.mukherjee588@yahoo.com,400093,Mumbai,Maharashtra,2025-12-16,Referral
CUST003101,Geeta Pillai,8742589199,pankaj.agarwal904@outlook.com,713054,Asansol,West Bengal,2023-09-23,Unknown
CUST003102,Aadhya Malhotra,6328889489,N/A,713097,Asansol,West Bengal,2025-01-10,WhatsApp Reseller
CUST003103,Lakshmi Sharma,7143025200,sandeep.desai773@gmail.com,462085,Bhopal,Madhya Pradesh,2025-09-14,WhatsApp Reseller
CUST003104,Diya Agarwal,9099785061,myra.singh667@yahoo.com,500058,Hyderabad,Telangana,2024-07-25,WhatsApp Reseller
CUST003105,Gurpreet Khan,9987422338,pooja.das997@rediffmail.com,395011,Surat,Gujarat,2024-03-14,Instagram Ads
CUST003106,Zoya Malhotra,6704944153,krishna.iyer343@gmail.com,751082,Bhubaneswar,Odisha,2024-01-19,Referral
CUST003107,Reyansh Rao,Check Number,geeta.kumar443@gmail.com,208048,Kanpur,Uttar Pradesh,2025-08-31,Organic Search
CUST003108,Vihaan Khan,Check Number,ishaan.shah268@yahoo.com,800079,Patna,Bihar,2024-01-02,Instagram Ads
CUST003109,Ananya Ansari,8957485913,geeta.mukherjee595@yahoo.com,751046,Bhubaneswar,Odisha,2024-10-02,WhatsApp Reseller
CUST003110,Lakshmi Chauhan,9568929247,aditya.chauhan140@rediffmail.com,360073,Rajkot,Gujarat,2025-11-03,Facebook Ads
CUST003111,Jaspreet Iyer,9213606294,anil.iyer958@rediffmail.com,122023,Gurugram,Haryana,2025-03-07,Organic Search
CUST003112,Anil Desai,8119489333,aadhya.shah580@outlook.com,560008,Bengaluru,Karnataka,2024-05-29,Instagram Ads
CUST003113,Rajesh Desai,6944595961,pankaj.agarwal879@outlook.com,682039,Kochi,Kerala,2024-01-06,Facebook Ads
CUST003114,Vivaan Chatterjee,8293227697,N/A,560065,Bengaluru,Karnataka,2025-05-19,Facebook Ads
CUST003115,Ramesh Gupta,9499394522,anil.naidu103@gmail.com,141033, Ludhiana ,Punjab,2024-03-30,WhatsApp Reseller
CUST003116,Myra Naidu,9205633640,vikas.yadav151@yahoo.com,395084,Surat,Gujarat,2024-09-23,Facebook Ads
CUST003117,Krishna Sharma,9254077488,arjun.agarwal913@outlook.com,580019,Hubli,Karnataka,2025-05-27,WhatsApp Reseller
CUST003118,Deepak Chauhan,8278943788,neha.kumar473@rediffmail.com,122010,Gurugram,Haryana,2025-09-16,Referral
CUST003119,Aarav Rao,8316470594,manoj.bhatt930@outlook.com,700089,Kolkata,West Bengal,2024-07-22,Unknown
CUST003120,Rekha Khan,7228171082,N/A,226025,Lucknow,Uttar Pradesh,2025-08-01,Instagram Ads
CUST003121,Pankaj Naidu,9835884549,N/A,781086,Guwahati,Assam,2024-04-25,Referral
CUST003122,Suresh Naidu,9475833566,kavita.ansari922@yahoo.com,121021,Faridabad,Haryana,2024-05-16,Unknown
CUST003123,Geeta Mishra,Missing,sneha.patel593@rediffmail.com,474057,Gwalior,Madhya Pradesh,2024-10-06,WhatsApp Reseller
CUST003124,Vihaan Pillai,7632015461,priya.pillai601@gmail.com,122081,Gurugram,Haryana,2024-03-15,Organic Search
CUST003125,Saanvi Singh,6949265118,N/A,682083,Kochi,Kerala,2024-11-01,Facebook Ads
CUST003126,Simran Pillai,Missing,suresh.gupta160@rediffmail.com,12101,Faridabad,Haryana,2024-03-20,Unknown
CUST003127,Harpreet Pillai,6980657273,reyansh.yadav715@rediffmail.com,208046,Kanpur,Uttar Pradesh,2025-03-06,Instagram Ads
CUST003128,Aarav Pillai,Check Number,zoya.ansari162@gmail.com,800060,Patna,Bihar,2024-01-02,Facebook Ads
CUST003129,Diya Nair,9718446173,sneha.nair26@outlook.com,143085,Amritsar,Punjab,2024-06-19,Unknown
CUST003130,Aarav Sharma,8766995359,vikas.gupta150@rediffmail.com,221006,Varanasi,Uttar Pradesh,2024-04-27,Organic Search
CUST003131,Rohit Agarwal,7471803881,pooja.khan862@yahoo.com,734007,Siliguri,West Bengal,2024-02-15,Unknown
CUST003132,Ayesha Verma,6750797522,deepak.rathore10@outlook.com,395056,Surat,Gujarat,2025-07-25,WhatsApp Reseller
CUST003133,Aarav Sheikh,9842633618,reyansh.nair325@rediffmail.com,474096,Gwalior,Madhya Pradesh,2025-07-12,Organic Search
CUST003134,Geeta Rao,8147623802,amit.chauhan60@rediffmail.com,143071,Amritsar,Punjab,2024-07-18,Unknown
CUST003135,Neha Gupta,9049912936,sandeep.kumar151@gmail.com,580084,Hubli,Karnataka,2023-12-11,Referral
CUST003136,Amit Das,6967386675,ramesh.mukherjee215@outlook.com,110058,New Delhi,Delhi,2025-06-29,Unknown
CUST003137,Sneha Shah,7839750530,shreya.reddy218@outlook.com,342004,Jodhpur,Rajasthan,2024-09-27,Referral
CUST003138,Sai Khan,7703224891,aditya.das909@yahoo.com,734044,Siliguri,West Bengal,2025-11-16,Unknown
CUST003139,Sneha Sharma,7758482775,vikas.shah191@yahoo.com,201006,Ghaziabad,Uttar Pradesh,2024-06-28,Unknown
CUST003140,Farhan Shah,9337119351,vivaan.joshi467@gmail.com,560006,Bengaluru,Karnataka,2024-10-15,Referral
CUST003141,Riya Mishra,7428169453,gurpreet.joshi266@rediffmail.com,226020,Lucknow,Uttar Pradesh,2023-11-03,Facebook Ads
CUST003142,Shreya Bhatt,9920148292,sunita.shah851@yahoo.com,282073,Agra,Uttar Pradesh,2025-04-29,WhatsApp Reseller
CUST003143,Mohammed Sharma,Missing,sai.banerjee354@rediffmail.com,580051,Hubli,Karnataka,2024-03-21,Facebook Ads
CUST003144,Zoya Joshi,6660567721,ramesh.sharma42@rediffmail.com,842027,Muzaffarpur,Bihar,2025-01-25,Organic Search
CUST003145,Sunil Shah,7369109978,N/A,201000,Ghaziabad,Uttar Pradesh,2024-01-26,Organic Search
CUST003146,Suresh Joshi,6535700935,sai.chauhan928@gmail.com,700001,Kolkata,West Bengal,2025-10-31,Instagram Ads
CUST003147,Reyansh Pillai,6052994232,tanvi.iyer901@yahoo.com,400032,Mumbai,Maharashtra,2024-04-04,Facebook Ads
CUST003148,Sai Malhotra,7583303613,geeta.agarwal433@gmail.com,834083,Ranchi,Jharkhand,2023-11-23,Instagram Ads
CUST003149,Isha Bhatt,6107808766,sneha.chatterjee212@yahoo.com,823083,Gaya,Bihar,2024-09-11,Organic Search
CUST003150,Kiara Mishra,6336136375,vivaan.chatterjee62@yahoo.com,380092,Ahmedabad,Gujarat,2025-04-03,Organic Search
CUST003151,Harpreet Ansari,8573625303,isha.kumar827@outlook.com,201000,Ghaziabad,Uttar Pradesh,2023-11-06,Facebook Ads
CUST003152,Sunil Kumar,9022940097,arjun.sharma798@yahoo.com,570077,Mysuru,Karnataka,2024-05-11,WhatsApp Reseller
CUST003153,Farhan Yadav,8645981713,aditya.nair165@yahoo.com,452037,Indore,Madhya Pradesh,2024-12-06,Facebook Ads
CUST003154,Jaspreet Reddy,7000429560,amit.kumar611@yahoo.com,360074,Rajkot,Gujarat,2025-04-08,Facebook Ads
CUST003155,Vivaan Menon,6255693186,gurpreet.patel229@gmail.com,411067,Pune,Maharashtra,2025-08-12,Facebook Ads
CUST003156,Kiara Mukherjee,9630097632,deepak.ansari251@outlook.com,400062,Mumbai,Maharashtra,2025-02-08,Referral
CUST003157,Reyansh Iyer,8694143140,anil.rathore575@outlook.com,208039,Kanpur,Uttar Pradesh,2024-06-19,Unknown
CUST003158,Deepak Singh,7840888563,N/A,313019,Udaipur,Rajasthan,2024-01-26,Organic Search
CUST003159,Simran Mukherjee,8596487032,kavita.mishra16@yahoo.com,282093,Agra,Uttar Pradesh,2024-07-14,WhatsApp Reseller
CUST003160,Ananya Naidu,6216980681,shreya.banerjee209@outlook.com,395018,Surat,Gujarat,2025-04-21,Organic Search
CUST003161,Suresh Singh,9235517274,manoj.das467@yahoo.com,700045,Kolkata,West Bengal,2025-01-25,Organic Search
CUST003162,Kiara Chatterjee,8470674091,ayesha.sharma158@outlook.com,121XX6,Faridabad,Haryana,2024-10-29,Referral
CUST003163,Pooja Rathore,7586998008,reyansh.das538@rediffmail.com,411077,Pune,Maharashtra,2024-11-19,Instagram Ads
CUST003164,Arjun Patel,9069138217,jaspreet.menon640@rediffmail.com,110088,New Delhi,Delhi,2024-02-16,WhatsApp Reseller
CUST003165,Tanvi Desai,9659486378,isha.ansari543@rediffmail.com,143092,Amritsar,Punjab,2025-06-30,WhatsApp Reseller
CUST003166,Simran Kumar,9063378747,suresh.menon794@outlook.com,753021,Cuttack,Odisha,2024-09-27,Facebook Ads
CUST003167,Imran Ansari,8076202820,shreya.desai910@rediffmail.com,580052,Hubli,Karnataka,2025-11-26,Unknown
CUST003168,Rohit Iyer,6231414215,imran.bhatt876@rediffmail.com,201043,Ghaziabad,Uttar Pradesh,2023-11-25,Instagram Ads
CUST003169,Aadhya Joshi,6869920510,simran.menon77@rediffmail.com,208096,Kanpur,Uttar Pradesh,2025-03-25,Facebook Ads
CUST003170,Pooja Desai,7706077149,ravi.das147@yahoo.com,360078,Rajkot,Gujarat,2025-07-24,Referral
CUST003171,Ishaan Das,9792117005,N/A,201003,Ghaziabad,Uttar Pradesh,2023-11-25,Organic Search
CUST003172,Aditya Desai,6270943152,N/A,302066,Jaipur,Rajasthan,2023-09-25,Unknown
CUST003173,Sai Mukherjee,9465045696,jaspreet.yadav953@yahoo.com,570029,Mysuru,Karnataka,2024-02-21,Unknown
CUST003174,Sneha Shah,9113635431,krishna.gupta712@yahoo.com,506062,Warangal,Telangana,2023-10-16,Instagram Ads
CUST003175,Kavita Naidu,6497910303,sunita.desai624@gmail.com,823065, Gaya ,Bihar,2024-09-28,Organic Search
CUST003176,Ramesh Iyer,6577614069,ravi.sharma45@rediffmail.com,422071,Nashik,Maharashtra,2023-11-25,Instagram Ads
CUST003177,Manoj Rathore,9444413882,isha.patel737@yahoo.com,440044,Nagpur,Maharashtra,2023-10-19,Facebook Ads
CUST003178,Sandeep Verma,6779989043,sai.malhotra55@gmail.com,201XX3,Ghaziabad,Uttar Pradesh,2024-08-02,Referral
CUST003179,Ravi Singh,9169073382,N/A,625013,Madurai,Tamil Nadu,2023-11-24,WhatsApp Reseller
CUST003180,Riya Banerjee,8793983646,N/A,141054,Ludhiana,Punjab,2025-10-05,Facebook Ads
CUST003181,Aadhya Joshi,7537557270,N/A,682008,Kochi,Kerala,2023-09-18,WhatsApp Reseller
CUST003182,Aditya Yadav,9767788713,lakshmi.khan261@yahoo.com,64101,Coimbatore,Tamil Nadu,2025-08-30,Facebook Ads
CUST003183,Ramesh Rathore,8748936706,rajesh.sheikh870@outlook.com,753001,Cuttack,Odisha,2025-02-24,Unknown
CUST003184,Aadhya Agarwal,Missing,farhan.bhatt210@gmail.com,42200,Nashik,Maharashtra,2025-05-14,Unknown
CUST003185,Simran Joshi,8255614178,vikas.banerjee29@gmail.com,313095,Udaipur,Rajasthan,2025-03-29,Organic Search
CUST003186,Lakshmi Singh,8352469360,gurpreet.patel336@gmail.com,682087, Kochi ,Kerala,2024-06-27,WhatsApp Reseller
CUST003187,Manoj Desai,8324457434,N/A,842019,Muzaffarpur,Bihar,2024-01-19,Facebook Ads
CUST003188,Gurpreet Nair,7106286852,aditya.verma721@outlook.com,47407,Gwalior,Madhya Pradesh,2023-12-12,Instagram Ads
CUST003189,Isha Menon,6482243025,lakshmi.rathore572@rediffmail.com,625041,Madurai,Tamil Nadu,2026-01-09,WhatsApp Reseller
CUST003190,Ananya Khan,Missing,farhan.mukherjee46@yahoo.com,506050,Warangal,Telangana,2025-05-04,WhatsApp Reseller
CUST003191,Amit Ansari,Check Number,aarav.chauhan64@yahoo.com,160062,Chandigarh,Chandigarh,2025-05-05,WhatsApp Reseller
CUST003192,Saanvi Banerjee,7773748118,rekha.chauhan547@gmail.com,226073,Lucknow,Uttar Pradesh,2024-10-04,Referral
CUST003193,Vihaan Bhatt,8878257313,ananya.bhatt830@gmail.com,452057,Indore,Madhya Pradesh,2026-01-09,Instagram Ads
CUST003194,Zoya Khan,6164785060,N/A,823068,Gaya,Bihar,2025-12-20,Referral
CUST003195,Gurpreet Agarwal,Check Number,ananya.bhatt938@gmail.com,411050,Pune,Maharashtra,2025-09-21,Referral
CUST003196,Sai Mishra,9950470062,aditya.gupta960@outlook.com,122042,Gurugram,Haryana,2024-05-28,WhatsApp Reseller
CUST003197,Aditya Shah,7604470706,harpreet.mukherjee505@outlook.com,834016,Ranchi,Jharkhand,2024-06-04,Facebook Ads
CUST003198,Reyansh Patel,7218987016,riya.das701@rediffmail.com,110009,New Delhi,Delhi,2024-01-15,Facebook Ads
CUST003199,Myra Iyer,9853150274,myra.shah732@gmail.com,506012,Warangal,Telangana,2026-01-18,Instagram Ads
CUST003200,Rekha Sharma,Missing,tanvi.chatterjee818@yahoo.com,474063,Gwalior,Madhya Pradesh,2025-04-20,Organic Search
CUST003201,Ananya Mukherjee,7302068220,lakshmi.das345@yahoo.com,422026,Nashik,Maharashtra,2024-10-30,Organic Search
CUST003202,Rohit Rao,9610382118,aarav.menon328@gmail.com,842047,Muzaffarpur,Bihar,2023-08-30,Referral
CUST003203,Shreya Desai,8264977070,imran.banerjee179@gmail.com,452042,Indore,Madhya Pradesh,2023-12-21,Referral
CUST003204,Reyansh Desai,8941904549,mohammed.das737@outlook.com,570018,Mysuru,Karnataka,2024-06-28,WhatsApp Reseller
CUST003205,Ayesha Naidu,6870074989,N/A,380004,Ahmedabad,Gujarat,2024-08-15,Organic Search
CUST003206,Krishna Agarwal,7444507654,lakshmi.desai100@rediffmail.com,842079,Muzaffarpur,Bihar,2025-07-26,Organic Search
CUST003207,Tanvi Singh,6742212037,suresh.sharma12@gmail.com,713023,Asansol,West Bengal,2024-03-06,WhatsApp Reseller
CUST003208,Pooja Kumar,Missing,amit.singh500@yahoo.com,121041,Faridabad,Haryana,2023-12-18,Organic Search
CUST003209,Lakshmi Das,Missing,N/A,110034,New Delhi,Delhi,2024-02-26,Facebook Ads
CUST003210,Rajesh Reddy,8720731156,suresh.ansari180@yahoo.com,121054,Faridabad,Haryana,2025-05-24,Referral
CUST003211,Arjun Rathore,7879426340,pooja.menon505@rediffmail.com,560042,Bengaluru,Karnataka,2023-09-02,WhatsApp Reseller
CUST003212,Diya Shah,6280919177,sai.desai864@yahoo.com,208059,Kanpur,Uttar Pradesh,2025-08-25,WhatsApp Reseller
CUST003213,Geeta Rathore,9661217744,farhan.rao387@rediffmail.com,700027,Kolkata,West Bengal,2024-12-14,Instagram Ads
CUST003214,Diya Das,7818012955,tanvi.iyer325@outlook.com,751041,Bhubaneswar,Odisha,2024-08-10,Referral
CUST003215,Sneha Bhatt,Check Number,priya.mukherjee443@rediffmail.com,69502,Thiruvananthapuram,Kerala,2024-01-26,Organic Search
CUST003216,Rohit Menon,7633700951,riya.shah885@gmail.com,842023,Muzaffarpur,Bihar,2025-10-23,Organic Search
CUST003217,Manoj Iyer,6187422318,N/A,121061,Faridabad,Haryana,2025-02-07,WhatsApp Reseller
CUST003218,Krishna Pillai,8854362748,N/A,641061,Coimbatore,Tamil Nadu,2023-09-11,Facebook Ads
CUST003219,Ramesh Das,9851926175,ravi.rao615@yahoo.com,474091,Gwalior,Madhya Pradesh,2024-09-29,Unknown
CUST003220,Pankaj Bhatt,6111704047,tanvi.naidu481@yahoo.com,42206,Nashik,Maharashtra,2025-06-17,Unknown
CUST003221,Aditya Chauhan,9016316295,arjun.malhotra54@outlook.com,400074,Mumbai,Maharashtra,2025-09-23,Organic Search
CUST003222,Riya Banerjee,9485888444,pooja.chatterjee60@rediffmail.com,221095,Varanasi,Uttar Pradesh,2025-11-26,Facebook Ads
CUST003223,Manoj Pillai,7766731552,neha.gupta712@outlook.com,380027,Ahmedabad,Gujarat,2024-11-25,Referral
CUST003224,Kavita Mukherjee,8856977104,ayesha.rathore858@yahoo.com,462089,Bhopal,Madhya Pradesh,2024-12-06,Facebook Ads
CUST003225,Pankaj Patel,9005251362,N/A,226023,Lucknow,Uttar Pradesh,2025-01-29,Unknown
CUST003226,Harpreet Rathore,6547121627,shreya.reddy247@yahoo.com,462003, Bhopal ,Madhya Pradesh,2025-04-28,Facebook Ads
CUST003227,Pankaj Mukherjee,9480233523,kavita.khan260@rediffmail.com,600030,Chennai,Tamil Nadu,2024-07-15,Unknown
CUST003228,Ravi Verma,6698155561,sunil.yadav771@gmail.com,395039,Surat,Gujarat,2025-03-23,Unknown
CUST003229,Diya Iyer,8658993335,N/A,400034,Mumbai,Maharashtra,2025-04-10,WhatsApp Reseller
CUST003230,Vikas Mishra,9280927714,vivaan.bhatt701@rediffmail.com,282032,Agra,Uttar Pradesh,2024-01-05,Facebook Ads
CUST003231,Lakshmi Rathore,7452164201,kavita.verma538@yahoo.com,600083,Chennai,Tamil Nadu,2025-10-12,Unknown
CUST003232,Sai Pillai,7159463338,N/A,842053,Muzaffarpur,Bihar,2025-09-18,Organic Search
CUST003233,Ayesha Shah,8337019363,jaspreet.shah536@outlook.com,625008,Madurai,Tamil Nadu,2026-01-06,Organic Search
CUST003234,Diya Desai,6545219092,krishna.patel988@rediffmail.com,221035,Varanasi,Uttar Pradesh,2024-11-18,WhatsApp Reseller
CUST003235,Jaspreet Sharma,8600797407,ramesh.rathore359@outlook.com,831096,Jamshedpur,Jharkhand,2025-05-24,WhatsApp Reseller
CUST003236,Priya Joshi,8468002209,N/A,208093,Kanpur,Uttar Pradesh,2025-05-25,WhatsApp Reseller
CUST003237,Suresh Kumar,8233412834,N/A,700059,Kolkata,West Bengal,2024-07-02,Organic Search
CUST003238,Sunita Mukherjee,6394689332,ravi.malhotra837@gmail.com,380027,Ahmedabad,Gujarat,2025-01-14,Referral
CUST003239,Sandeep Menon,9481532460,kiara.shah527@gmail.com,625000,Madurai,Tamil Nadu,2025-08-30,Referral
CUST003240,Pankaj Khan,9007894935,aarav.banerjee101@outlook.com,570026,Mysuru,Karnataka,2026-01-30,Referral
CUST003241,Manoj Menon,9810320224,geeta.nair696@yahoo.com,201040,Ghaziabad,Uttar Pradesh,2025-03-31,Unknown
CUST003242,Arjun Kumar,6940437814,anil.mukherjee542@outlook.com,823028,Gaya,Bihar,2025-07-02,Facebook Ads
CUST003243,Zoya Naidu,7005723953,rajesh.singh520@yahoo.com,221015,Varanasi,Uttar Pradesh,2025-12-23,WhatsApp Reseller
CUST003244,Simran Joshi,6442335215,rohit.reddy688@yahoo.com,580063,Hubli,Karnataka,2024-01-11,Organic Search
CUST003245,Geeta Gupta,6370359797,rekha.pillai931@gmail.com,452064,Indore,Madhya Pradesh,2025-09-19,WhatsApp Reseller
CUST003246,Pankaj Khan,7693949957,N/A,580007,Hubli,Karnataka,2024-10-07,Referral
CUST003247,Kavita Khan,7313863492,mohammed.sheikh690@yahoo.com,221077,Varanasi,Uttar Pradesh,2024-12-01,Referral
CUST003248,Deepak Banerjee,6030164040,N/A,282014,Agra,Uttar Pradesh,2025-10-23,WhatsApp Reseller
CUST003249,Myra Rao,6482199120,priya.malhotra295@gmail.com,440096,Nagpur,Maharashtra,2025-04-24,Unknown
CUST003250,Sai Chatterjee,Missing,pankaj.mukherjee966@outlook.com,800042,Patna,Bihar,2024-03-18,Unknown
CUST003251,Kiara Gupta,7149392822,gurpreet.shah871@outlook.com,208091,Kanpur,Uttar Pradesh,2025-05-19,Facebook Ads
CUST003252,Vikas Singh,7916527730,simran.kumar692@rediffmail.com,282029,Agra,Uttar Pradesh,2023-09-28,Referral
CUST003253,Tanvi Mukherjee,6646765172,geeta.malhotra725@rediffmail.com,695020,Thiruvananthapuram,Kerala,2025-08-16,Unknown
CUST003254,Jaspreet Chatterjee,8930015903,diya.iyer972@gmail.com,560074,Bengaluru,Karnataka,2025-03-06,Facebook Ads
CUST003255,Ayesha Iyer,9309066958,N/A,823050,Gaya,Bihar,2025-07-10,Instagram Ads
CUST003256,Zoya Gupta,Check Number,ishaan.malhotra550@rediffmail.com,580042,Hubli,Karnataka,2023-09-14,Organic Search
CUST003257,Isha Rao,6379440001,imran.yadav544@outlook.com,823006,Gaya,Bihar,2023-09-24,Instagram Ads
CUST003258,Sneha Das,6696892869,deepak.rao595@yahoo.com,751064,Bhubaneswar,Odisha,2025-01-12,Facebook Ads
CUST003259,Ishaan Kumar,6526057948,deepak.chatterjee543@gmail.com,713004,Asansol,West Bengal,2024-10-04,Organic Search
CUST003260,Diya Iyer,9984800203,kavita.chauhan873@gmail.com,713066,Asansol,West Bengal,2025-11-28,Referral
CUST003261,Harpreet Bhatt,7509155732,rohit.patel249@yahoo.com,500004,Hyderabad,Telangana,2024-08-11,Facebook Ads
CUST003262,Harpreet Sheikh,7209912423,saanvi.khan636@gmail.com,570010,Mysuru,Karnataka,2024-05-04,Organic Search
CUST003263,Sunita Kumar,7023948477,ravi.chauhan240@yahoo.com,695092,Thiruvananthapuram,Kerala,2024-02-12,Facebook Ads
CUST003264,Krishna Rathore,7169474341,krishna.menon771@rediffmail.com,641057,Coimbatore,Tamil Nadu,2025-12-23,Referral
CUST003265,Rohit Singh,8982194151,N/A,713083,Asansol,West Bengal,2025-12-01,Referral
CUST003266,Kiara Agarwal,8559953972,gurpreet.menon715@rediffmail.com,781002,Guwahati,Assam,2023-11-10,Facebook Ads
CUST003267,Diya Bhatt,7967071060,jaspreet.menon88@yahoo.com,400000,Mumbai,Maharashtra,2024-05-22,Facebook Ads
CUST003268,Gurpreet Das,8536560267,reyansh.bhatt177@gmail.com,201028,Ghaziabad,Uttar Pradesh,2025-02-03,WhatsApp Reseller
CUST003269,Ananya Nair,7484396099,vihaan.naidu470@yahoo.com,560XX0,Bengaluru,Karnataka,2025-07-25,Unknown
CUST003270,Shreya Bhatt,9535985153,rohit.verma732@yahoo.com,625083,Madurai,Tamil Nadu,2025-11-22,Instagram Ads
CUST003271,Imran Sharma,7800648615,deepak.naidu604@yahoo.com,781086,Guwahati,Assam,2024-05-24,Unknown
CUST003272,Neha Shah,9389996801,suresh.banerjee584@yahoo.com,570004,Mysuru,Karnataka,2024-02-28,Facebook Ads
CUST003273,Neha Das,6832551266,harpreet.shah68@outlook.com,800023,Patna,Bihar,2024-05-10,Facebook Ads
CUST003274,Ramesh Shah,9022963165,krishna.sheikh185@rediffmail.com,160037, Chandigarh ,Chandigarh,2025-06-02,Referral
CUST003275,Aarav Ansari,7777938640,N/A,500069,Hyderabad,Telangana,2024-12-01,Unknown
CUST003276,Jaspreet Rathore,8301226941,N/A,823060,Gaya,Bihar,2024-09-14,Referral
CUST003277,Ananya Agarwal,8932240840,geeta.das588@yahoo.com,753033,Cuttack,Odisha,2024-07-19,Facebook Ads
CUST003278,Amit Kumar,6291332276,aadhya.desai981@yahoo.com,842072,Muzaffarpur,Bihar,2024-04-10,Instagram Ads
CUST003279,Aditya Banerjee,8512998663,kavita.ansari31@rediffmail.com,380031,Ahmedabad,Gujarat,2023-12-23,Referral
CUST003280,Ayesha Reddy,Missing,sunita.nair982@gmail.com,831068,Jamshedpur,Jharkhand,2025-04-04,Organic Search
CUST003281,Aadhya Mukherjee,6953324335,ravi.desai769@rediffmail.com,713031,Asansol,West Bengal,2025-06-01,Facebook Ads
CUST003282,Geeta Pillai,6664485678,ayesha.rathore612@yahoo.com,842064,Muzaffarpur,Bihar,2025-05-05,Organic Search
CUST003283,Reyansh Singh,6637055456,reyansh.chatterjee280@gmail.com,422022,Nashik,Maharashtra,2024-01-06,Organic Search
CUST003284,Mohammed Sharma,7258140101,rajesh.sharma353@gmail.com,110093,New Delhi,Delhi,2025-03-25,Referral
CUST003285,Mohammed Rathore,6063551972,pooja.sheikh280@rediffmail.com,580047,Hubli,Karnataka,2025-03-26,Organic Search
CUST003286,Simran Pillai,8597220501,ayesha.sharma23@yahoo.com,462038,Bhopal,Madhya Pradesh,2025-09-15,Organic Search
CUST003287,Krishna Desai,9377555794,reyansh.ansari701@yahoo.com,600048,Chennai,Tamil Nadu,2024-01-05,Facebook Ads
CUST003288,Ishaan Shah,9291879375,myra.khan465@yahoo.com,700012,Kolkata,West Bengal,2025-08-02,WhatsApp Reseller
CUST003289,Vivaan Chauhan,8778540794,N/A,560023,Bengaluru,Karnataka,2025-09-08,Organic Search
CUST003290,Isha Rao,Missing,rajesh.banerjee468@yahoo.com,695000,Thiruvananthapuram,Kerala,2025-07-31,Organic Search
CUST003291,Gurpreet Chatterjee,Missing,sunita.chatterjee13@gmail.com,823094,Gaya,Bihar,2026-01-27,Unknown
CUST003292,Sunita Rathore,7372873576,N/A,440052,Nagpur,Maharashtra,2025-04-23,WhatsApp Reseller
CUST003293,Vihaan Shah,9741686744,pankaj.banerjee122@rediffmail.com,834084,Ranchi,Jharkhand,2024-06-06,Instagram Ads
CUST003294,Jaspreet Joshi,6006707603,riya.iyer777@rediffmail.com,226004,Lucknow,Uttar Pradesh,2025-01-25,Facebook Ads
CUST003295,Zoya Kumar,7128133094,kavita.verma123@gmail.com,282062,Agra,Uttar Pradesh,2025-11-04,Organic Search
CUST003296,Diya Pillai,Missing,ananya.malhotra434@outlook.com,823087,Gaya,Bihar,2025-10-15,WhatsApp Reseller
CUST003297,Priya Kumar,8887820282,saanvi.menon769@outlook.com,781040,Guwahati,Assam,2024-03-28,Instagram Ads
CUST003298,Kiara Sharma,6619546723,amit.ansari903@rediffmail.com,395013,Surat,Gujarat,2025-11-30,Referral
CUST003299,Lakshmi Reddy,6463547658,simran.pillai754@rediffmail.com,110098,New Delhi,Delhi,2025-07-04,Referral
CUST003300,Kiara Sheikh,9737021976,N/A,600053,Chennai,Tamil Nadu,2024-07-01,Facebook Ads
CUST003301,Zoya Mukherjee,8018299909,reyansh.verma175@outlook.com,682074,Kochi,Kerala,2025-07-27,WhatsApp Reseller
CUST003302,Vikas Pillai,7403906077,N/A,474076,Gwalior,Madhya Pradesh,2026-01-02,Referral
CUST003303,Rekha Rao,7024469439,N/A,682062,Kochi,Kerala,2025-01-16,Facebook Ads
CUST003304,Isha Kumar,7321301938,N/A,400059,Mumbai,Maharashtra,2025-03-22,Referral
CUST003305,Pooja Reddy,8629788235,aadhya.gupta948@rediffmail.com,110039,New Delhi,Delhi,2024-05-31,Instagram Ads
CUST003306,Saanvi Chatterjee,9168801771,rekha.pillai443@outlook.com,380005,Ahmedabad,Gujarat,2024-08-12,Facebook Ads
CUST003307,Ravi Pillai,6771421054,N/A,313012,Udaipur,Rajasthan,2025-01-19,Unknown
CUST003308,Anil Desai,6778585991,N/A,506059,Warangal,Telangana,2024-02-15,Organic Search
CUST003309,Rekha Bhatt,9264616150,suresh.sharma346@gmail.com,422004,Nashik,Maharashtra,2025-06-14,Referral
CUST003310,Rekha Menon,6407670347,lakshmi.kumar405@yahoo.com,834038,Ranchi,Jharkhand,2024-09-09,Facebook Ads
CUST003311,Farhan Verma,9219893835,aarav.gupta403@rediffmail.com,141007,Ludhiana,Punjab,2024-03-25,Instagram Ads
CUST003312,Krishna Singh,6342875673,N/A,500049,Hyderabad,Telangana,2025-03-04,Organic Search
CUST003313,Riya Kumar,8098569103,N/A,753031,Cuttack,Odisha,2025-10-31,WhatsApp Reseller
CUST003314,Shreya Chauhan,6659811579,saanvi.banerjee854@outlook.com,313066,Udaipur,Rajasthan,2025-10-11,WhatsApp Reseller
CUST003315,Vihaan Banerjee,9824817297,arjun.gupta697@rediffmail.com,143021,Amritsar,Punjab,2024-07-28,Instagram Ads
CUST003316,Sai Bhatt,6828829145,deepak.verma661@rediffmail.com,831036,Jamshedpur,Jharkhand,2025-07-28,Facebook Ads
CUST003317,Simran Mukherjee,7244392207,isha.khan113@gmail.com,842003,Muzaffarpur,Bihar,2024-06-08,Unknown
CUST003318,Neha Pillai,6672336935,N/A,751027,Bhubaneswar,Odisha,2024-02-05,Organic Search
CUST003319,Arjun Mukherjee,8617455637,aditya.singh533@outlook.com,474091,Gwalior,Madhya Pradesh,2025-04-15,Referral
CUST003320,Pooja Verma,6299262361,krishna.mukherjee450@outlook.com,570036,Mysuru,Karnataka,2025-07-23,Unknown
CUST003321,Aditya Mishra,8755230335,N/A,380000,Ahmedabad,Gujarat,2025-03-15,Unknown
CUST003322,Neha Shah,7212151108,aarav.sheikh619@rediffmail.com,302049,Jaipur,Rajasthan,2023-10-29,Facebook Ads
CUST003323,Reyansh Sheikh,6452860689,sai.chauhan757@rediffmail.com,700092,Kolkata,West Bengal,2024-12-23,Instagram Ads
CUST003324,Pooja Shah,9639160076,sai.sheikh429@rediffmail.com,342059,Jodhpur,Rajasthan,2025-09-12,Instagram Ads
CUST003325,Suresh Nair,6678530445,sandeep.agarwal911@rediffmail.com,422065,Nashik,Maharashtra,2023-12-19,WhatsApp Reseller
CUST003326,Ravi Nair,7350851127,lakshmi.malhotra667@gmail.com,781053,Guwahati,Assam,2023-10-08,Facebook Ads
CUST003327,Ramesh Ansari,Check Number,kavita.kumar381@outlook.com,411020,Pune,Maharashtra,2025-02-19,Referral
CUST003328,Vikas Sheikh,7891020874,rekha.desai597@yahoo.com,695042, Thiruvananthapuram ,Kerala,2024-05-06,Referral
CUST003329,Rekha Chatterjee,7584220865,vihaan.mishra511@rediffmail.com,75304,Cuttack,Odisha,2026-01-11,Organic Search
CUST003330,Sai Rao,6972732855,geeta.menon473@outlook.com,380032,Ahmedabad,Gujarat,2025-10-29,WhatsApp Reseller
CUST003331,Sunil Rathore,6657682996,N/A,580093,Hubli,Karnataka,2025-11-05,WhatsApp Reseller
CUST003332,Aditya Iyer,7598672419,N/A,570055,Mysuru,Karnataka,2024-09-01,Facebook Ads
CUST003333,Ishaan Mukherjee,8551465998,neha.reddy59@rediffmail.com,360013,Rajkot,Gujarat,2024-07-02,Referral
CUST003334,Riya Nair,9548338806,N/A,834010,Ranchi,Jharkhand,2025-01-26,Organic Search
CUST003335,Suresh Banerjee,6752409758,myra.khan800@yahoo.com,700060,Kolkata,West Bengal,2024-03-21,Referral
CUST003336,Sneha Bhatt,6603079843,N/A,422092,Nashik,Maharashtra,2025-04-03,WhatsApp Reseller
CUST003337,Vivaan Agarwal,7841370787,tanvi.reddy841@gmail.com,313011,Udaipur,Rajasthan,2025-04-08,Unknown
CUST003338,Simran Verma,6797646705,sneha.agarwal173@gmail.com,42208,Nashik,Maharashtra,2024-11-17,Unknown
CUST003339,Aarav Sheikh,6199068870,sunil.verma597@gmail.com,143020,Amritsar,Punjab,2024-11-30,Unknown
CUST003340,Gurpreet Iyer,6407942592,ananya.gupta982@yahoo.com,580041,Hubli,Karnataka,2025-06-18,Unknown
CUST003341,Rajesh Reddy,7701577441,ramesh.kumar120@rediffmail.com,201093,Ghaziabad,Uttar Pradesh,2025-02-15,WhatsApp Reseller
CUST003342,Neha Chauhan,7617568268,arjun.agarwal787@rediffmail.com,695046,Thiruvananthapuram,Kerala,2024-05-01,Instagram Ads
CUST003343,Aarav Das,9337591128,simran.gupta235@gmail.com,625066,Madurai,Tamil Nadu,2026-01-18,Organic Search
CUST003344,Suresh Sharma,8942535253,pankaj.das160@gmail.com,440049,Nagpur,Maharashtra,2025-11-01,Instagram Ads
CUST003345,Neha Iyer,8892821549,N/A,834001,Ranchi,Jharkhand,2024-03-28,Organic Search
CUST003346,Tanvi Rao,7389534910,ayesha.nair612@outlook.com,500028,Hyderabad,Telangana,2025-09-14,Unknown
CUST003347,Vikas Chatterjee,7882234091,sandeep.rathore711@rediffmail.com,506062,Warangal,Telangana,2026-01-20,WhatsApp Reseller
CUST003348,Geeta Rathore,9680798105,kiara.singh315@outlook.com,143020,Amritsar,Punjab,2024-11-20,Unknown
CUST003349,Jaspreet Ansari,7636285849,reyansh.rao656@rediffmail.com,380062,Ahmedabad,Gujarat,2025-01-12,WhatsApp Reseller
CUST003350,Kavita Sharma,8511524718,jaspreet.gupta830@gmail.com,580003,Hubli,Karnataka,2024-07-23,Unknown
CUST003351,Tanvi Chauhan,7863249487,simran.rathore918@yahoo.com,141096,Ludhiana,Punjab,2023-09-07,Facebook Ads
CUST003352,Sneha Pillai,8828146172,N/A,751071,Bhubaneswar,Odisha,2024-09-02,Organic Search
CUST003353,Riya Joshi,9884487949,N/A,682052,Kochi,Kerala,2025-09-20,WhatsApp Reseller
CUST003354,Ananya Agarwal,8693287434,N/A,411007,Pune,Maharashtra,2024-10-15,Referral
CUST003355,Aadhya Sheikh,8037350926,rajesh.patel352@yahoo.com,462060,Bhopal,Madhya Pradesh,2024-04-27,Referral
CUST003356,Isha Kumar,9002136139,ananya.reddy159@yahoo.com,395064,Surat,Gujarat,2024-07-24,Unknown
CUST003357,Imran Singh,7760786607,ravi.das296@yahoo.com,834058,Ranchi,Jharkhand,2025-04-11,Instagram Ads
CUST003358,Pankaj Kumar,6289985118,jaspreet.ansari995@gmail.com,682016,Kochi,Kerala,2024-06-25,Organic Search
CUST003359,Sandeep Mishra,8667465505,tanvi.gupta583@rediffmail.com,141016,Ludhiana,Punjab,2025-02-05,Instagram Ads
CUST003360,Rekha Mukherjee,6549475046,zoya.reddy263@yahoo.com,831083,Jamshedpur,Jharkhand,2026-01-23,WhatsApp Reseller
CUST003361,Kiara Sheikh,8805796873,N/A,411070,Pune,Maharashtra,2024-04-03,Referral
CUST003362,Sunil Mishra,6286653581,anil.rao563@rediffmail.com,422059,Nashik,Maharashtra,2024-03-03,Instagram Ads
CUST003363,Manoj Joshi,8515109346,myra.verma519@gmail.com,39508,Surat,Gujarat,2024-12-19,Organic Search
CUST003364,Ramesh Sharma,9631108485,simran.shah663@yahoo.com,695087,Thiruvananthapuram,Kerala,2025-04-23,Referral
CUST003365,Vivaan Singh,9964846159,krishna.das328@yahoo.com,143056, Amritsar ,Punjab,2025-05-21,Referral
CUST003366,Riya Malhotra,9509310617,N/A,282061,Agra,Uttar Pradesh,2025-07-24,Organic Search
CUST003367,Vihaan Agarwal,7595345479,ishaan.joshi925@gmail.com,560076,Bengaluru,Karnataka,2025-04-12,Instagram Ads
CUST003368,Ramesh Singh,7750148102,amit.ansari245@outlook.com,452091,Indore,Madhya Pradesh,2025-02-10,Organic Search
CUST003369,Shreya Naidu,7375435477,N/A,11008,New Delhi,Delhi,2024-01-04,WhatsApp Reseller
CUST003370,Lakshmi Malhotra,8791665914,N/A,226025,Lucknow,Uttar Pradesh,2025-02-22,Unknown
CUST003371,Amit Iyer,7589159654,riya.joshi155@outlook.com,452058,Indore,Madhya Pradesh,2025-10-09,WhatsApp Reseller
CUST003372,Simran Iyer,6489006067,kavita.sheikh507@outlook.com,313XX4,Udaipur,Rajasthan,2024-05-19,Unknown
CUST003373,Riya Desai,7892570267,rekha.patel362@outlook.com,422009,Nashik,Maharashtra,2026-01-01,Unknown
CUST003374,Imran Nair,9869036184,N/A,160074,Chandigarh,Chandigarh,2024-09-28,Organic Search
CUST003375,Anil Chatterjee,7003056441,sunil.banerjee562@outlook.com,474066,Gwalior,Madhya Pradesh,2025-11-18,Instagram Ads
CUST003376,Jaspreet Reddy,6839021573,rohit.sharma548@yahoo.com,834012,Ranchi,Jharkhand,2024-08-01,Facebook Ads
CUST003377,Anil Das,6098204816,saanvi.nair440@yahoo.com,380087,Ahmedabad,Gujarat,2024-10-09,Unknown
CUST003378,Zoya Joshi,9719652630,suresh.agarwal431@gmail.com,422017,Nashik,Maharashtra,2025-10-19,WhatsApp Reseller
CUST003379,Suresh Yadav,6374128391,farhan.ansari823@outlook.com,452096,Indore,Madhya Pradesh,2023-12-18,Unknown
CUST003380,Gurpreet Iyer,Check Number,kavita.patel285@gmail.com,400027,Mumbai,Maharashtra,2023-09-23,Organic Search
CUST003381,Sunita Ansari,6147342722,rajesh.naidu378@gmail.com,143084,Amritsar,Punjab,2026-01-01,Organic Search
CUST003382,Rekha Naidu,7068673643,N/A,800045,Patna,Bihar,2024-03-25,Unknown
CUST003383,Ishaan Bhatt,Missing,ravi.sheikh783@outlook.com,422013,Nashik,Maharashtra,2023-08-22,Organic Search
CUST003384,Tanvi Das,9479846503,vivaan.iyer393@gmail.com,302013, Jaipur ,Rajasthan,2025-05-29,Instagram Ads
CUST003385,Ravi Verma,8693963229,krishna.shah266@rediffmail.com,440048,Nagpur,Maharashtra,2024-05-03,Facebook Ads
CUST003386,Sandeep Chauhan,6619377061,sunita.bhatt548@gmail.com,751082,Bhubaneswar,Odisha,2024-06-16,Referral
CUST003387,Isha Desai,Check Number,neha.kumar36@outlook.com,580096,Hubli,Karnataka,2025-01-04,Organic Search
CUST003388,Deepak Malhotra,8648671436,rekha.desai910@yahoo.com,160010,Chandigarh,Chandigarh,2023-12-14,Referral
CUST003389,Shreya Chauhan,6251882816,amit.chatterjee934@yahoo.com,380037,Ahmedabad,Gujarat,2024-08-25,Facebook Ads
CUST003390,Arjun Nair,6922893709,geeta.malhotra179@outlook.com,342019,Jodhpur,Rajasthan,2025-12-29,Unknown
CUST003391,Aarav Kumar,8212400622,N/A,422051,Nashik,Maharashtra,2023-09-25,WhatsApp Reseller
CUST003392,Ananya Iyer,6290276999,neha.agarwal323@gmail.com,380071,Ahmedabad,Gujarat,2024-01-07,Organic Search
CUST003393,Deepak Joshi,8398374537,arjun.pillai191@outlook.com,753096,Cuttack,Odisha,2025-09-19,Instagram Ads
CUST003394,Saanvi Kumar,Check Number,sunil.verma400@rediffmail.com,580099,Hubli,Karnataka,2025-04-08,Unknown
CUST003395,Imran Iyer,9616252308,tanvi.mishra223@yahoo.com,462081,Bhopal,Madhya Pradesh,2024-01-04,Referral
CUST003396,Sandeep Kumar,Missing,N/A,221082,Varanasi,Uttar Pradesh,2025-02-02,Unknown
CUST003397,Ayesha Pillai,9639540022,ananya.agarwal726@outlook.com,641071,Coimbatore,Tamil Nadu,2023-12-08,Instagram Ads
CUST003398,Sunita Pillai,Missing,mohammed.chauhan30@yahoo.com,121081,Faridabad,Haryana,2025-08-25,Referral
CUST003399,Tanvi Verma,6800928210,rekha.rao944@outlook.com,422042,Nashik,Maharashtra,2026-01-24,WhatsApp Reseller
CUST003400,Ananya Yadav,6624295553,vihaan.desai490@gmail.com,474038,Gwalior,Madhya Pradesh,2023-09-23,Unknown
CUST003401,Manoj Ansari,9158754496,priya.bhatt155@rediffmail.com,422050,Nashik,Maharashtra,2025-01-29,WhatsApp Reseller
CUST003402,Neha Kumar,6143101609,vivaan.pillai442@outlook.com,221032,Varanasi,Uttar Pradesh,2024-08-28,Facebook Ads
CUST003403,Lakshmi Sheikh,7335741518,krishna.menon241@rediffmail.com,734087,Siliguri,West Bengal,2025-12-31,Referral
CUST003404,Vikas Pillai,6537999155,rohit.joshi734@outlook.com,831038, Jamshedpur ,Jharkhand,2025-04-21,Facebook Ads
CUST003405,Ayesha Singh,9243419173,N/A,462046,Bhopal,Madhya Pradesh,2025-07-25,Referral
CUST003406,Mohammed Iyer,7182700626,suresh.singh860@gmail.com,700099,Kolkata,West Bengal,2024-01-18,Organic Search
CUST003407,Geeta Chauhan,9286743339,manoj.pillai620@rediffmail.com,440099,Nagpur,Maharashtra,2024-04-18,WhatsApp Reseller
CUST003408,Rajesh Khan,7558031539,N/A,422045, Nashik ,Maharashtra,2025-03-24,Unknown
CUST003409,Arjun Mishra,7621973145,N/A,500065,Hyderabad,Telangana,2025-02-20,Referral
CUST003410,Harpreet Iyer,6160810745,N/A,452097,Indore,Madhya Pradesh,2024-03-01,Referral
CUST003411,Mohammed Singh,Check Number,deepak.joshi477@gmail.com,395059,Surat,Gujarat,2025-01-28,WhatsApp Reseller
CUST003412,Ishaan Malhotra,6003666063,simran.pillai484@gmail.com,823074,Gaya,Bihar,2024-04-18,Organic Search
CUST003413,Rajesh Khan,6524275090,shreya.singh345@yahoo.com,422087,Nashik,Maharashtra,2024-12-25,Facebook Ads
CUST003414,Ananya Nair,6452082350,N/A,110037,New Delhi,Delhi,2025-01-07,Organic Search
CUST003415,Rekha Iyer,6219170622,N/A,506097,Warangal,Telangana,2024-12-11,Unknown
CUST003416,Rajesh Sharma,7594283981,krishna.verma344@outlook.com,226010,Lucknow,Uttar Pradesh,2024-03-25,Facebook Ads
CUST003417,Ravi Sharma,9322917123,vihaan.agarwal917@rediffmail.com,69503,Thiruvananthapuram,Kerala,2025-07-14,Unknown
CUST003418,Sandeep Joshi,8803066569,harpreet.sharma742@gmail.com,380086,Ahmedabad,Gujarat,2024-04-17,Organic Search
CUST003419,Kiara Iyer,8430471427,aarav.mukherjee83@yahoo.com,560045,Bengaluru,Karnataka,2025-11-11,Organic Search
CUST003420,Harpreet Gupta,9196232686,sai.rao198@outlook.com,160060,Chandigarh,Chandigarh,2024-04-13,Instagram Ads
CUST003421,Sunil Sharma,7103446943,N/A,713060,Asansol,West Bengal,2025-01-31,Referral
CUST003422,Lakshmi Rathore,6122699519,suresh.patel621@rediffmail.com,143003,Amritsar,Punjab,2024-10-10,Referral
CUST003423,Imran Agarwal,7875334808,arjun.reddy448@gmail.com,600039,Chennai,Tamil Nadu,2024-01-10,Unknown
CUST003424,Neha Patel,7718980457,N/A,141071,Ludhiana,Punjab,2025-10-02,Unknown
CUST003425,Riya Kumar,8905304431,pankaj.mishra308@gmail.com,411082,Pune,Maharashtra,2024-09-27,Organic Search
CUST003426,Aditya Shah,9339735109,anil.reddy681@yahoo.com,400066,Mumbai,Maharashtra,2023-08-17,Unknown
CUST003427,Riya Chatterjee,9936663918,aditya.desai121@gmail.com,474029,Gwalior,Madhya Pradesh,2024-08-14,WhatsApp Reseller
CUST003428,Krishna Iyer,9348607177,zoya.menon804@gmail.com,781093,Guwahati,Assam,2025-02-03,WhatsApp Reseller
CUST003429,Manoj Sharma,6013885978,arjun.desai908@gmail.com,831XX3,Jamshedpur,Jharkhand,2024-11-21,Organic Search
CUST003430,Ayesha Singh,9979389269,sai.nair683@yahoo.com,560016,Bengaluru,Karnataka,2024-06-08,Unknown
CUST003431,Tanvi Sharma,7042143166,N/A,422050,Nashik,Maharashtra,2024-04-25,Instagram Ads
CUST003432,Anil Joshi,9833262100,rekha.chatterjee521@rediffmail.com,440072,Nagpur,Maharashtra,2025-09-12,Instagram Ads
CUST003433,Reyansh Desai,7308172607,ishaan.iyer132@gmail.com,831009,Jamshedpur,Jharkhand,2025-08-08,Unknown
CUST003434,Vihaan Naidu,8994018989,ayesha.yadav186@yahoo.com,834090,Ranchi,Jharkhand,2023-10-13,Referral
CUST003435,Suresh Mukherjee,6229570349,N/A,380015,Ahmedabad,Gujarat,2024-04-02,WhatsApp Reseller
CUST003436,Sunita Shah,6952098463,N/A,506038,Warangal,Telangana,2024-12-26,Unknown
CUST003437,Riya Das,6128029143,priya.kumar786@gmail.com,226033,Lucknow,Uttar Pradesh,2025-03-29,Facebook Ads
CUST003438,Ayesha Chatterjee,7680750096,lakshmi.nair915@yahoo.com,422067,Nashik,Maharashtra,2025-02-11,Organic Search
CUST003439,Deepak Malhotra,9899172352,N/A,452076,Indore,Madhya Pradesh,2023-11-07,Referral
CUST003440,Diya Reddy,9704313455,N/A,411078,Pune,Maharashtra,2026-01-08,Referral
CUST003441,Deepak Chatterjee,6180981660,rekha.desai564@gmail.com,440019,Nagpur,Maharashtra,2025-01-18,Referral
CUST003442,Manoj Ansari,6540335969,N/A,282079,Agra,Uttar Pradesh,2025-06-03,WhatsApp Reseller
CUST003443,Kavita Yadav,6776260949,gurpreet.malhotra492@rediffmail.com,580060,Hubli,Karnataka,2024-06-12,WhatsApp Reseller
CUST003444,Ananya Banerjee,9928041795,N/A,580028,Hubli,Karnataka,2024-07-18,Organic Search
CUST003445,Diya Rao,6384710689,saanvi.menon77@outlook.com,440057,Nagpur,Maharashtra,2025-12-29,Facebook Ads
CUST003446,Vihaan Malhotra,8597513012,geeta.nair24@gmail.com,695036, Thiruvananthapuram ,Kerala,2025-11-13,Facebook Ads
CUST003447,Ananya Rao,9726195843,N/A,625044,Madurai,Tamil Nadu,2023-12-11,Facebook Ads
CUST003448,Sneha Rathore,6857623623,suresh.sheikh108@yahoo.com,800043,Patna,Bihar,2025-07-17,Unknown
CUST003449,Mohammed Naidu,9870880635,N/A,700044,Kolkata,West Bengal,2023-08-29,Facebook Ads
CUST003450,Pankaj Singh,7169580068,N/A,360021,Rajkot,Gujarat,2025-08-03,Referral
CUST003451,Reyansh Menon,8723874848,simran.agarwal233@outlook.com,30206,Jaipur,Rajasthan,2025-09-06,WhatsApp Reseller
CUST003452,Zoya Ansari,6374214157,N/A,121034, Faridabad ,Haryana,2025-06-24,WhatsApp Reseller
CUST003453,Krishna Singh,9614943405,kiara.rao791@outlook.com,302012,Jaipur,Rajasthan,2024-12-14,Unknown
CUST003454,Mohammed Naidu,8589729550,N/A,713066,Asansol,West Bengal,2024-10-24,Instagram Ads
CUST003455,Pankaj Desai,7466297254,farhan.iyer814@rediffmail.com,400075,Mumbai,Maharashtra,2023-11-18,Instagram Ads
CUST003456,Zoya Naidu,6023097296,sandeep.joshi898@yahoo.com,395048,Surat,Gujarat,2024-01-02,Instagram Ads
CUST003457,Neha Verma,Missing,shreya.das883@yahoo.com,75301,Cuttack,Odisha,2026-01-07,Referral
CUST003458,Vihaan Pillai,7398868496,kavita.banerjee495@yahoo.com,831035,Jamshedpur,Jharkhand,2025-07-16,WhatsApp Reseller
CUST003459,Ananya Agarwal,8360569043,simran.das716@rediffmail.com,122096,Gurugram,Haryana,2025-07-29,Instagram Ads
CUST003460,Isha Gupta,Missing,vikas.sharma631@gmail.com,823026,Gaya,Bihar,2025-09-14,Referral
CUST003461,Shreya Joshi,Missing,vivaan.ansari851@rediffmail.com,700054,Kolkata,West Bengal,2025-10-28,Facebook Ads
CUST003462,Manoj Desai,Missing,arjun.das746@rediffmail.com,360078,Rajkot,Gujarat,2024-06-21,Unknown
CUST003463,Imran Khan,8805416318,ananya.agarwal861@outlook.com,834004,Ranchi,Jharkhand,2024-03-30,WhatsApp Reseller
CUST003464,Imran Reddy,Missing,aarav.chatterjee942@gmail.com,302090,Jaipur,Rajasthan,2025-10-19,WhatsApp Reseller
CUST003465,Krishna Menon,6330393758,aadhya.sheikh2@gmail.com,781011,Guwahati,Assam,2023-12-12,Instagram Ads
CUST003466,Mohammed Agarwal,7410290616,N/A,800009,Patna,Bihar,2024-06-09,WhatsApp Reseller
CUST003467,Aarav Patel,6271773268,gurpreet.agarwal659@outlook.com,56000,Bengaluru,Karnataka,2024-09-27,Organic Search
CUST003468,Manoj Naidu,8525676787,aarav.chatterjee922@rediffmail.com,831015,Jamshedpur,Jharkhand,2024-02-26,Organic Search
CUST003469,Sai Malhotra,8242699696,vikas.yadav529@outlook.com,751073,Bhubaneswar,Odisha,2025-10-29,WhatsApp Reseller
CUST003470,Aarav Iyer,9404970383,N/A,160045,Chandigarh,Chandigarh,2024-12-19,Referral
CUST003471,Kiara Sharma,8908245609,N/A,110025,New Delhi,Delhi,2024-07-30,Facebook Ads
CUST003472,Shreya Nair,7571338447,deepak.joshi76@yahoo.com,452076,Indore,Madhya Pradesh,2023-12-07,Unknown
CUST003473,Kiara Rao,8960660766,sai.kumar279@yahoo.com,695094,Thiruvananthapuram,Kerala,2024-09-28,Facebook Ads
CUST003474,Mohammed Das,8798005832,anil.chauhan652@yahoo.com,221055,Varanasi,Uttar Pradesh,2024-08-11,Referral
CUST003475,Sunil Rathore,6095927833,imran.shah740@outlook.com,110029,New Delhi,Delhi,2024-11-09,Organic Search
CUST003476,Simran Verma,6513822262,saanvi.banerjee782@rediffmail.com,695029,Thiruvananthapuram,Kerala,2025-11-14,WhatsApp Reseller
CUST003477,Vihaan Chatterjee,7526791388,farhan.rathore411@rediffmail.com,560078,Bengaluru,Karnataka,2023-09-19,Referral
CUST003478,Ishaan Shah,Check Number,N/A,395010,Surat,Gujarat,2024-08-07,Facebook Ads
CUST003479,Arjun Yadav,7647259856,N/A,342077,Jodhpur,Rajasthan,2026-01-24,Instagram Ads
CUST003480,Myra Verma,7673632515,N/A,121003,Faridabad,Haryana,2025-05-10,Referral
CUST003481,Pankaj Verma,9691713595,lakshmi.iyer423@gmail.com,302065,Jaipur,Rajasthan,2025-03-07,Organic Search
CUST003482,Sunil Kumar,6987833330,farhan.ansari636@outlook.com,160008,Chandigarh,Chandigarh,2024-05-18,Facebook Ads
CUST003483,Rohit Malhotra,6770012808,harpreet.rao874@rediffmail.com,400057,Mumbai,Maharashtra,2024-02-18,WhatsApp Reseller
CUST003484,Myra Nair,9835405256,N/A,751043,Bhubaneswar,Odisha,2024-07-18,WhatsApp Reseller
CUST003485,Lakshmi Joshi,6572750636,sunil.joshi924@yahoo.com,400020,Mumbai,Maharashtra,2025-12-13,Organic Search
CUST003486,Saanvi Gupta,Check Number,gurpreet.menon161@gmail.com,842023,Muzaffarpur,Bihar,2023-09-02,Unknown
CUST003487,Diya Mishra,7118082938,neha.reddy542@rediffmail.com,474082,Gwalior,Madhya Pradesh,2024-10-10,Facebook Ads
CUST003488,Tanvi Yadav,8567337610,ishaan.naidu450@outlook.com,141071,Ludhiana,Punjab,2025-11-07,Organic Search
CUST003489,Isha Pillai,7460570502,N/A,781099,Guwahati,Assam,2025-03-01,Facebook Ads
CUST003490,Kavita Bhatt,6245526746,N/A,570016,Mysuru,Karnataka,2024-02-03,Facebook Ads
CUST003491,Aarav Patel,7044840004,sneha.das281@outlook.com,110023,New Delhi,Delhi,2025-07-15,WhatsApp Reseller
CUST003492,Arjun Chauhan,7477204844,geeta.banerjee932@yahoo.com,141019,Ludhiana,Punjab,2024-09-07,Instagram Ads
CUST003493,Manoj Patel,8965598769,N/A,462097,Bhopal,Madhya Pradesh,2025-04-12,Referral
CUST003494,Kiara Chatterjee,9931824464,ravi.agarwal718@outlook.com,600042,Chennai,Tamil Nadu,2025-09-04,Unknown
CUST003495,Ramesh Khan,7096127348,sunita.naidu614@rediffmail.com,411038,Pune,Maharashtra,2024-09-14,Instagram Ads
CUST003496,Mohammed Ansari,6575494158,neha.shah126@rediffmail.com,302022,Jaipur,Rajasthan,2024-11-12,Referral
CUST003497,Zoya Ansari,9811655089,sunil.verma867@outlook.com,360072,Rajkot,Gujarat,2024-01-07,WhatsApp Reseller
CUST003498,Sneha Pillai,6802678224,harpreet.naidu617@yahoo.com,411099,Pune,Maharashtra,2025-12-02,Organic Search
CUST003499,Deepak Chatterjee,8156249937,N/A,380026,Ahmedabad,Gujarat,2025-04-05,Facebook Ads
CUST003500,Pankaj Shah,7984685857,vivaan.mukherjee18@rediffmail.com,506076,Warangal,Telangana,2025-01-18,Unknown
CUST003501,Pankaj Patel,Check Number,priya.yadav744@rediffmail.com,313074,Udaipur,Rajasthan,2024-01-10,WhatsApp Reseller
CUST003502,Kavita Verma,6768205426,amit.iyer283@yahoo.com,313011,Udaipur,Rajasthan,2025-01-28,Instagram Ads
CUST003503,Rohit Pillai,9848507013,sneha.kumar818@yahoo.com,753092,Cuttack,Odisha,2025-01-03,Unknown
CUST003504,Geeta Pillai,9208020110,rohit.mukherjee523@outlook.com,411037,Pune,Maharashtra,2025-01-17,Unknown
CUST003505,Aditya Shah,8526172827,N/A,302072,Jaipur,Rajasthan,2025-03-18,Organic Search
CUST003506,Aditya Patel,7010084952,priya.verma884@gmail.com,400027,Mumbai,Maharashtra,2025-05-20,Unknown
CUST003507,Isha Menon,8764947897,N/A,462083,Bhopal,Madhya Pradesh,2024-08-29,Unknown
CUST003508,Ayesha Banerjee,7663188297,isha.bhatt794@outlook.com,831089,Jamshedpur,Jharkhand,2025-05-13,Unknown
CUST003509,Mohammed Gupta,9357548452,farhan.iyer805@gmail.com,823068,Gaya,Bihar,2024-09-01,Facebook Ads
CUST003510,Gurpreet Menon,7803270554,ananya.chauhan969@rediffmail.com,160011,Chandigarh,Chandigarh,2024-03-18,Facebook Ads
CUST003511,Jaspreet Chatterjee,6790426613,deepak.yadav199@rediffmail.com,143066,Amritsar,Punjab,2026-01-26,Unknown
CUST003512,Mohammed Bhatt,6201327968,sandeep.desai832@outlook.com,143020,Amritsar,Punjab,2024-05-19,WhatsApp Reseller
CUST003513,Ananya Rathore,7903064167,vivaan.patel766@gmail.com,411023,Pune,Maharashtra,2026-01-21,Referral
CUST003514,Saanvi Iyer,7502109859,shreya.yadav705@gmail.com,625034,Madurai,Tamil Nadu,2024-08-25,Referral
CUST003515,Saanvi Naidu,6187274293,sai.mishra353@outlook.com,201024,Ghaziabad,Uttar Pradesh,2025-01-15,Referral
CUST003516,Ayesha Khan,8491780885,N/A,713090,Asansol,West Bengal,2024-06-05,Organic Search
CUST003517,Isha Patel,7045741298,harpreet.ansari723@yahoo.com,282072,Agra,Uttar Pradesh,2026-01-03,Facebook Ads
CUST003518,Kiara Gupta,Missing,ishaan.chauhan475@outlook.com,842012,Muzaffarpur,Bihar,2023-11-23,Unknown
CUST003519,Lakshmi Joshi,7878265003,ananya.malhotra214@rediffmail.com,625065,Madurai,Tamil Nadu,2024-03-21,Organic Search
CUST003520,Kiara Shah,7239530215,farhan.patel160@yahoo.com,302075,Jaipur,Rajasthan,2025-03-12,Instagram Ads
CUST003521,Tanvi Ansari,8079722810,N/A,751066,Bhubaneswar,Odisha,2024-02-08,Referral
CUST003522,Manoj Rao,7203609603,neha.desai981@outlook.com,208021,Kanpur,Uttar Pradesh,2024-08-10,Facebook Ads
CUST003523,Sunita Shah,9969091023,amit.nair454@gmail.com,380051,Ahmedabad,Gujarat,2025-12-02,WhatsApp Reseller
CUST003524,Ananya Reddy,7027304997,N/A,221035,Varanasi,Uttar Pradesh,2024-06-11,Organic Search
CUST003525,Farhan Agarwal,Missing,N/A,506097,Warangal,Telangana,2026-01-04,Unknown
CUST003526,Zoya Ansari,8912826424,neha.menon529@rediffmail.com,201051,Ghaziabad,Uttar Pradesh,2024-11-21,Instagram Ads
CUST003527,Rekha Chatterjee,7016127924,N/A,834041,Ranchi,Jharkhand,2023-11-16,WhatsApp Reseller
CUST003528,Rohit Menon,6146753015,vihaan.chatterjee364@outlook.com,141013,Ludhiana,Punjab,2025-07-05,Facebook Ads
CUST003529,Gurpreet Banerjee,6824404283,ananya.sharma43@rediffmail.com,641004,Coimbatore,Tamil Nadu,2023-10-02,Facebook Ads
CUST003530,Sunil Sheikh,7633313256,sai.agarwal178@outlook.com,751092,Bhubaneswar,Odisha,2024-10-10,Organic Search
CUST003531,Ishaan Pillai,7916169349,sai.mishra899@rediffmail.com,831070,Jamshedpur,Jharkhand,2023-12-03,Facebook Ads
CUST003532,Tanvi Desai,7075704648,tanvi.bhatt474@gmail.com,422026,Nashik,Maharashtra,2024-10-06,Facebook Ads
CUST003533,Geeta Iyer,9743121827,rajesh.bhatt429@outlook.com,682037,Kochi,Kerala,2025-10-10,Unknown
CUST003534,Manoj Das,9475609157,zoya.iyer108@rediffmail.com,121054,Faridabad,Haryana,2024-09-29,WhatsApp Reseller
CUST003535,Neha Kumar,9886223534,rohit.singh229@yahoo.com,342053,Jodhpur,Rajasthan,2025-06-10,Unknown
CUST003536,Ananya Chatterjee,9099394758,lakshmi.shah251@rediffmail.com,506019,Warangal,Telangana,2025-06-23,WhatsApp Reseller
CUST003537,Aarav Shah,6171548949,mohammed.verma382@yahoo.com,221049,Varanasi,Uttar Pradesh,2024-03-13,Referral
CUST003538,Suresh Joshi,6685964652,arjun.chatterjee887@outlook.com,641036,Coimbatore,Tamil Nadu,2023-10-20,Organic Search
CUST003539,Ramesh Das,9930700466,harpreet.bhatt864@rediffmail.com,842017,Muzaffarpur,Bihar,2025-04-20,Facebook Ads
CUST003540,Krishna Reddy,Missing,ananya.sharma405@rediffmail.com,823092,Gaya,Bihar,2024-09-23,Unknown
CUST003541,Amit Rao,6669354891,vivaan.bhatt166@gmail.com,122033,Gurugram,Haryana,2024-01-20,Instagram Ads
CUST003542,Rekha Singh,7399704983,N/A,842051,Muzaffarpur,Bihar,2023-11-12,WhatsApp Reseller
CUST003543,Geeta Chatterjee,9875264379,gurpreet.naidu832@outlook.com,834017,Ranchi,Jharkhand,2024-01-16,WhatsApp Reseller
CUST003544,Kavita Iyer,8982634945,aditya.chatterjee714@yahoo.com,160046,Chandigarh,Chandigarh,2024-12-03,Unknown
CUST003545,Sunil Verma,6410108987,ananya.banerjee585@gmail.com,282079,Agra,Uttar Pradesh,2024-07-05,Organic Search
CUST003546,Ishaan Bhatt,9959818370,neha.chauhan757@yahoo.com,313099,Udaipur,Rajasthan,2024-06-05,Instagram Ads
CUST003547,Geeta Verma,9674002867,reyansh.yadav813@gmail.com,282030,Agra,Uttar Pradesh,2024-05-05,Instagram Ads
CUST003548,Neha Agarwal,7556612824,kavita.kumar569@outlook.com,440096,Nagpur,Maharashtra,2023-09-30,Referral
CUST003549,Geeta Naidu,9044916073,rohit.chauhan714@rediffmail.com,560063,Bengaluru,Karnataka,2025-03-20,Unknown
CUST003550,Aditya Sharma,8365960754,N/A,400027,Mumbai,Maharashtra,2025-01-31,WhatsApp Reseller
CUST003551,Sandeep Das,9932152995,ravi.gupta762@outlook.com,221065,Varanasi,Uttar Pradesh,2025-07-19,Unknown
CUST003552,Lakshmi Kumar,6941254724,aadhya.verma778@yahoo.com,160068,Chandigarh,Chandigarh,2024-07-08,WhatsApp Reseller
CUST003553,Neha Reddy,9664705471,anil.desai409@gmail.com,831088,Jamshedpur,Jharkhand,2024-01-08,Organic Search
CUST003554,Sunita Sheikh,Missing,lakshmi.sharma901@yahoo.com,751065,Bhubaneswar,Odisha,2025-01-28,Unknown
CUST003555,Neha Das,8351717118,rohit.gupta958@yahoo.com,141015,Ludhiana,Punjab,2024-01-22,Referral
CUST003556,Isha Menon,6001959408,N/A,226026,Lucknow,Uttar Pradesh,2025-09-26,Organic Search
CUST003557,Ravi Ansari,Check Number,N/A,641093,Coimbatore,Tamil Nadu,2025-07-10,WhatsApp Reseller
CUST003558,Amit Das,6183185175,N/A,380087,Ahmedabad,Gujarat,2024-07-29,Referral
CUST003559,Vihaan Menon,7506983214,simran.iyer375@outlook.com,462080,Bhopal,Madhya Pradesh,2025-09-02,Referral
CUST003560,Manoj Bhatt,8115166955,ishaan.menon88@gmail.com,823013,Gaya,Bihar,2024-12-09,Instagram Ads
CUST003561,Tanvi Joshi,6707730983,N/A,831000,Jamshedpur,Jharkhand,2024-08-15,Facebook Ads
CUST003562,Riya Rao,9193225717,sai.rathore364@gmail.com,313013,Udaipur,Rajasthan,2025-05-02,Facebook Ads
CUST003563,Aadhya Banerjee,8987037844,shreya.pillai942@outlook.com,141055,Ludhiana,Punjab,2026-01-08,Facebook Ads
CUST003564,Gurpreet Shah,7223947800,vivaan.malhotra785@outlook.com,682046,Kochi,Kerala,2025-10-22,Organic Search
CUST003565,Mohammed Yadav,6099973482,neha.mukherjee11@rediffmail.com,360016,Rajkot,Gujarat,2024-02-19,Referral
CUST003566,Rohit Ansari,7237091442,rekha.rathore257@rediffmail.com,734027,Siliguri,West Bengal,2024-12-03,Referral
CUST003567,Ayesha Menon,6913307726,sunil.kumar518@outlook.com,800037,Patna,Bihar,2024-05-29,Unknown
CUST003568,Kavita Kumar,8802576998,N/A,143013,Amritsar,Punjab,2024-02-22,Organic Search
CUST003569,Deepak Patel,8518955394,neha.mukherjee173@yahoo.com,823067,Gaya,Bihar,2025-11-05,Organic Search
CUST003570,Gurpreet Gupta,9942234132,suresh.sheikh932@yahoo.com,160093,Chandigarh,Chandigarh,2025-11-15,Instagram Ads
CUST003571,Farhan Yadav,9035661973,N/A,160096,Chandigarh,Chandigarh,2024-05-12,Instagram Ads
CUST003572,Sunita Mishra,6200325866,vivaan.patel82@outlook.com,625091,Madurai,Tamil Nadu,2026-01-28,Unknown
CUST003573,Simran Mishra,7337971302,N/A,600027,Chennai,Tamil Nadu,2024-12-01,WhatsApp Reseller
CUST003574,Saanvi Naidu,7742086002,krishna.malhotra156@rediffmail.com,506009,Warangal,Telangana,2024-04-30,Unknown
CUST003575,Suresh Bhatt,7231748487,krishna.mukherjee147@gmail.com,625012,Madurai,Tamil Nadu,2024-05-09,Unknown
CUST003576,Kavita Sharma,9473836694,lakshmi.naidu215@rediffmail.com,395078,Surat,Gujarat,2023-12-31,Organic Search
CUST003577,Zoya Nair,8556059233,N/A,143097,Amritsar,Punjab,2025-02-03,Unknown
CUST003578,Rekha Nair,7850341359,jaspreet.verma882@outlook.com,411045,Pune,Maharashtra,2024-12-02,Unknown
CUST003579,Ayesha Patel,6087813299,reyansh.rao113@gmail.com,462088,Bhopal,Madhya Pradesh,2024-01-13,WhatsApp Reseller
CUST003580,Sneha Verma,7734599865,manoj.desai547@yahoo.com,360070,Rajkot,Gujarat,2024-01-29,Instagram Ads
CUST003581,Aarav Malhotra,6733599857,farhan.gupta136@yahoo.com,700044,Kolkata,West Bengal,2023-11-14,WhatsApp Reseller
CUST003582,Kavita Kumar,Check Number,shreya.mukherjee429@yahoo.com,395012, Surat ,Gujarat,2025-03-21,Unknown
CUST003583,Ayesha Khan,7933074232,myra.gupta792@gmail.com,781097,Guwahati,Assam,2024-09-10,WhatsApp Reseller
CUST003584,Aditya Yadav,7136615928,neha.desai444@yahoo.com,823046,Gaya,Bihar,2025-04-30,Organic Search
CUST003585,Sai Mishra,8133081511,vivaan.verma83@gmail.com,751042,Bhubaneswar,Odisha,2024-05-22,Unknown
CUST003586,Priya Naidu,7494156135,ayesha.banerjee202@gmail.com,160065,Chandigarh,Chandigarh,2025-10-14,Organic Search
CUST003587,Rajesh Gupta,8904012724,pankaj.malhotra889@outlook.com,160019,Chandigarh,Chandigarh,2023-10-02,Facebook Ads
CUST003588,Arjun Mishra,8627577778,saanvi.patel74@outlook.com,201026,Ghaziabad,Uttar Pradesh,2024-07-15,Instagram Ads
CUST003589,Kavita Reddy,6451655915,riya.joshi783@yahoo.com,600028,Chennai,Tamil Nadu,2024-03-03,Referral
CUST003590,Sneha Patel,Check Number,priya.pillai825@yahoo.com,342007,Jodhpur,Rajasthan,2025-10-08,Facebook Ads
CUST003591,Sandeep Chatterjee,Missing,sunita.kumar231@yahoo.com,411069,Pune,Maharashtra,2025-08-25,Instagram Ads
CUST003592,Reyansh Reddy,8887055480,deepak.pillai185@rediffmail.com,422073,Nashik,Maharashtra,2025-02-19,Facebook Ads
CUST003593,Simran Desai,7321532823,vihaan.gupta518@outlook.com,422096,Nashik,Maharashtra,2024-06-26,Instagram Ads
CUST003594,Vihaan Desai,9211384704,N/A,734006,Siliguri,West Bengal,2025-01-02,Unknown
CUST003595,Pankaj Pillai,7631573703,N/A,30205,Jaipur,Rajasthan,2023-11-11,Referral
CUST003596,Farhan Desai,6670231750,reyansh.sharma329@yahoo.com,600013,Chennai,Tamil Nadu,2025-07-18,Facebook Ads
CUST003597,Farhan Kumar,6986447133,kavita.singh164@gmail.com,452090,Indore,Madhya Pradesh,2024-12-11,Referral
CUST003598,Mohammed Bhatt,7818487867,deepak.gupta77@gmail.com,560005,Bengaluru,Karnataka,2025-07-31,Unknown
CUST003599,Vikas Khan,9316956285,simran.gupta924@outlook.com,302008,Jaipur,Rajasthan,2026-01-22,WhatsApp Reseller
CUST003600,Aarav Nair,9580827337,pankaj.menon808@outlook.com,122081,Gurugram,Haryana,2026-01-15,Referral
CUST003601,Pankaj Pillai,8868587325,sneha.nair228@outlook.com,734019,Siliguri,West Bengal,2024-08-17,Instagram Ads
CUST003602,Aadhya Desai,6196862113,sunil.yadav289@outlook.com,143004,Amritsar,Punjab,2024-06-04,Unknown
CUST003603,Manoj Das,9954900103,aarav.singh184@gmail.com,302072,Jaipur,Rajasthan,2025-07-12,Organic Search
CUST003604,Vihaan Patel,8992740339,arjun.nair156@yahoo.com,226086,Lucknow,Uttar Pradesh,2025-07-12,Unknown
CUST003605,Aditya Verma,9393513039,rajesh.kumar752@gmail.com,360008,Rajkot,Gujarat,2025-05-10,Referral
CUST003606,Sneha Kumar,6824325650,pooja.sheikh563@rediffmail.com,226085,Lucknow,Uttar Pradesh,2023-11-09,Instagram Ads
CUST003607,Anil Sheikh,8453157434,sunita.mukherjee430@rediffmail.com,580019,Hubli,Karnataka,2024-06-04,WhatsApp Reseller
CUST003608,Vihaan Iyer,9112170437,N/A,751098,Bhubaneswar,Odisha,2025-01-09,Organic Search
CUST003609,Aditya Shah,7769817164,isha.pillai762@outlook.com,823028,Gaya,Bihar,2024-06-09,Unknown
CUST003610,Sunita Chauhan,7510816588,vikas.gupta69@outlook.com,625061,Madurai,Tamil Nadu,2023-10-29,Instagram Ads
CUST003611,Ayesha Kumar,9066999551,pooja.verma254@yahoo.com,226019,Lucknow,Uttar Pradesh,2025-11-13,Organic Search
CUST003612,Ravi Joshi,Missing,N/A,580036,Hubli,Karnataka,2023-11-04,Referral
CUST003613,Harpreet Chauhan,8839821570,zoya.khan432@rediffmail.com,160017,Chandigarh,Chandigarh,2023-10-29,Organic Search
CUST003614,Aarav Rathore,8364493747,simran.joshi518@outlook.com,342091,Jodhpur,Rajasthan,2025-06-27,WhatsApp Reseller
CUST003615,Neha Rao,9157628948,amit.nair735@yahoo.com,831087,Jamshedpur,Jharkhand,2024-01-24,Organic Search
CUST003616,Ravi Naidu,6936766177,shreya.khan25@yahoo.com,143014,Amritsar,Punjab,2024-02-01,Referral
CUST003617,Sandeep Bhatt,9244400903,ishaan.das470@yahoo.com,411038,Pune,Maharashtra,2025-10-31,Organic Search
CUST003618,Vivaan Chatterjee,7300679928,saanvi.desai924@rediffmail.com,682043,Kochi,Kerala,2024-03-29,Organic Search
CUST003619,Tanvi Joshi,9011908047,sneha.desai786@gmail.com,400047,Mumbai,Maharashtra,2023-09-10,WhatsApp Reseller
CUST003620,Lakshmi Bhatt,7027258114,lakshmi.desai349@gmail.com,141051,Ludhiana,Punjab,2025-01-16,Referral
CUST003621,Rekha Chatterjee,8286677190,saanvi.bhatt906@outlook.com,208070,Kanpur,Uttar Pradesh,2025-08-08,Referral
CUST003622,Rajesh Mishra,7052917750,kiara.rao635@yahoo.com,462091,Bhopal,Madhya Pradesh,2024-02-09,WhatsApp Reseller
CUST003623,Harpreet Reddy,9043668995,pooja.singh108@rediffmail.com,221054,Varanasi,Uttar Pradesh,2023-11-09,Instagram Ads
CUST003624,Sandeep Singh,8610875986,rekha.naidu952@outlook.com,342069,Jodhpur,Rajasthan,2024-02-28,Instagram Ads
CUST003625,Sandeep Bhatt,7682483751,N/A,500084,Hyderabad,Telangana,2024-02-02,WhatsApp Reseller
CUST003626,Vikas Nair,8248348311,zoya.sharma411@rediffmail.com,682027,Kochi,Kerala,2025-02-08,Unknown
CUST003627,Anil Kumar,Missing,kiara.rathore985@rediffmail.com,842071,Muzaffarpur,Bihar,2024-12-11,Organic Search
CUST003628,Kavita Agarwal,8228248743,suresh.bhatt170@yahoo.com,395079,Surat,Gujarat,2025-04-14,Instagram Ads
CUST003629,Kavita Pillai,6006794719,N/A,440013,Nagpur,Maharashtra,2025-01-12,Facebook Ads
CUST003630,Simran Verma,9419903970,pankaj.chauhan763@gmail.com,395078,Surat,Gujarat,2025-07-25,Organic Search
CUST003631,Ananya Singh,9525470788,pankaj.agarwal941@rediffmail.com,110016,New Delhi,Delhi,2024-03-31,Facebook Ads
CUST003632,Suresh Khan,8099070194,zoya.khan969@rediffmail.com,411051,Pune,Maharashtra,2024-07-18,Instagram Ads
CUST003633,Kiara Banerjee,7403601278,aarav.shah955@gmail.com,121005,Faridabad,Haryana,2023-09-20,Referral
CUST003634,Ravi Nair,9887955299,vihaan.rao412@yahoo.com,141008,Ludhiana,Punjab,2024-02-27,Referral
CUST003635,Rohit Nair,7508340017,N/A,360083,Rajkot,Gujarat,2025-07-18,Referral
CUST003636,Suresh Gupta,7374956889,lakshmi.patel493@yahoo.com,313032,Udaipur,Rajasthan,2025-09-10,Organic Search
CUST003637,Pankaj Shah,9862055067,ishaan.nair398@gmail.com,342043,Jodhpur,Rajasthan,2025-02-27,WhatsApp Reseller
CUST003638,Sunil Rao,9277028748,anil.menon716@yahoo.com,122023,Gurugram,Haryana,2024-06-03,WhatsApp Reseller
CUST003639,Rajesh Shah,7065533517,sneha.desai387@rediffmail.com,625069,Madurai,Tamil Nadu,2023-08-20,Unknown
CUST003640,Deepak Agarwal,8161724053,deepak.mishra150@yahoo.com,751028,Bhubaneswar,Odisha,2025-04-16,Organic Search
CUST003641,Aadhya Das,8867115395,N/A,121008,Faridabad,Haryana,2025-04-17,Facebook Ads
CUST003642,Shreya Chauhan,Missing,amit.iyer143@outlook.com,474082,Gwalior,Madhya Pradesh,2025-12-12,Facebook Ads
CUST003643,Vihaan Menon,6136324938,jaspreet.iyer719@rediffmail.com,713047,Asansol,West Bengal,2025-05-10,WhatsApp Reseller
CUST003644,Pooja Desai,8616171327,N/A,751069,Bhubaneswar,Odisha,2025-11-12,Referral
CUST003645,Vihaan Yadav,9131212988,priya.yadav653@outlook.com,580030,Hubli,Karnataka,2024-07-05,Facebook Ads
CUST003646,Ramesh Sheikh,7930906582,N/A,313034,Udaipur,Rajasthan,2025-04-18,Referral
CUST003647,Anil Mukherjee,9168914908,N/A,462003,Bhopal,Madhya Pradesh,2024-12-02,Unknown
CUST003648,Deepak Reddy,7656756965,diya.verma607@rediffmail.com,342019,Jodhpur,Rajasthan,2024-03-02,Referral
CUST003649,Pooja Yadav,9701629988,gurpreet.menon366@rediffmail.com,834085,Ranchi,Jharkhand,2025-03-28,WhatsApp Reseller
CUST003650,Arjun Agarwal,9052573499,N/A,823026,Gaya,Bihar,2024-06-06,WhatsApp Reseller
CUST003651,Sunil Rao,7218432307,N/A,422084,Nashik,Maharashtra,2026-01-24,Organic Search
CUST003652,Rajesh Khan,8735972804,suresh.mishra302@outlook.com,834077,Ranchi,Jharkhand,2025-04-11,WhatsApp Reseller
CUST003653,Sunita Iyer,Missing,arjun.sheikh525@outlook.com,753028,Cuttack,Odisha,2024-08-27,Unknown
CUST003654,Deepak Desai,Missing,ravi.yadav420@rediffmail.com,700033,Kolkata,West Bengal,2024-08-21,Referral
CUST003655,Ramesh Joshi,9304000953,isha.yadav482@yahoo.com,201077,Ghaziabad,Uttar Pradesh,2025-04-17,Organic Search
CUST003656,Ishaan Menon,8414253360,manoj.bhatt444@gmail.com,110065,New Delhi,Delhi,2024-01-28,WhatsApp Reseller
CUST003657,Zoya Desai,8634285357,sandeep.yadav160@gmail.com,506052,Warangal,Telangana,2025-07-13,Unknown
CUST003658,Ayesha Chatterjee,6017696667,krishna.chatterjee420@yahoo.com,751081,Bhubaneswar,Odisha,2024-04-08,WhatsApp Reseller
CUST003659,Vikas Malhotra,9680002731,ishaan.menon430@rediffmail.com,141017,Ludhiana,Punjab,2025-02-17,Organic Search
CUST003660,Ishaan Agarwal,8021199064,ramesh.shah809@outlook.com,753073,Cuttack,Odisha,2024-06-19,Organic Search
CUST003661,Sunil Patel,6503182736,N/A,800094,Patna,Bihar,2023-10-22,Unknown
CUST003662,Vivaan Rathore,8793802839,deepak.rao557@gmail.com,625067,Madurai,Tamil Nadu,2025-11-09,Organic Search
CUST003663,Rajesh Sharma,Missing,N/A,380056,Ahmedabad,Gujarat,2024-11-15,Unknown
CUST003664,Deepak Gupta,6181107355,geeta.rathore263@rediffmail.com,580018,Hubli,Karnataka,2024-01-07,Instagram Ads
CUST003665,Aadhya Ansari,Check Number,ayesha.chauhan607@outlook.com,831087,Jamshedpur,Jharkhand,2024-02-13,Instagram Ads
CUST003666,Ishaan Chatterjee,9723346178,geeta.chauhan87@gmail.com,625082,Madurai,Tamil Nadu,2024-12-11,Organic Search
CUST003667,Krishna Joshi,8717993886,rekha.chauhan988@outlook.com,221071,Varanasi,Uttar Pradesh,2025-10-12,Organic Search
CUST003668,Suresh Joshi,7127731528,sunil.malhotra1@rediffmail.com,122051,Gurugram,Haryana,2024-04-28,WhatsApp Reseller
CUST003669,Mohammed Sheikh,8512858913,lakshmi.agarwal929@gmail.com,121079,Faridabad,Haryana,2024-02-05,Unknown
CUST003670,Tanvi Rathore,7430674167,myra.desai537@gmail.com,842090,Muzaffarpur,Bihar,2024-05-21,Organic Search
CUST003671,Kavita Joshi,9243724367,ishaan.reddy750@rediffmail.com,753053,Cuttack,Odisha,2024-12-29,Unknown
CUST003672,Lakshmi Ansari,7356130852,arjun.desai384@yahoo.com,781026,Guwahati,Assam,2024-02-28,Organic Search
CUST003673,Krishna Rathore,7457848399,N/A,141029,Ludhiana,Punjab,2023-10-13,Unknown
CUST003674,Shreya Shah,7701247101,kiara.rathore248@yahoo.com,221010,Varanasi,Uttar Pradesh,2024-12-11,Organic Search
CUST003675,Priya Chatterjee,9966242823,N/A,834004,Ranchi,Jharkhand,2025-05-18,Referral
CUST003676,Aadhya Sheikh,8338364548,myra.khan612@rediffmail.com,143085,Amritsar,Punjab,2024-04-24,Instagram Ads
CUST003677,Sunita Rao,Missing,jaspreet.menon799@yahoo.com,452055,Indore,Madhya Pradesh,2024-08-19,Facebook Ads
CUST003678,Farhan Shah,8563252588,isha.rathore134@gmail.com,823084,Gaya,Bihar,2024-04-08,Instagram Ads
CUST003679,Tanvi Naidu,6987313312,imran.yadav796@gmail.com,411030,Pune,Maharashtra,2023-11-20,Facebook Ads
CUST003680,Rajesh Agarwal,9017278539,kavita.sheikh746@outlook.com,580043,Hubli,Karnataka,2025-02-18,Instagram Ads
CUST003681,Sunil Kumar,6181012900,N/A,160072,Chandigarh,Chandigarh,2025-05-20,Organic Search
CUST003682,Ishaan Sharma,Missing,N/A,751067, Bhubaneswar ,Odisha,2026-01-31,WhatsApp Reseller
CUST003683,Diya Pillai,7981352833,ishaan.joshi753@rediffmail.com,734090,Siliguri,West Bengal,2025-01-30,WhatsApp Reseller
CUST003684,Pankaj Banerjee,7359886000,neha.ansari404@yahoo.com,580018,Hubli,Karnataka,2024-09-30,Unknown
CUST003685,Deepak Yadav,7357019165,ishaan.shah534@gmail.com,700089,Kolkata,West Bengal,2025-12-07,Facebook Ads
CUST003686,Reyansh Khan,Missing,krishna.kumar958@outlook.com,641059,Coimbatore,Tamil Nadu,2025-12-30,Instagram Ads
CUST003687,Jaspreet Chatterjee,9192247822,tanvi.nair703@yahoo.com,751066,Bhubaneswar,Odisha,2024-02-01,Referral
CUST003688,Anil Pillai,8366121123,sunil.kumar515@gmail.com,68206,Kochi,Kerala,2025-09-24,Facebook Ads
CUST003689,Lakshmi Mishra,7404384288,N/A,700069,Kolkata,West Bengal,2023-12-29,Referral
CUST003690,Shreya Agarwal,7859234463,N/A,302097,Jaipur,Rajasthan,2025-05-16,Organic Search
CUST003691,Myra Agarwal,6901076237,N/A,143027,Amritsar,Punjab,2024-03-31,Organic Search
CUST003692,Kiara Verma,6663267395,kavita.shah295@yahoo.com,506066,Warangal,Telangana,2025-03-24,Instagram Ads
CUST003693,Ayesha Yadav,7282331777,N/A,160089,Chandigarh,Chandigarh,2025-09-26,Organic Search
CUST003694,Imran Rao,8878066866,sunil.bhatt399@rediffmail.com,834003,Ranchi,Jharkhand,2024-01-25,Facebook Ads
CUST003695,Harpreet Patel,6179580495,suresh.verma224@rediffmail.com,360023,Rajkot,Gujarat,2024-12-27,Facebook Ads
CUST003696,Mohammed Mukherjee,9946329514,deepak.das466@gmail.com,700026,Kolkata,West Bengal,2023-11-29,Unknown
CUST003697,Aditya Iyer,9241674974,sunil.shah367@yahoo.com,121005,Faridabad,Haryana,2024-05-08,Unknown
CUST003698,Ishaan Malhotra,6814850618,anil.yadav255@rediffmail.com,160035,Chandigarh,Chandigarh,2024-08-25,WhatsApp Reseller
CUST003699,Sunita Ansari,7297830991,rajesh.patel697@yahoo.com,342025,Jodhpur,Rajasthan,2025-03-21,WhatsApp Reseller
CUST003700,Gurpreet Naidu,8532777705,vihaan.malhotra885@yahoo.com,360011, Rajkot ,Gujarat,2024-06-01,Organic Search
CUST003701,Simran Chauhan,6534975744,vihaan.singh647@rediffmail.com,143032,Amritsar,Punjab,2025-03-23,Organic Search
CUST003702,Diya Rao,6186435716,aarav.kumar615@outlook.com,141063,Ludhiana,Punjab,2025-06-27,WhatsApp Reseller
CUST003703,Imran Ansari,9142448394,N/A,221006,Varanasi,Uttar Pradesh,2025-01-30,Facebook Ads
CUST003704,Anil Das,Check Number,rohit.reddy559@yahoo.com,834043,Ranchi,Jharkhand,2024-12-07,Facebook Ads
CUST003705,Suresh Sheikh,9425943735,krishna.bhatt545@gmail.com,500064,Hyderabad,Telangana,2024-02-09,WhatsApp Reseller
CUST003706,Shreya Desai,9273872488,N/A,682052,Kochi,Kerala,2024-03-10,Facebook Ads
CUST003707,Tanvi Khan,6432699537,lakshmi.joshi895@yahoo.com,506078,Warangal,Telangana,2025-01-29,Unknown
CUST003708,Ananya Desai,9034899319,ravi.sheikh317@yahoo.com,160073,Chandigarh,Chandigarh,2025-08-12,Referral
CUST003709,Sandeep Das,9739211219,N/A,625001,Madurai,Tamil Nadu,2025-05-20,WhatsApp Reseller
CUST003710,Simran Shah,8467507504,arjun.sheikh138@yahoo.com,141013,Ludhiana,Punjab,2025-09-18,Unknown
CUST003711,Gurpreet Das,9146117769,N/A,695071,Thiruvananthapuram,Kerala,2024-11-21,WhatsApp Reseller
CUST003712,Shreya Shah,7952736741,N/A,313033,Udaipur,Rajasthan,2024-02-25,Instagram Ads
CUST003713,Kiara Bhatt,Check Number,reyansh.rathore210@rediffmail.com,313033,Udaipur,Rajasthan,2024-08-13,Unknown
CUST003714,Deepak Malhotra,7359551072,priya.khan730@rediffmail.com,221000,Varanasi,Uttar Pradesh,2025-04-21,Facebook Ads
CUST003715,Anil Kumar,9228989924,aarav.reddy913@gmail.com,695005,Thiruvananthapuram,Kerala,2024-03-27,Instagram Ads
CUST003716,Vikas Mukherjee,8993878885,isha.sheikh728@yahoo.com,600066,Chennai,Tamil Nadu,2025-10-02,Facebook Ads
CUST003717,Kavita Chatterjee,6463580805,anil.gupta446@yahoo.com,641075,Coimbatore,Tamil Nadu,2025-10-10,Facebook Ads
CUST003718,Sai Gupta,7801180386,aadhya.bhatt37@outlook.com,753048,Cuttack,Odisha,2024-08-13,Organic Search
CUST003719,Manoj Malhotra,6490066632,N/A,700016,Kolkata,West Bengal,2025-10-24,Unknown
CUST003720,Shreya Desai,Check Number,N/A,506046,Warangal,Telangana,2024-06-15,Facebook Ads
CUST003721,Sandeep Naidu,6309373297,ananya.desai828@gmail.com,50603,Warangal,Telangana,2024-10-09,WhatsApp Reseller
CUST003722,Ravi Pillai,8506665407,myra.menon673@outlook.com,160003,Chandigarh,Chandigarh,2025-04-12,Facebook Ads
CUST003723,Vikas Khan,7566257832,amit.pillai389@rediffmail.com,302050,Jaipur,Rajasthan,2023-09-02,Facebook Ads
CUST003724,Aarav Mukherjee,7719402071,N/A,313054,Udaipur,Rajasthan,2025-08-10,Facebook Ads
CUST003725,Ishaan Rao,7657552932,N/A,831022,Jamshedpur,Jharkhand,2024-07-31,Instagram Ads
CUST003726,Imran Menon,6886216494,vivaan.bhatt146@outlook.com,360009,Rajkot,Gujarat,2023-11-02,Facebook Ads
CUST003727,Rekha Agarwal,7172682155,isha.gupta594@yahoo.com,823009,Gaya,Bihar,2025-03-27,Instagram Ads
CUST003728,Arjun Malhotra,7961890783,rohit.nair260@yahoo.com,160083,Chandigarh,Chandigarh,2024-11-05,Organic Search
CUST003729,Zoya Singh,6320585374,kavita.mukherjee528@gmail.com,474022,Gwalior,Madhya Pradesh,2024-05-28,Instagram Ads
CUST003730,Tanvi Reddy,6914720080,ishaan.mukherjee467@yahoo.com,143068,Amritsar,Punjab,2025-07-16,Unknown
CUST003731,Lakshmi Agarwal,9705534353,imran.verma143@outlook.com,208040,Kanpur,Uttar Pradesh,2025-06-30,Instagram Ads
CUST003732,Harpreet Iyer,7711083790,rajesh.ansari925@gmail.com,500008,Hyderabad,Telangana,2023-11-20,Organic Search
CUST003733,Manoj Mukherjee,8880012539,N/A,625014,Madurai,Tamil Nadu,2025-07-11,Organic Search
CUST003734,Suresh Sharma,Missing,gurpreet.kumar982@rediffmail.com,313090,Udaipur,Rajasthan,2023-10-10,Referral
CUST003735,Rajesh Iyer,Check Number,N/A,474085,Gwalior,Madhya Pradesh,2025-04-03,Unknown
CUST003736,Kavita Ansari,8436322503,pooja.banerjee464@outlook.com,842091,Muzaffarpur,Bihar,2023-10-12,Unknown
CUST003737,Ishaan Kumar,6141873477,sneha.kumar390@rediffmail.com,208077,Kanpur,Uttar Pradesh,2024-02-09,Organic Search
CUST003738,Arjun Chauhan,6142308183,sandeep.khan462@yahoo.com,342098, Jodhpur ,Rajasthan,2025-12-28,Unknown
CUST003739,Saanvi Malhotra,6789023673,ramesh.naidu228@outlook.com,823054,Gaya,Bihar,2024-12-19,Organic Search
CUST003740,Reyansh Agarwal,7883221974,lakshmi.kumar250@gmail.com,440034,Nagpur,Maharashtra,2026-01-15,WhatsApp Reseller
CUST003741,Manoj Gupta,7105025381,simran.sharma865@rediffmail.com,422080,Nashik,Maharashtra,2025-11-14,Instagram Ads
CUST003742,Pankaj Nair,9545521808,mohammed.agarwal594@rediffmail.com,781033,Guwahati,Assam,2025-03-02,Organic Search
CUST003743,Kiara Patel,6608109984,mohammed.patel916@outlook.com,110077,New Delhi,Delhi,2024-08-26,WhatsApp Reseller
CUST003744,Priya Bhatt,8341842435,priya.rathore114@rediffmail.com,400029,Mumbai,Maharashtra,2025-08-08,Facebook Ads
CUST003745,Zoya Desai,8737257730,N/A,122075,Gurugram,Haryana,2024-07-19,Facebook Ads
CUST003746,Ananya Sheikh,9726257622,geeta.rathore167@rediffmail.com,781011,Guwahati,Assam,2025-03-25,Instagram Ads
CUST003747,Sandeep Mishra,Missing,vihaan.shah169@outlook.com,208084,Kanpur,Uttar Pradesh,2024-01-31,Organic Search
CUST003748,Harpreet Ansari,6585822793,rohit.chatterjee367@gmail.com,440039,Nagpur,Maharashtra,2024-09-25,Organic Search
CUST003749,Tanvi Chauhan,6128110180,kiara.bhatt949@gmail.com,42201,Nashik,Maharashtra,2024-05-15,Instagram Ads
CUST003750,Neha Verma,6217720744,isha.pillai984@yahoo.com,201083,Ghaziabad,Uttar Pradesh,2025-04-07,Organic Search
CUST003751,Manoj Nair,8198287048,farhan.shah204@outlook.com,342061,Jodhpur,Rajasthan,2025-08-15,Referral
CUST003752,Ramesh Malhotra,6687754118,geeta.banerjee172@outlook.com,751073,Bhubaneswar,Odisha,2023-09-15,WhatsApp Reseller
CUST003753,Harpreet Singh,6276309015,N/A,122010,Gurugram,Haryana,2024-12-13,Facebook Ads
CUST003754,Sunita Das,9654209866,pooja.mukherjee983@gmail.com,506063,Warangal,Telangana,2025-03-17,Instagram Ads
CUST003755,Ananya Gupta,6167443619,saanvi.rathore331@yahoo.com,282055,Agra,Uttar Pradesh,2024-01-25,WhatsApp Reseller
CUST003756,Simran Rao,7524624702,N/A,834042,Ranchi,Jharkhand,2025-07-03,Facebook Ads
CUST003757,Harpreet Malhotra,9910992208,rajesh.mukherjee520@yahoo.com,682046,Kochi,Kerala,2024-11-21,Instagram Ads
CUST003758,Ananya Mukherjee,Missing,N/A,713075,Asansol,West Bengal,2024-06-27,Referral
CUST003759,Amit Mishra,8591253685,N/A,201015,Ghaziabad,Uttar Pradesh,2024-09-17,Facebook Ads
CUST003760,Rohit Sheikh,9708395406,reyansh.banerjee30@rediffmail.com,452081,Indore,Madhya Pradesh,2024-02-22,Instagram Ads
CUST003761,Vihaan Pillai,8512812184,ayesha.banerjee507@yahoo.com,462072,Bhopal,Madhya Pradesh,2025-07-23,Instagram Ads
CUST003762,Ravi Rao,7025836682,vihaan.banerjee966@yahoo.com,208080,Kanpur,Uttar Pradesh,2025-07-18,Organic Search
CUST003763,Geeta Das,7876798976,aadhya.nair91@yahoo.com,110062,New Delhi,Delhi,2025-10-14,Referral
CUST003764,Pankaj Nair,7414198102,N/A,411027,Pune,Maharashtra,2024-10-25,Instagram Ads
CUST003765,Diya Menon,7382781469,geeta.banerjee481@gmail.com,400067,Mumbai,Maharashtra,2023-10-31,WhatsApp Reseller
CUST003766,Simran Rao,9381294657,tanvi.verma661@yahoo.com,500012,Hyderabad,Telangana,2024-08-17,WhatsApp Reseller
CUST003767,Zoya Shah,6664017489,anil.sheikh43@gmail.com,411003,Pune,Maharashtra,2025-08-18,Unknown
CUST003768,Saanvi Patel,9146703128,sunil.naidu87@yahoo.com,380015,Ahmedabad,Gujarat,2025-06-15,Facebook Ads
CUST003769,Simran Rathore,9322217050,imran.mishra749@gmail.com,734072,Siliguri,West Bengal,2025-07-31,Facebook Ads
CUST003770,Ishaan Joshi,9053268667,krishna.yadav529@outlook.com,560069,Bengaluru,Karnataka,2025-05-04,Facebook Ads
CUST003771,Sai Iyer,6195266533,vikas.bhatt464@yahoo.com,141093,Ludhiana,Punjab,2025-08-13,Unknown
CUST003772,Ramesh Rathore,8277185516,N/A,700071,Kolkata,West Bengal,2025-02-03,Instagram Ads
CUST003773,Simran Verma,6156405873,ananya.sheikh185@rediffmail.com,781068,Guwahati,Assam,2024-08-22,WhatsApp Reseller
CUST003774,Sandeep Nair,Missing,N/A,160051,Chandigarh,Chandigarh,2024-11-03,WhatsApp Reseller
CUST003775,Priya Rathore,6373887240,aditya.naidu142@rediffmail.com,160019,Chandigarh,Chandigarh,2025-09-22,Unknown
CUST003776,Sai Singh,6813797241,priya.patel963@yahoo.com,282052,Agra,Uttar Pradesh,2024-06-22,WhatsApp Reseller
CUST003777,Krishna Bhatt,6334078142,amit.banerjee254@yahoo.com,360040,Rajkot,Gujarat,2025-02-15,WhatsApp Reseller
CUST003778,Zoya Ansari,9879963238,ramesh.bhatt308@yahoo.com,500058,Hyderabad,Telangana,2025-03-10,Facebook Ads
CUST003779,Sai Bhatt,8396775362,amit.sharma146@outlook.com,282042,Agra,Uttar Pradesh,2025-03-20,WhatsApp Reseller
CUST003780,Pooja Chauhan,6770214745,aditya.agarwal83@rediffmail.com,422081,Nashik,Maharashtra,2025-09-01,Unknown
CUST003781,Sunil Desai,9543170678,ayesha.chauhan871@outlook.com,641087,Coimbatore,Tamil Nadu,2023-12-12,Unknown
CUST003782,Pankaj Pillai,9308253900,kiara.gupta387@outlook.com,625000,Madurai,Tamil Nadu,2024-06-23,Facebook Ads
CUST003783,Ananya Iyer,9660640646,kavita.joshi865@outlook.com,30206,Jaipur,Rajasthan,2023-08-28,Instagram Ads
CUST003784,Deepak Rathore,8831312978,imran.kumar592@outlook.com,395067,Surat,Gujarat,2024-02-27,WhatsApp Reseller
CUST003785,Simran Sheikh,6139554340,tanvi.ansari81@outlook.com,380084,Ahmedabad,Gujarat,2023-11-10,Unknown
CUST003786,Lakshmi Bhatt,9869772887,ramesh.sharma373@gmail.com,462000,Bhopal,Madhya Pradesh,2025-12-06,Instagram Ads
CUST003787,Pankaj Shah,6009631800,N/A,462009,Bhopal,Madhya Pradesh,2025-06-05,WhatsApp Reseller
CUST003788,Aadhya Naidu,Missing,N/A,208012,Kanpur,Uttar Pradesh,2024-10-26,Organic Search
CUST003789,Krishna Shah,Check Number,deepak.gupta357@rediffmail.com,313040,Udaipur,Rajasthan,2026-01-25,WhatsApp Reseller
CUST003790,Manoj Menon,9119690213,rekha.banerjee825@gmail.com,713082,Asansol,West Bengal,2025-04-17,WhatsApp Reseller
CUST003791,Sneha Pillai,7712904240,N/A,208067,Kanpur,Uttar Pradesh,2024-07-03,Facebook Ads
CUST003792,Sunita Reddy,9299139041,neha.agarwal876@gmail.com,226027,Lucknow,Uttar Pradesh,2024-04-18,Organic Search
CUST003793,Vihaan Pillai,9191585308,N/A,313094,Udaipur,Rajasthan,2026-01-12,Unknown
CUST003794,Harpreet Yadav,Missing,suresh.gupta734@outlook.com,695034,Thiruvananthapuram,Kerala,2025-07-12,Unknown
CUST003795,Kiara Patel,7376345962,ramesh.reddy916@rediffmail.com,141090,Ludhiana,Punjab,2024-11-13,Facebook Ads
CUST003796,Tanvi Rao,6766609654,harpreet.pillai942@yahoo.com,695080,Thiruvananthapuram,Kerala,2023-10-03,Unknown
CUST003797,Ramesh Das,7738488761,vihaan.ansari940@rediffmail.com,110068,New Delhi,Delhi,2024-10-26,Referral
CUST003798,Aditya Agarwal,7197285802,aarav.rathore163@gmail.com,580088,Hubli,Karnataka,2024-05-31,Referral
CUST003799,Kavita Ansari,8786015804,aadhya.menon625@gmail.com,141065,Ludhiana,Punjab,2024-08-11,Instagram Ads
CUST003800,Sneha Yadav,7077207802,ananya.sheikh471@yahoo.com,400005,Mumbai,Maharashtra,2025-04-02,Unknown
CUST003801,Tanvi Desai,8769304510,rekha.agarwal731@yahoo.com,380039,Ahmedabad,Gujarat,2023-12-11,Referral
CUST003802,Sneha Kumar,9890550778,kiara.desai586@rediffmail.com,422084,Nashik,Maharashtra,2025-01-14,WhatsApp Reseller
CUST003803,Pankaj Pillai,7502652879,aditya.agarwal329@outlook.com,122095,Gurugram,Haryana,2025-04-11,Organic Search
CUST003804,Krishna Verma,7057541003,N/A,506093,Warangal,Telangana,2024-07-09,Facebook Ads
CUST003805,Ravi Mukherjee,7294292840,imran.reddy240@rediffmail.com,360020,Rajkot,Gujarat,2025-10-02,WhatsApp Reseller
CUST003806,Priya Singh,9188285332,N/A,781088,Guwahati,Assam,2023-12-16,WhatsApp Reseller
CUST003807,Tanvi Shah,8674090614,sandeep.banerjee693@yahoo.com,641003,Coimbatore,Tamil Nadu,2024-07-27,Referral
CUST003808,Imran Sharma,8861141635,sandeep.naidu877@rediffmail.com,160067,Chandigarh,Chandigarh,2025-09-30,Organic Search
CUST003809,Myra Mukherjee,8767163447,N/A,800096,Patna,Bihar,2024-09-29,Organic Search
CUST003810,Vihaan Khan,Check Number,aadhya.malhotra593@outlook.com,713052,Asansol,West Bengal,2025-05-22,Facebook Ads
CUST003811,Deepak Khan,7075047570,shreya.mishra313@gmail.com,682015,Kochi,Kerala,2024-03-27,Referral
CUST003812,Isha Ansari,8959318571,vikas.chatterjee836@gmail.com,682032,Kochi,Kerala,2023-10-10,WhatsApp Reseller
CUST003813,Harpreet Iyer,Check Number,N/A,452092,Indore,Madhya Pradesh,2025-03-28,Unknown
CUST003814,Krishna Nair,8190477186,kiara.sharma535@rediffmail.com,462080,Bhopal,Madhya Pradesh,2024-03-04,WhatsApp Reseller
CUST003815,Neha Gupta,8017497136,N/A,781075,Guwahati,Assam,2025-08-01,Unknown
CUST003816,Manoj Chauhan,9865179385,N/A,570058,Mysuru,Karnataka,2025-05-01,Instagram Ads
CUST003817,Vikas Gupta,9715787293,aarav.rao830@gmail.com,560002,Bengaluru,Karnataka,2025-03-02,WhatsApp Reseller
CUST003818,Zoya Chatterjee,7587887022,shreya.iyer817@rediffmail.com,600099,Chennai,Tamil Nadu,2025-07-04,Organic Search
CUST003819,Ayesha Banerjee,8948307413,krishna.sheikh303@rediffmail.com,160097,Chandigarh,Chandigarh,2024-03-30,Organic Search
CUST003820,Jaspreet Iyer,9117139608,kavita.desai131@gmail.com,221093,Varanasi,Uttar Pradesh,2025-07-01,Unknown
CUST003821,Ayesha Mukherjee,9805610621,imran.yadav191@outlook.com,282018,Agra,Uttar Pradesh,2025-11-19,Unknown
CUST003822,Rohit Das,9773798890,tanvi.agarwal516@rediffmail.com,201026,Ghaziabad,Uttar Pradesh,2025-11-26,Referral
CUST003823,Sunil Banerjee,6322124954,N/A,713042,Asansol,West Bengal,2024-02-27,Unknown
CUST003824,Arjun Agarwal,8277834046,farhan.verma294@outlook.com,400083,Mumbai,Maharashtra,2025-02-14,Facebook Ads
CUST003825,Diya Nair,Missing,ayesha.banerjee207@gmail.com,695081,Thiruvananthapuram,Kerala,2024-08-08,Organic Search
CUST003826,Ramesh Banerjee,7566094469,N/A,625032,Madurai,Tamil Nadu,2025-04-13,Organic Search
CUST003827,Ishaan Mukherjee,9616829689,tanvi.pillai571@gmail.com,143018,Amritsar,Punjab,2024-12-10,Organic Search
CUST003828,Tanvi Joshi,8886802263,reyansh.malhotra281@gmail.com,781084,Guwahati,Assam,2024-12-22,Organic Search
CUST003829,Diya Malhotra,Missing,kavita.nair369@outlook.com,641071,Coimbatore,Tamil Nadu,2024-11-16,Unknown
CUST003830,Vihaan Gupta,8804695755,diya.banerjee713@outlook.com,360032,Rajkot,Gujarat,2024-09-26,Organic Search
CUST003831,Amit Shah,9984517438,arjun.menon539@gmail.com,400005,Mumbai,Maharashtra,2023-11-19,Facebook Ads
CUST003832,Shreya Desai,7217841516,reyansh.menon818@outlook.com,682046,Kochi,Kerala,2023-11-07,Unknown
CUST003833,Jaspreet Iyer,7197640393,simran.kumar452@rediffmail.com,226036,Lucknow,Uttar Pradesh,2024-12-09,Instagram Ads
CUST003834,Arjun Yadav,9552086207,rajesh.naidu276@yahoo.com,641057,Coimbatore,Tamil Nadu,2024-08-17,WhatsApp Reseller
CUST003835,Gurpreet Menon,9218081636,N/A,282070,Agra,Uttar Pradesh,2024-10-17,Referral
CUST003836,Neha Sharma,9570618516,N/A,221027,Varanasi,Uttar Pradesh,2023-10-12,Referral
CUST003837,Mohammed Rathore,Missing,simran.joshi191@outlook.com,831018,Jamshedpur,Jharkhand,2023-11-04,Unknown
CUST003838,Aditya Mishra,8480487340,deepak.gupta477@rediffmail.com,600093,Chennai,Tamil Nadu,2024-05-31,Organic Search
CUST003839,Saanvi Gupta,Missing,manoj.khan191@rediffmail.com,313XX5,Udaipur,Rajasthan,2025-04-14,WhatsApp Reseller
CUST003840,Sai Menon,7816727966,neha.gupta840@gmail.com,141006,Ludhiana,Punjab,2025-02-27,Instagram Ads
CUST003841,Ananya Verma,6083708905,geeta.chauhan639@rediffmail.com,282078,Agra,Uttar Pradesh,2024-05-09,WhatsApp Reseller
CUST003842,Imran Das,9768979903,kiara.malhotra719@rediffmail.com,800074,Patna,Bihar,2025-03-21,Unknown
CUST003843,Harpreet Sheikh,8419893209,rajesh.shah254@outlook.com,834075,Ranchi,Jharkhand,2024-06-29,Organic Search
CUST003844,Gurpreet Iyer,9157899370,N/A,342015,Jodhpur,Rajasthan,2024-12-12,WhatsApp Reseller
CUST003845,Jaspreet Gupta,9947693257,vihaan.das918@rediffmail.com,226003,Lucknow,Uttar Pradesh,2024-03-14,Unknown
CUST003846,Aditya Nair,6253523484,amit.ansari101@yahoo.com,141074,Ludhiana,Punjab,2024-08-10,Unknown
CUST003847,Lakshmi Mukherjee,8052843044,sneha.kumar282@outlook.com,342046, Jodhpur ,Rajasthan,2024-11-15,Referral
CUST003848,Harpreet Nair,8378262594,rekha.agarwal842@yahoo.com,734080,Siliguri,West Bengal,2025-05-23,Referral
CUST003849,Farhan Mishra,8767602440,N/A,800097,Patna,Bihar,2024-05-24,Referral
CUST003850,Ananya Singh,9844150568,ishaan.joshi985@outlook.com,208006,Kanpur,Uttar Pradesh,2024-10-01,Instagram Ads
CUST003851,Lakshmi Banerjee,8228392472,shreya.khan704@gmail.com,342011,Jodhpur,Rajasthan,2024-07-01,Unknown
CUST003852,Ishaan Mukherjee,8259623741,sai.ansari108@yahoo.com,734031,Siliguri,West Bengal,2023-12-12,Referral
CUST003853,Saanvi Mishra,9220215442,pankaj.shah240@rediffmail.com,570056,Mysuru,Karnataka,2024-10-04,Organic Search
CUST003854,Ishaan Khan,6620922751,N/A,28202,Agra,Uttar Pradesh,2026-01-29,Unknown
CUST003855,Sneha Banerjee,6099964124,zoya.banerjee809@gmail.com,221008,Varanasi,Uttar Pradesh,2025-08-20,Referral
CUST003856,Neha Bhatt,6172346603,rajesh.sharma126@yahoo.com,474063,Gwalior,Madhya Pradesh,2024-10-29,WhatsApp Reseller
CUST003857,Suresh Naidu,9921903287,krishna.chauhan870@gmail.com,422XX9,Nashik,Maharashtra,2025-06-10,WhatsApp Reseller
CUST003858,Pankaj Pillai,7201073558,amit.gupta920@gmail.com,781010,Guwahati,Assam,2023-09-01,Unknown
CUST003859,Amit Desai,7650882903,krishna.joshi432@gmail.com,160077,Chandigarh,Chandigarh,2024-12-06,Organic Search
CUST003860,Isha Verma,7455538109,rohit.desai996@rediffmail.com,700070,Kolkata,West Bengal,2024-01-21,WhatsApp Reseller
CUST003861,Ananya Chauhan,8814302345,anil.desai911@yahoo.com,506098,Warangal,Telangana,2023-10-26,Organic Search
CUST003862,Reyansh Yadav,8557605878,krishna.mishra398@yahoo.com,302001,Jaipur,Rajasthan,2024-03-20,WhatsApp Reseller
CUST003863,Lakshmi Iyer,Check Number,geeta.khan118@outlook.com,141067,Ludhiana,Punjab,2025-10-28,Facebook Ads
CUST003864,Anil Yadav,Missing,rajesh.mukherjee519@outlook.com,734042,Siliguri,West Bengal,2025-10-09,Referral
CUST003865,Deepak Desai,7515753809,zoya.joshi708@rediffmail.com,823098,Gaya,Bihar,2024-03-25,Unknown
CUST003866,Reyansh Pillai,6979293625,aditya.sheikh300@gmail.com,422074,Nashik,Maharashtra,2025-05-14,Facebook Ads
CUST003867,Aditya Joshi,Missing,diya.joshi453@yahoo.com,342068,Jodhpur,Rajasthan,2025-01-05,Unknown
CUST003868,Suresh Mukherjee,6263695800,priya.joshi678@gmail.com,700045,Kolkata,West Bengal,2024-12-15,Organic Search
CUST003869,Krishna Gupta,7993197330,gurpreet.ansari519@outlook.com,734030,Siliguri,West Bengal,2024-04-05,Referral
CUST003870,Diya Mukherjee,6995290306,zoya.yadav628@rediffmail.com,823076,Gaya,Bihar,2023-10-17,Instagram Ads
CUST003871,Kavita Chauhan,8434592021,manoj.kumar57@yahoo.com,842027,Muzaffarpur,Bihar,2025-10-16,WhatsApp Reseller
CUST003872,Manoj Khan,7941173717,zoya.rathore502@rediffmail.com,422083,Nashik,Maharashtra,2025-07-29,Organic Search
CUST003873,Aadhya Singh,9896105360,geeta.das725@yahoo.com,282073,Agra,Uttar Pradesh,2025-07-17,Unknown
CUST003874,Aarav Mishra,7315999887,ravi.kumar917@gmail.com,440031,Nagpur,Maharashtra,2024-05-10,WhatsApp Reseller
CUST003875,Jaspreet Sheikh,9064166813,harpreet.chauhan691@outlook.com,380009,Ahmedabad,Gujarat,2023-12-31,WhatsApp Reseller
CUST003876,Krishna Rathore,Check Number,N/A,302043,Jaipur,Rajasthan,2024-01-27,Organic Search
CUST003877,Riya Banerjee,6355889053,mohammed.chatterjee508@rediffmail.com,141061,Ludhiana,Punjab,2023-12-11,WhatsApp Reseller
CUST003878,Ravi Shah,Missing,N/A,506035,Warangal,Telangana,2023-10-20,Referral
CUST003879,Kiara Sheikh,7402418798,mohammed.desai952@yahoo.com,302067,Jaipur,Rajasthan,2024-01-30,Organic Search
CUST003880,Geeta Menon,6696801598,reyansh.sharma991@gmail.com,462068,Bhopal,Madhya Pradesh,2024-11-14,Facebook Ads
CUST003881,Diya Yadav,8892191759,N/A,713006,Asansol,West Bengal,2024-04-28,WhatsApp Reseller
CUST003882,Vikas Rao,9400720322,sandeep.rao552@rediffmail.com,121057,Faridabad,Haryana,2023-11-17,Facebook Ads
CUST003883,Isha Shah,8785504868,amit.shah559@outlook.com,380090,Ahmedabad,Gujarat,2025-03-11,Facebook Ads
CUST003884,Ayesha Sheikh,9767977175,myra.verma863@gmail.com,695081,Thiruvananthapuram,Kerala,2025-10-14,Instagram Ads
CUST003885,Zoya Agarwal,9030368733,N/A,82309,Gaya,Bihar,2025-05-16,Organic Search
CUST003886,Ishaan Chauhan,7524143984,vivaan.das948@gmail.com,800034, Patna ,Bihar,2025-08-01,Organic Search
CUST003887,Gurpreet Khan,7509942414,anil.agarwal891@gmail.com,208000,Kanpur,Uttar Pradesh,2024-10-29,Organic Search
CUST003888,Kavita Sheikh,8759518656,vivaan.rao776@yahoo.com,313034,Udaipur,Rajasthan,2023-09-07,Referral
CUST003889,Aadhya Patel,9486971210,harpreet.rathore854@yahoo.com,411057,Pune,Maharashtra,2025-02-22,Facebook Ads
CUST003890,Sai Patel,7457307110,mohammed.pillai717@yahoo.com,781049,Guwahati,Assam,2025-05-12,Organic Search
CUST003891,Saanvi Das,7050465784,jaspreet.malhotra388@yahoo.com,208013,Kanpur,Uttar Pradesh,2024-03-13,Facebook Ads
CUST003892,Farhan Nair,7978503752,farhan.mukherjee823@rediffmail.com,342084,Jodhpur,Rajasthan,2024-12-22,Unknown
CUST003893,Krishna Shah,8365915327,aadhya.khan631@rediffmail.com,842066, Muzaffarpur ,Bihar,2025-12-28,Organic Search
CUST003894,Jaspreet Rathore,6384366113,lakshmi.bhatt730@rediffmail.com,422059,Nashik,Maharashtra,2025-04-25,Unknown
CUST003895,Farhan Ansari,6011181950,rekha.chatterjee951@yahoo.com,751005,Bhubaneswar,Odisha,2024-10-25,Unknown
CUST003896,Sunita Agarwal,6874563473,N/A,440026,Nagpur,Maharashtra,2024-09-01,WhatsApp Reseller
CUST003897,Reyansh Yadav,8217827710,simran.sharma860@gmail.com,560071,Bengaluru,Karnataka,2024-04-29,Instagram Ads
CUST003898,Sai Reddy,6833933462,priya.kumar260@gmail.com,122096,Gurugram,Haryana,2025-08-30,Facebook Ads
CUST003899,Reyansh Das,7833367076,harpreet.rathore19@rediffmail.com,713002,Asansol,West Bengal,2024-05-11,Unknown
CUST003900,Manoj Khan,6002757898,rekha.chauhan692@outlook.com,823015,Gaya,Bihar,2026-01-22,Instagram Ads
CUST003901,Jaspreet Rathore,9536763072,vikas.kumar477@rediffmail.com,360081,Rajkot,Gujarat,2025-07-19,Facebook Ads
CUST003902,Pankaj Singh,Check Number,N/A,682021,Kochi,Kerala,2024-01-04,Unknown
CUST003903,Ravi Bhatt,7669197696,saanvi.sharma187@rediffmail.com,201040,Ghaziabad,Uttar Pradesh,2024-05-09,Instagram Ads
CUST003904,Deepak Sheikh,8716756948,ramesh.das666@yahoo.com,474093,Gwalior,Madhya Pradesh,2024-11-16,WhatsApp Reseller
CUST003905,Mohammed Verma,6335626408,N/A,122096,Gurugram,Haryana,2025-03-04,Unknown
CUST003906,Manoj Singh,Missing,N/A,682017,Kochi,Kerala,2025-08-23,Organic Search
CUST003907,Arjun Shah,7148124795,ramesh.verma333@gmail.com,462005,Bhopal,Madhya Pradesh,2024-01-11,Organic Search
CUST003908,Vivaan Patel,6536263963,harpreet.yadav616@gmail.com,141027,Ludhiana,Punjab,2023-10-31,Organic Search
CUST003909,Kavita Malhotra,6170782117,N/A,713059,Asansol,West Bengal,2025-04-19,Unknown
CUST003910,Sunita Naidu,Check Number,lakshmi.chauhan363@rediffmail.com,713083,Asansol,West Bengal,2026-01-11,Instagram Ads
CUST003911,Sneha Gupta,8305044839,N/A,570050,Mysuru,Karnataka,2024-10-10,WhatsApp Reseller
CUST003912,Geeta Naidu,8299432159,shreya.joshi150@yahoo.com,625027,Madurai,Tamil Nadu,2024-06-20,WhatsApp Reseller
CUST003913,Aditya Chauhan,9758499009,anil.desai225@outlook.com,201072,Ghaziabad,Uttar Pradesh,2024-10-30,WhatsApp Reseller
CUST003914,Saanvi Pillai,6434484661,vikas.naidu473@gmail.com,713030,Asansol,West Bengal,2025-01-20,WhatsApp Reseller
CUST003915,Sai Reddy,7725752262,pooja.rathore229@gmail.com,380022,Ahmedabad,Gujarat,2023-11-10,Referral
CUST003916,Sunil Banerjee,8508549124,ramesh.yadav574@gmail.com,121013,Faridabad,Haryana,2024-09-19,Instagram Ads
CUST003917,Deepak Sharma,7044635852,sai.agarwal54@gmail.com,226076,Lucknow,Uttar Pradesh,2024-10-17,Organic Search
CUST003918,Farhan Rao,7975333565,N/A,500019,Hyderabad,Telangana,2025-12-24,Unknown
CUST003919,Diya Menon,7389472697,gurpreet.patel798@outlook.com,221069,Varanasi,Uttar Pradesh,2025-02-16,Facebook Ads
CUST003920,Sai Sheikh,8078388655,pankaj.menon118@yahoo.com,360038,Rajkot,Gujarat,2024-04-24,Facebook Ads
CUST003921,Rajesh Mishra,7968860102,imran.banerjee691@yahoo.com,141094,Ludhiana,Punjab,2024-08-18,WhatsApp Reseller
CUST003922,Sai Das,9327754055,aditya.naidu558@yahoo.com,641070,Coimbatore,Tamil Nadu,2023-12-01,WhatsApp Reseller
CUST003923,Mohammed Chatterjee,7897092689,N/A,751069,Bhubaneswar,Odisha,2024-05-08,Facebook Ads
CUST003924,Shreya Malhotra,7957865095,ishaan.chatterjee922@outlook.com,226007,Lucknow,Uttar Pradesh,2024-05-26,Facebook Ads
CUST003925,Krishna Sharma,6260091031,aditya.mishra684@yahoo.com,695078,Thiruvananthapuram,Kerala,2024-07-21,Unknown
CUST003926,Vikas Iyer,7696407638,shreya.gupta524@outlook.com,800032,Patna,Bihar,2023-12-24,Organic Search
CUST003927,Aditya Khan,Missing,sneha.sharma453@gmail.com,400075,Mumbai,Maharashtra,2024-12-03,WhatsApp Reseller
CUST003928,Sai Chauhan,8887314503,reyansh.mukherjee138@yahoo.com,400021,Mumbai,Maharashtra,2025-10-13,Facebook Ads
CUST003929,Shreya Ansari,8993919001,ishaan.rathore276@gmail.com,440092,Nagpur,Maharashtra,2024-07-14,Unknown
CUST003930,Harpreet Chauhan,8268908268,mohammed.iyer156@yahoo.com,221074,Varanasi,Uttar Pradesh,2024-12-26,WhatsApp Reseller
CUST003931,Neha Desai,6700159197,sandeep.mishra306@rediffmail.com,440080,Nagpur,Maharashtra,2024-02-17,Unknown
CUST003932,Rohit Gupta,7891455056,N/A,380035,Ahmedabad,Gujarat,2023-09-06,WhatsApp Reseller
CUST003933,Zoya Kumar,Check Number,N/A,700061,Kolkata,West Bengal,2024-06-17,Instagram Ads
CUST003934,Neha Menon,7788459305,pankaj.ansari603@outlook.com,221091,Varanasi,Uttar Pradesh,2025-10-13,Facebook Ads
CUST003935,Sunil Kumar,9640069646,krishna.rao810@outlook.com,282085,Agra,Uttar Pradesh,2023-11-21,Organic Search
CUST003936,Sandeep Agarwal,8105177578,sai.khan157@yahoo.com,400082,Mumbai,Maharashtra,2025-11-12,Organic Search
CUST003937,Ravi Shah,9323625378,N/A,560080,Bengaluru,Karnataka,2025-08-23,Referral
CUST003938,Sandeep Menon,9803323164,imran.joshi412@rediffmail.com,682073,Kochi,Kerala,2023-12-22,Referral
CUST003939,Aarav Reddy,Missing,N/A,842004,Muzaffarpur,Bihar,2024-07-19,Facebook Ads
CUST003940,Arjun Menon,9303105196,sai.menon319@outlook.com,282088,Agra,Uttar Pradesh,2025-04-04,Instagram Ads
CUST003941,Harpreet Kumar,8243822442,imran.singh993@rediffmail.com,201038,Ghaziabad,Uttar Pradesh,2023-10-27,Instagram Ads
CUST003942,Sunita Chatterjee,Missing,ravi.yadav993@rediffmail.com,411094,Pune,Maharashtra,2024-05-27,Unknown
CUST003943,Suresh Malhotra,6942285220,saanvi.nair725@gmail.com,400049,Mumbai,Maharashtra,2024-05-05,Referral
CUST003944,Rekha Kumar,8573465267,tanvi.das634@yahoo.com,282043, Agra ,Uttar Pradesh,2024-11-08,Organic Search
CUST003945,Ramesh Banerjee,9724574415,ayesha.malhotra406@gmail.com,20105,Ghaziabad,Uttar Pradesh,2024-10-12,Referral
CUST003946,Manoj Mukherjee,9873689456,sunil.ansari918@gmail.com,781030,Guwahati,Assam,2025-11-15,Referral
CUST003947,Sunita Mukherjee,Missing,aadhya.agarwal787@gmail.com,560078,Bengaluru,Karnataka,2023-08-21,Facebook Ads
CUST003948,Ayesha Reddy,7678988019,ananya.patel209@gmail.com,753013,Cuttack,Odisha,2025-01-25,Instagram Ads
CUST003949,Aarav Iyer,8072111259,ravi.malhotra953@outlook.com,201099,Ghaziabad,Uttar Pradesh,2025-04-30,Facebook Ads
CUST003950,Gurpreet Mukherjee,9339597577,amit.chauhan801@outlook.com,753049,Cuttack,Odisha,2025-07-21,Instagram Ads
CUST003951,Priya Sheikh,6009690041,arjun.naidu648@yahoo.com,16001,Chandigarh,Chandigarh,2023-12-04,Facebook Ads
CUST003952,Sai Sheikh,7477310110,aarav.nair7@rediffmail.com,440028,Nagpur,Maharashtra,2025-11-11,Instagram Ads
CUST003953,Farhan Singh,7222665098,sunita.khan852@gmail.com,842088,Muzaffarpur,Bihar,2025-01-21,Instagram Ads
CUST003954,Harpreet Verma,8714351200,gurpreet.mukherjee729@gmail.com,751022,Bhubaneswar,Odisha,2024-01-22,Instagram Ads
CUST003955,Harpreet Mukherjee,9974430278,reyansh.gupta471@rediffmail.com,600055,Chennai,Tamil Nadu,2024-09-01,Facebook Ads
CUST003956,Priya Verma,9682541321,ramesh.verma969@outlook.com,411009,Pune,Maharashtra,2025-01-15,Facebook Ads
CUST003957,Kiara Shah,9847650547,N/A,751031,Bhubaneswar,Odisha,2024-02-25,Organic Search
CUST003958,Saanvi Yadav,8237405171,N/A,395070,Surat,Gujarat,2025-09-25,Facebook Ads
CUST003959,Sandeep Verma,8036275629,N/A,411028,Pune,Maharashtra,2024-03-08,Instagram Ads
CUST003960,Simran Verma,6759817311,sai.sheikh862@yahoo.com,14309,Amritsar,Punjab,2023-09-16,Facebook Ads
CUST003961,Krishna Mukherjee,8849875528,N/A,500077,Hyderabad,Telangana,2024-08-21,Facebook Ads
CUST003962,Diya Nair,9268503850,neha.naidu911@outlook.com,713013,Asansol,West Bengal,2025-01-17,Referral
CUST003963,Sneha Ansari,7960733125,jaspreet.banerjee74@rediffmail.com,400005, Mumbai ,Maharashtra,2025-12-14,Instagram Ads
CUST003964,Tanvi Rathore,8217115223,N/A,452046,Indore,Madhya Pradesh,2024-06-05,Organic Search
CUST003965,Farhan Pillai,7532425475,sunita.banerjee178@rediffmail.com,500022,Hyderabad,Telangana,2025-01-13,Organic Search
CUST003966,Kavita Malhotra,7817026245,N/A,831057,Jamshedpur,Jharkhand,2025-10-16,WhatsApp Reseller
CUST003967,Sneha Sheikh,6862265919,jaspreet.yadav915@outlook.com,395032,Surat,Gujarat,2024-08-20,Instagram Ads
CUST003968,Rohit Desai,7384196219,jaspreet.ansari757@gmail.com,560080,Bengaluru,Karnataka,2024-03-30,WhatsApp Reseller
CUST003969,Amit Yadav,7847365927,N/A,380061,Ahmedabad,Gujarat,2025-04-12,Unknown
CUST003970,Lakshmi Pillai,6487087284,krishna.sharma448@outlook.com,781050,Guwahati,Assam,2024-02-22,Unknown
CUST003971,Farhan Yadav,6873285658,shreya.malhotra866@gmail.com,282080, Agra ,Uttar Pradesh,2025-12-29,Organic Search
CUST003972,Sandeep Malhotra,Missing,aadhya.sharma487@gmail.com,700005,Kolkata,West Bengal,2026-01-03,Unknown
CUST003973,Shreya Patel,7763895608,geeta.khan733@yahoo.com,282097,Agra,Uttar Pradesh,2023-12-30,Organic Search
CUST003974,Jaspreet Verma,Missing,neha.agarwal194@gmail.com,221054,Varanasi,Uttar Pradesh,2024-12-05,Instagram Ads
CUST003975,Farhan Singh,Missing,N/A,395096,Surat,Gujarat,2024-09-10,WhatsApp Reseller
CUST003976,Aditya Nair,6954017749,saanvi.chatterjee280@rediffmail.com,834088,Ranchi,Jharkhand,2025-04-17,Unknown
CUST003977,Kavita Pillai,6355126400,harpreet.reddy570@outlook.com,422079,Nashik,Maharashtra,2025-03-14,WhatsApp Reseller
CUST003978,Riya Banerjee,6673875027,rekha.mishra657@yahoo.com,422020,Nashik,Maharashtra,2024-12-26,Organic Search
CUST003979,Priya Chatterjee,6166173474,arjun.desai617@gmail.com,625012,Madurai,Tamil Nadu,2023-09-08,WhatsApp Reseller
CUST003980,Sunita Singh,Missing,shreya.verma783@yahoo.com,641027,Coimbatore,Tamil Nadu,2025-12-16,WhatsApp Reseller
CUST003981,Sai Joshi,7862898189,sunil.menon237@yahoo.com,695032,Thiruvananthapuram,Kerala,2024-12-16,WhatsApp Reseller
CUST003982,Tanvi Khan,7241910022,anil.sheikh100@outlook.com,141089,Ludhiana,Punjab,2024-12-04,Instagram Ads
CUST003983,Krishna Sharma,6198310305,vikas.sharma208@rediffmail.com,342008,Jodhpur,Rajasthan,2024-04-17,Unknown
CUST003984,Lakshmi Sheikh,8405558644,N/A,823021,Gaya,Bihar,2025-07-01,Facebook Ads
CUST003985,Pankaj Singh,8483575314,aarav.rathore101@gmail.com,282051,Agra,Uttar Pradesh,2025-10-14,Facebook Ads
CUST003986,Suresh Gupta,6020790647,N/A,143069,Amritsar,Punjab,2024-05-09,Organic Search
CUST003987,Arjun Pillai,7089466629,anil.rao609@outlook.com,221024,Varanasi,Uttar Pradesh,2025-03-26,Facebook Ads
CUST003988,Sai Chauhan,7602919305,N/A,282074,Agra,Uttar Pradesh,2024-04-23,Instagram Ads
CUST003989,Ishaan Das,7652343040,kiara.kumar357@yahoo.com,580049,Hubli,Karnataka,2025-03-14,Instagram Ads
CUST003990,Reyansh Mukherjee,8818501208,rajesh.patel101@gmail.com,831024,Jamshedpur,Jharkhand,2023-09-23,Instagram Ads
CUST003991,Kavita Nair,8293631761,aadhya.sharma115@rediffmail.com,221012, Varanasi ,Uttar Pradesh,2025-10-01,Unknown
CUST003992,Rajesh Shah,8864907961,N/A,751012,Bhubaneswar,Odisha,2024-09-05,Facebook Ads
CUST003993,Vihaan Singh,Check Number,rekha.das269@yahoo.com,282062,Agra,Uttar Pradesh,2024-03-26,Facebook Ads
CUST003994,Ishaan Iyer,8916489704,sandeep.das747@gmail.com,160006,Chandigarh,Chandigarh,2023-09-07,Referral
CUST003995,Geeta Verma,7621631577,sai.mukherjee474@rediffmail.com,313028,Udaipur,Rajasthan,2025-05-22,Organic Search
CUST003996,Sunil Nair,9945296724,N/A,221078,Varanasi,Uttar Pradesh,2023-11-19,Facebook Ads
CUST003997,Geeta Naidu,7890669046,N/A,560034,Bengaluru,Karnataka,2024-05-11,Organic Search
CUST003998,Geeta Malhotra,6576067001,N/A,834025,Ranchi,Jharkhand,2024-05-04,Referral
CUST003999,Ananya Pillai,7343659470,krishna.khan417@yahoo.com,753049,Cuttack,Odisha,2024-09-01,Organic Search
CUST004000,Pankaj Desai,9857494528,sandeep.khan163@rediffmail.com,625006,Madurai,Tamil Nadu,2024-02-18,Facebook Ads
CUST004001,Ravi Mishra,7273558797,N/A,781052,Guwahati,Assam,2024-01-24,Unknown
CUST004002,Sneha Yadav,8055372858,myra.ansari76@yahoo.com,695000,Thiruvananthapuram,Kerala,2024-09-27,Referral
CUST004003,Saanvi Khan,6613806490,diya.rathore537@gmail.com,500024,Hyderabad,Telangana,2024-03-21,Referral
CUST004004,Pooja Chauhan,6612365289,pankaj.reddy234@rediffmail.com,800095,Patna,Bihar,2025-12-14,Instagram Ads
CUST004005,Farhan Khan,7377204393,imran.reddy17@yahoo.com,360047,Rajkot,Gujarat,2025-08-20,Organic Search
CUST004006,Simran Singh,6385433665,kavita.khan743@gmail.com,395031,Surat,Gujarat,2024-10-15,Organic Search
CUST004007,Isha Patel,8685788434,manoj.mukherjee8@gmail.com,60005,Chennai,Tamil Nadu,2024-10-25,Unknown
CUST004008,Rohit Rathore,8615965439,vivaan.mukherjee85@gmail.com,695053,Thiruvananthapuram,Kerala,2025-03-04,Unknown
CUST004009,Kavita Agarwal,7265599933,N/A,641094,Coimbatore,Tamil Nadu,2025-05-26,Unknown
CUST004010,Sai Yadav,7343194657,pankaj.shah850@gmail.com,411037,Pune,Maharashtra,2025-02-22,Facebook Ads
CUST004011,Kiara Sheikh,7560341146,rajesh.naidu892@rediffmail.com,282013,Agra,Uttar Pradesh,2024-01-01,WhatsApp Reseller
CUST004012,Pankaj Reddy,8009467480,reyansh.gupta311@rediffmail.com,282047,Agra,Uttar Pradesh,2023-11-10,Unknown
CUST004013,Isha Mishra,9808312465,aarav.chauhan739@yahoo.com,110022,New Delhi,Delhi,2025-02-01,Instagram Ads
CUST004014,Mohammed Mishra,7148897555,N/A,143072,Amritsar,Punjab,2025-11-23,WhatsApp Reseller
CUST004015,Imran Banerjee,6856920283,amit.rathore462@outlook.com,462061,Bhopal,Madhya Pradesh,2024-10-13,Organic Search
CUST004016,Reyansh Mukherjee,8171479685,harpreet.sheikh611@gmail.com,226091,Lucknow,Uttar Pradesh,2024-04-09,Referral
CUST004017,Aditya Rathore,9784496411,zoya.ansari898@yahoo.com,226084, Lucknow ,Uttar Pradesh,2025-03-02,WhatsApp Reseller
CUST004018,Sunil Kumar,8507624864,sandeep.ansari606@gmail.com,143075,Amritsar,Punjab,2025-11-05,Organic Search
CUST004019,Myra Das,6206348323,lakshmi.yadav200@rediffmail.com,500046,Hyderabad,Telangana,2025-05-01,Facebook Ads
CUST004020,Suresh Chauhan,9144859071,manoj.iyer342@outlook.com,462046,Bhopal,Madhya Pradesh,2024-01-10,Instagram Ads
CUST004021,Sandeep Nair,7304498189,N/A,380081,Ahmedabad,Gujarat,2025-04-27,Organic Search
CUST004022,Anil Mishra,Missing,kavita.yadav740@gmail.com,625067,Madurai,Tamil Nadu,2025-06-22,Facebook Ads
CUST004023,Harpreet Ansari,7125177698,suresh.bhatt486@gmail.com,302030,Jaipur,Rajasthan,2024-01-09,Instagram Ads
CUST004024,Kavita Chatterjee,7827315421,N/A,831041,Jamshedpur,Jharkhand,2025-12-06,Unknown
CUST004025,Harpreet Mukherjee,8818548050,N/A,221055,Varanasi,Uttar Pradesh,2025-05-04,Facebook Ads
CUST004026,Krishna Sharma,9208822574,mohammed.khan840@rediffmail.com,70006,Kolkata,West Bengal,2025-05-16,Instagram Ads
CUST004027,Aditya Patel,Missing,suresh.malhotra994@outlook.com,570017,Mysuru,Karnataka,2024-08-25,WhatsApp Reseller
CUST004028,Aarav Rao,8909707824,manoj.sheikh84@rediffmail.com,360036, Rajkot ,Gujarat,2023-12-16,WhatsApp Reseller
CUST004029,Shreya Bhatt,9096496545,vihaan.bhatt22@gmail.com,58004,Hubli,Karnataka,2025-05-21,Instagram Ads
CUST004030,Ishaan Desai,6489783909,N/A,395076,Surat,Gujarat,2025-04-17,Referral
CUST004031,Myra Bhatt,6914883773,farhan.bhatt875@outlook.com,208089,Kanpur,Uttar Pradesh,2023-10-19,WhatsApp Reseller
CUST004032,Imran Yadav,6690884038,mohammed.reddy694@rediffmail.com,834048,Ranchi,Jharkhand,2025-02-19,Instagram Ads
CUST004033,Amit Rao,7837792957,amit.chatterjee459@yahoo.com,560049,Bengaluru,Karnataka,2024-11-02,WhatsApp Reseller
CUST004034,Zoya Sheikh,6024614122,manoj.sharma261@rediffmail.com,360046,Rajkot,Gujarat,2025-01-15,Organic Search
CUST004035,Ishaan Sheikh,6856788632,ayesha.patel219@yahoo.com,506082,Warangal,Telangana,2024-01-01,Instagram Ads
CUST004036,Saanvi Rathore,7149504794,gurpreet.naidu743@outlook.com,221052,Varanasi,Uttar Pradesh,2024-03-07,Referral
CUST004037,Geeta Shah,8326625287,ramesh.shah706@rediffmail.com,695032,Thiruvananthapuram,Kerala,2023-10-02,WhatsApp Reseller
CUST004038,Suresh Nair,Check Number,jaspreet.kumar619@gmail.com,500026,Hyderabad,Telangana,2024-06-24,Organic Search
CUST004039,Sunil Mukherjee,6575214974,arjun.verma433@outlook.com,141059,Ludhiana,Punjab,2026-01-06,Referral
CUST004040,Sandeep Menon,Check Number,neha.singh386@rediffmail.com,625057,Madurai,Tamil Nadu,2024-12-29,Unknown
CUST004041,Krishna Joshi,7010356149,shreya.khan652@rediffmail.com,221077,Varanasi,Uttar Pradesh,2026-01-03,Referral
CUST004042,Deepak Chauhan,9313341170,deepak.kumar579@yahoo.com,834044,Ranchi,Jharkhand,2024-11-23,WhatsApp Reseller
CUST004043,Sunita Gupta,6248399120,tanvi.gupta694@rediffmail.com,570077,Mysuru,Karnataka,2024-07-19,Facebook Ads
CUST004044,Deepak Bhatt,7356551519,N/A,625000,Madurai,Tamil Nadu,2024-01-13,WhatsApp Reseller
CUST004045,Kiara Iyer,6419111688,sandeep.rathore120@yahoo.com,395045,Surat,Gujarat,2023-12-14,Unknown
CUST004046,Pooja Kumar,8714890804,N/A,201029,Ghaziabad,Uttar Pradesh,2025-03-31,Referral
CUST004047,Sandeep Bhatt,7382205025,rekha.verma155@rediffmail.com,282097,Agra,Uttar Pradesh,2025-02-19,Instagram Ads
CUST004048,Rekha Shah,Missing,kavita.rao821@outlook.com,208014,Kanpur,Uttar Pradesh,2024-10-03,Unknown
CUST004049,Sandeep Yadav,9593523857,ananya.singh663@yahoo.com,395085,Surat,Gujarat,2023-11-04,Facebook Ads
CUST004050,Kiara Menon,7932501922,reyansh.malhotra589@outlook.com,834060,Ranchi,Jharkhand,2024-04-19,Facebook Ads
CUST004051,Mohammed Naidu,6982053377,arjun.kumar541@rediffmail.com,160094,Chandigarh,Chandigarh,2026-01-20,Instagram Ads
CUST004052,Sai Banerjee,8507421787,kiara.sharma51@rediffmail.com,781045,Guwahati,Assam,2025-09-09,Unknown
CUST004053,Ayesha Malhotra,9681063007,riya.patel100@yahoo.com,380088,Ahmedabad,Gujarat,2025-07-21,Facebook Ads
CUST004054,Krishna Malhotra,Missing,manoj.yadav778@rediffmail.com,360079,Rajkot,Gujarat,2025-08-20,Facebook Ads
CUST004055,Priya Mishra,8941097587,sandeep.chauhan682@outlook.com,122067,Gurugram,Haryana,2023-10-11,WhatsApp Reseller
CUST004056,Pankaj Desai,8276293177,vikas.kumar808@yahoo.com,641085,Coimbatore,Tamil Nadu,2025-12-03,Organic Search
CUST004057,Reyansh Yadav,Missing,krishna.mukherjee876@gmail.com,474059,Gwalior,Madhya Pradesh,2025-04-07,Referral
CUST004058,Ravi Singh,6503518386,tanvi.menon19@gmail.com,734072, Siliguri ,West Bengal,2024-05-21,Facebook Ads
CUST004059,Manoj Khan,Missing,ravi.chatterjee360@outlook.com,143035,Amritsar,Punjab,2023-10-12,Referral
CUST004060,Ananya Bhatt,8222616733,suresh.verma377@yahoo.com,751074,Bhubaneswar,Odisha,2024-10-26,WhatsApp Reseller
CUST004061,Shreya Chatterjee,6323715357,kiara.shah713@rediffmail.com,834043,Ranchi,Jharkhand,2026-01-15,WhatsApp Reseller
CUST004062,Harpreet Chatterjee,6547365319,ravi.banerjee348@yahoo.com,781030,Guwahati,Assam,2025-10-13,Facebook Ads
CUST004063,Farhan Khan,6322556001,pooja.ansari350@rediffmail.com,380030,Ahmedabad,Gujarat,2026-01-22,Organic Search
CUST004064,Amit Malhotra,7986188918,N/A,221033,Varanasi,Uttar Pradesh,2024-08-30,Referral
CUST004065,Priya Naidu,6409914921,vikas.singh24@gmail.com,781040,Guwahati,Assam,2025-09-06,Instagram Ads
CUST004066,Vihaan Yadav,9332002683,vihaan.sharma472@yahoo.com,360072,Rajkot,Gujarat,2024-01-16,Referral
CUST004067,Ramesh Gupta,8064756613,suresh.gupta82@gmail.com,160050,Chandigarh,Chandigarh,2025-05-28,Organic Search
CUST004068,Aditya Khan,8061485460,lakshmi.singh994@gmail.com,208051,Kanpur,Uttar Pradesh,2025-04-09,Organic Search
CUST004069,Diya Banerjee,9849331476,neha.menon414@yahoo.com,506069,Warangal,Telangana,2023-12-29,Unknown
CUST004070,Vivaan Gupta,8502528431,N/A,22609,Lucknow,Uttar Pradesh,2024-03-03,Instagram Ads
CUST004071,Shreya Rao,9728252442,aadhya.nair683@gmail.com,641026,Coimbatore,Tamil Nadu,2025-08-09,Instagram Ads
CUST004072,Vikas Yadav,9099845220,gurpreet.chauhan787@rediffmail.com,141046,Ludhiana,Punjab,2025-10-01,Unknown
CUST004073,Farhan Rathore,6818328159,diya.yadav458@outlook.com,208066,Kanpur,Uttar Pradesh,2026-01-29,Organic Search
CUST004074,Imran Shah,Check Number,N/A,570007,Mysuru,Karnataka,2025-12-27,Organic Search
CUST004075,Sunita Banerjee,7926889851,shreya.singh602@outlook.com,842056,Muzaffarpur,Bihar,2023-10-19,Unknown
CUST004076,Sandeep Mishra,7140415354,N/A,753098,Cuttack,Odisha,2025-10-10,Unknown
CUST004077,Vihaan Rao,6935744181,suresh.agarwal607@rediffmail.com,834005,Ranchi,Jharkhand,2025-08-02,Instagram Ads
CUST004078,Zoya Menon,8657211872,amit.joshi267@yahoo.com,110079,New Delhi,Delhi,2023-11-17,Referral
CUST004079,Ayesha Mukherjee,9077840310,N/A,313046,Udaipur,Rajasthan,2025-01-14,WhatsApp Reseller
CUST004080,Tanvi Kumar,9966824947,pankaj.patel335@outlook.com,411016,Pune,Maharashtra,2025-05-08,Instagram Ads
CUST004081,Amit Chatterjee,6407844371,kiara.gupta805@rediffmail.com,422011,Nashik,Maharashtra,2025-07-02,Referral
CUST004082,Ravi Reddy,6586904513,aadhya.singh899@gmail.com,462058,Bhopal,Madhya Pradesh,2025-12-19,WhatsApp Reseller
CUST004083,Aditya Rathore,9012677079,neha.menon132@yahoo.com,831068,Jamshedpur,Jharkhand,2025-06-04,Organic Search
CUST004084,Riya Malhotra,6401807949,riya.rao15@outlook.com,360047,Rajkot,Gujarat,2025-07-28,WhatsApp Reseller
CUST004085,Sunita Banerjee,7960131321,shreya.sharma757@yahoo.com,734036,Siliguri,West Bengal,2024-02-25,Referral
CUST004086,Ishaan Malhotra,7948418498,N/A,143068,Amritsar,Punjab,2024-04-18,Referral
CUST004087,Kavita Shah,8368666961,aditya.patel963@outlook.com,221059,Varanasi,Uttar Pradesh,2024-11-12,Referral
CUST004088,Vikas Sheikh,7516701037,suresh.mukherjee544@outlook.com,122091,Gurugram,Haryana,2026-01-12,Instagram Ads
CUST004089,Simran Rao,8221976645,vihaan.mishra89@gmail.com,570042,Mysuru,Karnataka,2024-09-28,Organic Search
CUST004090,Zoya Ansari,6511947259,lakshmi.mishra825@outlook.com,143015,Amritsar,Punjab,2024-06-14,Instagram Ads
CUST004091,Pooja Sheikh,Missing,N/A,208060,Kanpur,Uttar Pradesh,2025-11-19,Organic Search
CUST004092,Sai Mishra,8923649979,N/A,411021,Pune,Maharashtra,2025-01-20,Instagram Ads
CUST004093,Sunil Patel,7142560351,aadhya.chauhan807@yahoo.com,695013,Thiruvananthapuram,Kerala,2024-12-03,WhatsApp Reseller
CUST004094,Ramesh Gupta,Check Number,vivaan.pillai166@gmail.com,580088,Hubli,Karnataka,2026-01-10,WhatsApp Reseller
CUST004095,Ravi Banerjee,6827543071,sai.mishra313@outlook.com,580097,Hubli,Karnataka,2025-04-22,Unknown
CUST004096,Priya Mishra,9117614702,pankaj.ansari690@rediffmail.com,570098,Mysuru,Karnataka,2024-01-05,Referral
CUST004097,Vikas Patel,6465346192,N/A,121074,Faridabad,Haryana,2025-10-18,Unknown
CUST004098,Kavita Bhatt,7673129340,ananya.gupta75@outlook.com,823081,Gaya,Bihar,2023-10-25,Facebook Ads
CUST004099,Sunita Bhatt,9317864897,priya.nair615@outlook.com,580080, Hubli ,Karnataka,2023-11-10,WhatsApp Reseller
CUST004100,Rekha Sharma,Missing,N/A,560024,Bengaluru,Karnataka,2024-10-28,Instagram Ads
CUST004101,Sai Verma,6939015405,ravi.patel419@rediffmail.com,500012,Hyderabad,Telangana,2025-02-22,WhatsApp Reseller
CUST004102,Pooja Malhotra,6941586319,rajesh.verma252@rediffmail.com,452088,Indore,Madhya Pradesh,2025-02-09,Facebook Ads
CUST004103,Amit Gupta,7942872765,N/A,282005,Agra,Uttar Pradesh,2024-07-21,Unknown
CUST004104,Shreya Sharma,9776763917,vivaan.das695@yahoo.com,31300,Udaipur,Rajasthan,2025-10-04,Organic Search
CUST004105,Diya Reddy,9114788244,mohammed.naidu962@outlook.com,781051,Guwahati,Assam,2024-05-24,Organic Search
CUST004106,Farhan Shah,6314897195,krishna.iyer391@yahoo.com,753002, Cuttack ,Odisha,2025-04-30,Facebook Ads
CUST004107,Krishna Rao,7276652685,N/A,506088,Warangal,Telangana,2023-11-03,Unknown
CUST004108,Priya Pillai,7466645029,arjun.pillai519@yahoo.com,221076,Varanasi,Uttar Pradesh,2023-10-26,Facebook Ads
CUST004109,Harpreet Iyer,9196314291,N/A,700019,Kolkata,West Bengal,2025-08-17,WhatsApp Reseller
CUST004110,Sunil Ansari,8831915942,ravi.joshi610@rediffmail.com,160016,Chandigarh,Chandigarh,2025-02-04,Facebook Ads
CUST004111,Geeta Singh,Check Number,N/A,570056,Mysuru,Karnataka,2026-01-15,Instagram Ads
CUST004112,Kavita Reddy,8358497277,aadhya.das365@gmail.com,751071,Bhubaneswar,Odisha,2025-03-12,Organic Search
CUST004113,Imran Yadav,8685767863,farhan.joshi148@gmail.com,560059,Bengaluru,Karnataka,2025-05-06,Facebook Ads
CUST004114,Deepak Reddy,8714553401,rajesh.joshi703@outlook.com,342083,Jodhpur,Rajasthan,2025-08-30,WhatsApp Reseller
CUST004115,Tanvi Sharma,7707434875,aditya.sharma768@yahoo.com,751065,Bhubaneswar,Odisha,2024-03-17,WhatsApp Reseller
CUST004116,Diya Pillai,8163577208,pankaj.singh664@yahoo.com,440055,Nagpur,Maharashtra,2025-04-14,Unknown
CUST004117,Rekha Naidu,6199588242,vikas.khan817@gmail.com,20809,Kanpur,Uttar Pradesh,2024-05-23,Facebook Ads
CUST004118,Sai Malhotra,9690362644,ishaan.rao467@rediffmail.com,500032,Hyderabad,Telangana,2023-09-02,Facebook Ads
CUST004119,Harpreet Mishra,9031650875,arjun.chauhan225@yahoo.com,506096,Warangal,Telangana,2024-10-20,Unknown
CUST004120,Deepak Gupta,9494423181,vihaan.khan930@outlook.com,506012, Warangal ,Telangana,2024-04-02,Unknown
CUST004121,Amit Yadav,9704569876,pooja.rathore924@outlook.com,641059,Coimbatore,Tamil Nadu,2025-02-08,Facebook Ads
CUST004122,Saanvi Sharma,7887056768,vivaan.reddy264@outlook.com,226022,Lucknow,Uttar Pradesh,2025-12-09,Facebook Ads
CUST004123,Manoj Verma,9034448077,lakshmi.sheikh232@rediffmail.com,302050,Jaipur,Rajasthan,2024-11-09,Organic Search
CUST004124,Mohammed Sheikh,7890505268,geeta.banerjee377@outlook.com,462XX1,Bhopal,Madhya Pradesh,2024-01-18,Referral
CUST004125,Sneha Agarwal,Missing,vivaan.khan749@outlook.com,201028,Ghaziabad,Uttar Pradesh,2024-10-10,WhatsApp Reseller
CUST004126,Vihaan Nair,7837742842,mohammed.gupta450@outlook.com,695054,Thiruvananthapuram,Kerala,2025-05-04,WhatsApp Reseller
CUST004127,Suresh Desai,9546368052,N/A,695005,Thiruvananthapuram,Kerala,2025-05-19,Facebook Ads
CUST004128,Ayesha Gupta,7266426519,deepak.yadav143@gmail.com,834090,Ranchi,Jharkhand,2024-09-11,Facebook Ads
CUST004129,Mohammed Naidu,8917876634,kiara.reddy144@yahoo.com,842086,Muzaffarpur,Bihar,2026-01-31,Facebook Ads
CUST004130,Gurpreet Reddy,6820604540,sandeep.khan866@yahoo.com,506083, Warangal ,Telangana,2024-01-06,Instagram Ads
CUST004131,Suresh Mukherjee,9834819571,N/A,360001,Rajkot,Gujarat,2025-08-10,Instagram Ads
CUST004132,Rajesh Mishra,8017727338,ananya.desai725@outlook.com,302079,Jaipur,Rajasthan,2024-05-01,Referral
CUST004133,Rekha Nair,8278381645,N/A,395XX1,Surat,Gujarat,2023-12-07,Instagram Ads
CUST004134,Sai Singh,8227541095,vikas.chatterjee420@rediffmail.com,360038,Rajkot,Gujarat,2024-09-08,Referral
CUST004135,Pankaj Iyer,8209860978,riya.rathore198@yahoo.com,342088,Jodhpur,Rajasthan,2025-05-03,Referral
CUST004136,Isha Reddy,7828877787,kiara.chatterjee901@gmail.com,122061,Gurugram,Haryana,2025-09-16,Unknown
CUST004137,Isha Reddy,9304074198,kavita.agarwal970@outlook.com,700012,Kolkata,West Bengal,2026-01-05,Organic Search
CUST004138,Riya Reddy,Missing,pooja.bhatt608@rediffmail.com,800098,Patna,Bihar,2024-12-08,Organic Search
CUST004139,Aarav Khan,Missing,manoj.verma201@yahoo.com,560091,Bengaluru,Karnataka,2024-07-12,WhatsApp Reseller
CUST004140,Myra Chatterjee,8167209069,N/A,411018,Pune,Maharashtra,2023-11-22,WhatsApp Reseller
CUST004141,Manoj Ansari,9629231912,suresh.mishra362@rediffmail.com,462069,Bhopal,Madhya Pradesh,2025-12-13,Instagram Ads
CUST004142,Amit Pillai,7468939185,ishaan.singh915@rediffmail.com,500072,Hyderabad,Telangana,2024-05-31,WhatsApp Reseller
CUST004143,Aadhya Joshi,8472895942,neha.pillai352@rediffmail.com,580072,Hubli,Karnataka,2024-06-09,Instagram Ads
CUST004144,Reyansh Naidu,6290181814,isha.kumar582@rediffmail.com,462068,Bhopal,Madhya Pradesh,2024-01-01,Referral
CUST004145,Geeta Ansari,9377339871,N/A,400067,Mumbai,Maharashtra,2025-12-27,Facebook Ads
CUST004146,Vivaan Reddy,6813727763,reyansh.ansari325@gmail.com,342031,Jodhpur,Rajasthan,2023-09-08,Unknown
CUST004147,Ramesh Chauhan,7384346318,vikas.banerjee114@yahoo.com,201049,Ghaziabad,Uttar Pradesh,2026-01-09,Unknown
CUST004148,Lakshmi Desai,6477793208,rekha.sheikh312@gmail.com,226071,Lucknow,Uttar Pradesh,2024-11-01,WhatsApp Reseller
CUST004149,Tanvi Iyer,9864368128,sai.chauhan223@gmail.com,842040,Muzaffarpur,Bihar,2024-07-21,Instagram Ads
CUST004150,Geeta Malhotra,7342992647,sunil.yadav329@gmail.com,580001, Hubli ,Karnataka,2025-07-30,Referral
CUST004151,Imran Ansari,6436917159,ishaan.verma289@outlook.com,753037,Cuttack,Odisha,2025-01-15,Facebook Ads
CUST004152,Geeta Agarwal,7464905752,N/A,682084,Kochi,Kerala,2024-05-22,Facebook Ads
CUST004153,Sai Reddy,9626506403,rekha.das1@outlook.com,781057,Guwahati,Assam,2024-07-07,Facebook Ads
CUST004154,Arjun Kumar,8272516096,N/A,201035,Ghaziabad,Uttar Pradesh,2024-04-16,WhatsApp Reseller
CUST004155,Gurpreet Rathore,6878177097,N/A,682024,Kochi,Kerala,2025-03-24,Referral
CUST004156,Rohit Pillai,8432408632,reyansh.yadav561@yahoo.com,800048,Patna,Bihar,2023-11-27,Facebook Ads
CUST004157,Aarav Naidu,8021360806,kiara.rao651@gmail.com,500060,Hyderabad,Telangana,2023-12-04,Instagram Ads
CUST004158,Anil Shah,7484262504,manoj.chatterjee827@rediffmail.com,800061,Patna,Bihar,2024-08-08,Facebook Ads
CUST004159,Kavita Nair,9955456335,diya.yadav78@rediffmail.com,395095,Surat,Gujarat,2023-10-19,Unknown
CUST004160,Isha Agarwal,6668036026,jaspreet.agarwal392@yahoo.com,422026,Nashik,Maharashtra,2025-03-14,Facebook Ads
CUST004161,Sunil Verma,Missing,simran.iyer505@outlook.com,800078,Patna,Bihar,2025-07-30,Facebook Ads
CUST004162,Vivaan Joshi,7090952336,krishna.iyer344@rediffmail.com,600010,Chennai,Tamil Nadu,2024-09-04,Instagram Ads
CUST004163,Anil Khan,9616480421,vivaan.khan786@gmail.com,842016,Muzaffarpur,Bihar,2025-10-20,Facebook Ads
CUST004164,Ramesh Reddy,9893148904,sandeep.chatterjee976@yahoo.com,713049,Asansol,West Bengal,2024-08-11,Unknown
CUST004165,Suresh Agarwal,6480405412,N/A,143098,Amritsar,Punjab,2024-02-21,Facebook Ads
CUST004166,Sandeep Khan,9236228829,vihaan.mishra126@yahoo.com,713060,Asansol,West Bengal,2025-06-24,WhatsApp Reseller
CUST004167,Myra Chatterjee,6394759434,vikas.mishra803@outlook.com,75305,Cuttack,Odisha,2025-04-04,Facebook Ads
CUST004168,Isha Pillai,9727113569,N/A,208062,Kanpur,Uttar Pradesh,2025-12-06,Unknown
CUST004169,Krishna Ansari,6068326202,N/A,226001,Lucknow,Uttar Pradesh,2025-05-29,Referral
CUST004170,Imran Joshi,9335368530,ishaan.ansari266@gmail.com,380068,Ahmedabad,Gujarat,2024-07-23,Facebook Ads
CUST004171,Aarav Reddy,6991975554,amit.shah838@gmail.com,600049,Chennai,Tamil Nadu,2025-04-07,Referral
CUST004172,Ramesh Mukherjee,9359043420,vikas.chauhan900@outlook.com,73403,Siliguri,West Bengal,2024-02-26,Referral
CUST004173,Ayesha Mishra,8224789306,riya.kumar981@gmail.com,474095,Gwalior,Madhya Pradesh,2025-03-13,Referral
CUST004174,Harpreet Mukherjee,8380024126,N/A,302081,Jaipur,Rajasthan,2024-07-07,WhatsApp Reseller
CUST004175,Riya Bhatt,6132644739,priya.chauhan32@outlook.com,734067,Siliguri,West Bengal,2023-09-09,Unknown
CUST004176,Reyansh Patel,8527993662,N/A,713088,Asansol,West Bengal,2025-06-30,Instagram Ads
CUST004177,Geeta Sharma,9863078180,anil.mishra236@yahoo.com,834098,Ranchi,Jharkhand,2024-09-05,Instagram Ads
CUST004178,Sunil Mishra,6155241577,N/A,831003,Jamshedpur,Jharkhand,2024-01-20,Facebook Ads
CUST004179,Zoya Khan,7814493289,imran.mishra617@gmail.com,600007,Chennai,Tamil Nadu,2025-01-09,Unknown
CUST004180,Mohammed Khan,7959356460,zoya.yadav866@gmail.com,462011,Bhopal,Madhya Pradesh,2023-12-17,Instagram Ads
CUST004181,Ayesha Rathore,6468472896,rekha.singh132@gmail.com,462057,Bhopal,Madhya Pradesh,2024-09-03,Organic Search
CUST004182,Rohit Naidu,9727301408,isha.chauhan42@rediffmail.com,160058,Chandigarh,Chandigarh,2023-11-05,Referral
CUST004183,Ravi Gupta,9988533961,riya.naidu527@gmail.com,831061,Jamshedpur,Jharkhand,2024-03-20,Organic Search
CUST004184,Simran Sheikh,Missing,tanvi.chauhan588@rediffmail.com,751002,Bhubaneswar,Odisha,2024-12-01,Instagram Ads
CUST004185,Sai Ansari,9901740397,N/A,160083,Chandigarh,Chandigarh,2024-07-18,Facebook Ads
CUST004186,Vivaan Rao,7365798914,imran.yadav744@rediffmail.com,360023,Rajkot,Gujarat,2025-12-29,Facebook Ads
CUST004187,Rohit Mukherjee,6148612713,sunil.sharma340@yahoo.com,121055,Faridabad,Haryana,2024-09-26,Unknown
CUST004188,Aadhya Rathore,9959469629,sneha.sharma332@gmail.com,208056,Kanpur,Uttar Pradesh,2025-03-03,Organic Search
CUST004189,Lakshmi Khan,8074991155,N/A,122037,Gurugram,Haryana,2025-11-09,Referral
CUST004190,Aditya Pillai,8050866109,simran.yadav370@gmail.com,834081,Ranchi,Jharkhand,2024-10-09,Unknown
CUST004191,Farhan Sharma,Check Number,amit.malhotra225@yahoo.com,395054,Surat,Gujarat,2025-12-11,Unknown
CUST004192,Vikas Mukherjee,8523493241,ravi.rathore565@gmail.com,342084,Jodhpur,Rajasthan,2026-01-30,Referral
CUST004193,Rekha Joshi,6805105119,aadhya.gupta770@rediffmail.com,506039,Warangal,Telangana,2025-06-22,Unknown
CUST004194,Kavita Kumar,9029807195,farhan.malhotra136@rediffmail.com,141090,Ludhiana,Punjab,2025-09-14,Instagram Ads
CUST004195,Kavita Gupta,9661880097,zoya.bhatt814@rediffmail.com,842018,Muzaffarpur,Bihar,2024-04-15,Instagram Ads
CUST004196,Riya Reddy,6456847756,pankaj.singh295@yahoo.com,713082,Asansol,West Bengal,2024-12-14,WhatsApp Reseller
CUST004197,Vikas Chatterjee,7110812348,diya.reddy400@rediffmail.com,500011,Hyderabad,Telangana,2024-12-13,WhatsApp Reseller
CUST004198,Sai Mishra,6807946613,vivaan.pillai243@rediffmail.com,395080,Surat,Gujarat,2024-04-23,Referral
CUST004199,Sunita Kumar,8876012133,imran.mishra681@gmail.com,570046,Mysuru,Karnataka,2025-05-08,Facebook Ads
CUST004200,Ishaan Mukherjee,7997546823,sunita.reddy124@yahoo.com,313027,Udaipur,Rajasthan,2024-09-29,Facebook Ads
CUST004201,Anil Malhotra,7659266509,N/A,201052,Ghaziabad,Uttar Pradesh,2024-07-05,Organic Search
CUST004202,Tanvi Kumar,Missing,harpreet.malhotra888@yahoo.com,506022,Warangal,Telangana,2025-09-20,Referral
CUST004203,Saanvi Shah,7956469471,aditya.naidu468@yahoo.com,400053,Mumbai,Maharashtra,2023-08-24,Instagram Ads
CUST004204,Shreya Sharma,6648312306,diya.chatterjee750@outlook.com,452014,Indore,Madhya Pradesh,2024-11-19,Referral
CUST004205,Diya Chauhan,6226061424,ramesh.iyer84@rediffmail.com,141065,Ludhiana,Punjab,2025-02-15,Instagram Ads
CUST004206,Deepak Rao,6773753474,N/A,302001,Jaipur,Rajasthan,2024-07-08,Instagram Ads
CUST004207,Ishaan Singh,7594610601,vihaan.nair237@outlook.com,695075,Thiruvananthapuram,Kerala,2025-11-11,WhatsApp Reseller
CUST004208,Vivaan Sharma,Check Number,jaspreet.rathore400@outlook.com,121073,Faridabad,Haryana,2023-11-03,Referral
CUST004209,Simran Rathore,9754481607,geeta.patel765@gmail.com,570052,Mysuru,Karnataka,2025-01-15,Organic Search
CUST004210,Neha Khan,8064871027,neha.shah213@outlook.com,751086,Bhubaneswar,Odisha,2025-01-28,Instagram Ads
CUST004211,Neha Verma,6759911000,rohit.pillai928@yahoo.com,800004,Patna,Bihar,2024-05-15,Referral
CUST004212,Rekha Rao,6438950054,arjun.banerjee326@outlook.com,14301, Amritsar ,Punjab,2024-02-17,Organic Search
CUST004213,Kiara Kumar,9612963115,sunita.singh735@outlook.com,122053,Gurugram,Haryana,2024-01-18,Facebook Ads
CUST004214,Farhan Khan,9502615861,ayesha.gupta755@yahoo.com,122057,Gurugram,Haryana,2025-04-30,WhatsApp Reseller
CUST004215,Rekha Menon,9449597378,ananya.banerjee361@gmail.com,462061,Bhopal,Madhya Pradesh,2023-10-08,Referral
CUST004216,Sunil Patel,7402586263,kavita.naidu390@yahoo.com,110016,New Delhi,Delhi,2024-09-22,Organic Search
CUST004217,Vikas Naidu,7564807894,N/A,201043,Ghaziabad,Uttar Pradesh,2024-10-04,Instagram Ads
CUST004218,Manoj Mishra,9224644287,N/A,208093,Kanpur,Uttar Pradesh,2024-07-19,Instagram Ads
CUST004219,Shreya Chatterjee,8869350495,isha.das51@yahoo.com,400020,Mumbai,Maharashtra,2026-01-26,Facebook Ads
CUST004220,Suresh Khan,6362639838,N/A,400000,Mumbai,Maharashtra,2025-07-12,Facebook Ads
CUST004221,Rohit Yadav,6085000919,N/A,71304,Asansol,West Bengal,2023-08-23,Referral
CUST004222,Deepak Khan,7238554768,ayesha.chauhan321@gmail.com,160049,Chandigarh,Chandigarh,2024-01-02,Referral
CUST004223,Pooja Das,9444106192,lakshmi.naidu650@rediffmail.com,474090,Gwalior,Madhya Pradesh,2025-04-29,Unknown
CUST004224,Riya Yadav,8291846122,reyansh.rathore139@rediffmail.com,360085,Rajkot,Gujarat,2024-09-14,Referral
CUST004225,Sandeep Mukherjee,7667316785,saanvi.chauhan897@rediffmail.com,580008,Hubli,Karnataka,2023-10-13,Instagram Ads
CUST004226,Anil Mishra,6870528453,N/A,141076,Ludhiana,Punjab,2025-06-17,WhatsApp Reseller
CUST004227,Simran Ansari,7981086044,reyansh.mukherjee949@yahoo.com,695042,Thiruvananthapuram,Kerala,2025-10-16,Organic Search
CUST004228,Suresh Iyer,9159743334,neha.gupta128@yahoo.com,695094,Thiruvananthapuram,Kerala,2024-07-01,Instagram Ads
CUST004229,Jaspreet Sheikh,8830220487,vikas.das682@yahoo.com,360036,Rajkot,Gujarat,2024-12-19,Facebook Ads
CUST004230,Shreya Singh,6807178098,zoya.desai532@rediffmail.com,160009,Chandigarh,Chandigarh,2025-06-02,Facebook Ads
CUST004231,Ananya Chatterjee,9175565173,riya.shah992@rediffmail.com,800051, Patna ,Bihar,2024-04-10,Referral
CUST004232,Pooja Naidu,8205847085,jaspreet.gupta703@yahoo.com,452034,Indore,Madhya Pradesh,2023-08-25,Facebook Ads
CUST004233,Riya Naidu,Check Number,pankaj.kumar598@rediffmail.com,422076,Nashik,Maharashtra,2026-01-14,Facebook Ads
CUST004234,Ravi Sharma,7562467751,gurpreet.bhatt976@outlook.com,462031,Bhopal,Madhya Pradesh,2023-12-16,Referral
CUST004235,Ananya Sheikh,8216961760,aarav.khan307@gmail.com,121092,Faridabad,Haryana,2024-11-23,Facebook Ads
CUST004236,Ravi Ansari,7608955883,N/A,600080,Chennai,Tamil Nadu,2024-03-09,Organic Search
CUST004237,Rajesh Chauhan,9404715929,simran.singh254@rediffmail.com,506064,Warangal,Telangana,2024-04-28,Instagram Ads
CUST004238,Aditya Agarwal,9899009886,N/A,226034,Lucknow,Uttar Pradesh,2025-09-09,WhatsApp Reseller
CUST004239,Aditya Pillai,9524769389,N/A,682043,Kochi,Kerala,2025-05-21,Organic Search
CUST004240,Pooja Naidu,6347615400,N/A,834030,Ranchi,Jharkhand,2025-08-21,Instagram Ads
CUST004241,Manoj Rathore,7243390695,sneha.khan163@yahoo.com,734002,Siliguri,West Bengal,2025-07-24,Instagram Ads
CUST004242,Manoj Nair,6030224279,reyansh.banerjee404@yahoo.com,110018,New Delhi,Delhi,2025-09-26,Referral
CUST004243,Sandeep Bhatt,8152358828,N/A,282094,Agra,Uttar Pradesh,2024-09-25,Organic Search
CUST004244,Vikas Banerjee,6278491929,sunita.patel793@outlook.com,422086,Nashik,Maharashtra,2025-11-12,Unknown
CUST004245,Ramesh Kumar,7047633011,vivaan.chatterjee127@rediffmail.com,834090,Ranchi,Jharkhand,2023-11-14,Instagram Ads
CUST004246,Geeta Joshi,6127397864,krishna.banerjee498@rediffmail.com,141047,Ludhiana,Punjab,2024-10-13,Organic Search
CUST004247,Kiara Khan,6627297412,N/A,422036,Nashik,Maharashtra,2025-11-06,Facebook Ads
CUST004248,Aditya Desai,6126821334,saanvi.mishra259@yahoo.com,695053, Thiruvananthapuram ,Kerala,2025-07-06,WhatsApp Reseller
CUST004249,Sunita Verma,7972422793,harpreet.yadav162@gmail.com,395019,Surat,Gujarat,2025-07-25,WhatsApp Reseller
CUST004250,Krishna Das,7479703288,vihaan.iyer782@rediffmail.com,395046,Surat,Gujarat,2024-10-27,WhatsApp Reseller
CUST004251,Ayesha Pillai,6894561210,imran.chauhan828@gmail.com,781069,Guwahati,Assam,2025-05-30,Organic Search
CUST004252,Shreya Nair,8300465229,diya.joshi24@outlook.com,422029,Nashik,Maharashtra,2025-11-02,WhatsApp Reseller
CUST004253,Ananya Chauhan,9821338516,krishna.rathore271@yahoo.com,282024,Agra,Uttar Pradesh,2024-08-28,Referral
CUST004254,Geeta Chauhan,8337479945,N/A,462060,Bhopal,Madhya Pradesh,2025-10-20,Referral
CUST004255,Zoya Yadav,7828825997,sneha.mukherjee814@rediffmail.com,422039,Nashik,Maharashtra,2024-02-07,WhatsApp Reseller
CUST004256,Sunil Naidu,Check Number,N/A,506017,Warangal,Telangana,2024-04-11,Organic Search
CUST004257,Harpreet Das,8094347479,geeta.desai497@yahoo.com,360054,Rajkot,Gujarat,2023-08-16,Facebook Ads
CUST004258,Pooja Verma,9147270393,neha.khan604@yahoo.com,110029,New Delhi,Delhi,2024-03-03,Instagram Ads
CUST004259,Saanvi Pillai,7255490418,N/A,422072,Nashik,Maharashtra,2024-11-11,Organic Search
CUST004260,Priya Ansari,8671701645,N/A,823096,Gaya,Bihar,2025-05-29,Unknown
CUST004261,Ayesha Desai,8450040177,N/A,20800,Kanpur,Uttar Pradesh,2024-01-21,Unknown
CUST004262,Krishna Chatterjee,8084108672,tanvi.reddy19@rediffmail.com,110083,New Delhi,Delhi,2023-11-28,Unknown
CUST004263,Kavita Mishra,9685193298,N/A,506009,Warangal,Telangana,2023-08-17,WhatsApp Reseller
CUST004264,Rajesh Menon,6416993769,lakshmi.yadav238@yahoo.com,302050,Jaipur,Rajasthan,2024-04-14,WhatsApp Reseller
CUST004265,Anil Chauhan,7714172228,sneha.rathore430@outlook.com,208018,Kanpur,Uttar Pradesh,2025-09-28,Organic Search
CUST004266,Myra Rathore,8962340216,N/A,781031,Guwahati,Assam,2024-07-14,WhatsApp Reseller
CUST004267,Ishaan Das,7294322711,ishaan.reddy916@rediffmail.com,360066,Rajkot,Gujarat,2024-12-02,Referral
CUST004268,Diya Naidu,6582799140,krishna.pillai568@outlook.com,462007,Bhopal,Madhya Pradesh,2025-12-01,Referral
CUST004269,Vivaan Das,8265460679,lakshmi.joshi521@yahoo.com,800089,Patna,Bihar,2026-01-01,Organic Search
CUST004270,Myra Sharma,9550376478,N/A,753038,Cuttack,Odisha,2024-12-08,WhatsApp Reseller
CUST004271,Vihaan Agarwal,Missing,isha.pillai550@yahoo.com,121064,Faridabad,Haryana,2025-09-29,Facebook Ads
CUST004272,Arjun Ansari,8053767041,aarav.banerjee92@yahoo.com,121083,Faridabad,Haryana,2024-11-12,Instagram Ads
CUST004273,Sunil Nair,7148851457,mohammed.banerjee47@rediffmail.com,641004,Coimbatore,Tamil Nadu,2024-06-01,Referral
CUST004274,Diya Khan,Missing,N/A,380090,Ahmedabad,Gujarat,2024-07-29,WhatsApp Reseller
CUST004275,Jaspreet Singh,9144214020,arjun.sheikh60@yahoo.com,221092,Varanasi,Uttar Pradesh,2024-03-05,Organic Search
CUST004276,Riya Mukherjee,9543729541,ananya.malhotra810@rediffmail.com,313012,Udaipur,Rajasthan,2024-02-29,Unknown
CUST004277,Anil Rao,9654080043,sandeep.chatterjee188@outlook.com,695036,Thiruvananthapuram,Kerala,2024-12-23,Unknown
CUST004278,Saanvi Shah,8848136956,suresh.chatterjee986@outlook.com,411030,Pune,Maharashtra,2025-03-14,Referral
CUST004279,Priya Reddy,9769875146,N/A,302040,Jaipur,Rajasthan,2025-02-27,Instagram Ads
CUST004280,Amit Rathore,8469662648,N/A,360026,Rajkot,Gujarat,2025-08-06,Unknown
CUST004281,Shreya Bhatt,9955360649,ishaan.agarwal123@outlook.com,452093,Indore,Madhya Pradesh,2025-01-25,Referral
CUST004282,Harpreet Bhatt,6133989772,N/A,462070,Bhopal,Madhya Pradesh,2025-10-09,Referral
CUST004283,Riya Reddy,9190628360,mohammed.singh112@outlook.com,713001,Asansol,West Bengal,2024-09-25,Referral
CUST004284,Deepak Mukherjee,9126404079,tanvi.rao955@gmail.com,201024, Ghaziabad ,Uttar Pradesh,2024-04-11,Unknown
CUST004285,Ananya Yadav,6211387127,kiara.desai470@gmail.com,500042,Hyderabad,Telangana,2024-05-17,WhatsApp Reseller
CUST004286,Saanvi Das,7975713495,rohit.menon918@rediffmail.com,641055,Coimbatore,Tamil Nadu,2025-10-27,Referral
CUST004287,Jaspreet Mishra,7347190574,vikas.shah843@yahoo.com,440010,Nagpur,Maharashtra,2023-09-09,Referral
CUST004288,Sunita Iyer,9199890526,manoj.pillai99@rediffmail.com,474058,Gwalior,Madhya Pradesh,2024-07-13,Unknown
CUST004289,Mohammed Rao,8658926963,sunita.mishra714@gmail.com,56002,Bengaluru,Karnataka,2025-07-26,Organic Search
CUST004290,Priya Patel,9600587499,N/A,380019,Ahmedabad,Gujarat,2025-06-02,Facebook Ads
CUST004291,Lakshmi Agarwal,6983877318,N/A,570027,Mysuru,Karnataka,2024-12-25,Unknown
CUST004292,Manoj Ansari,9126240892,vivaan.kumar846@outlook.com,734020,Siliguri,West Bengal,2024-04-30,WhatsApp Reseller
CUST004293,Ishaan Das,6695302033,imran.das121@yahoo.com,506025,Warangal,Telangana,2023-10-16,Organic Search
CUST004294,Mohammed Das,8751404445,geeta.banerjee63@gmail.com,400060,Mumbai,Maharashtra,2025-07-21,Facebook Ads
CUST004295,Ravi Mukherjee,7126137164,rohit.agarwal831@rediffmail.com,400080,Mumbai,Maharashtra,2024-12-31,Referral
CUST004296,Aditya Naidu,9917418786,sai.khan721@rediffmail.com,440093,Nagpur,Maharashtra,2023-10-29,Referral
CUST004297,Priya Mishra,7143017110,lakshmi.reddy542@rediffmail.com,160057,Chandigarh,Chandigarh,2025-12-13,Facebook Ads
CUST004298,Geeta Naidu,8512244948,geeta.verma742@yahoo.com,380057,Ahmedabad,Gujarat,2024-06-30,Instagram Ads
CUST004299,Ramesh Shah,7662057042,vikas.agarwal455@gmail.com,695023,Thiruvananthapuram,Kerala,2024-01-28,Organic Search
CUST004300,Reyansh Banerjee,6399017855,N/A,160090,Chandigarh,Chandigarh,2025-07-14,Referral
CUST004301,Kiara Nair,7549601334,zoya.menon692@yahoo.com,380012,Ahmedabad,Gujarat,2025-11-22,WhatsApp Reseller
CUST004302,Deepak Rao,9719471250,myra.malhotra484@gmail.com,506077, Warangal ,Telangana,2023-10-25,Organic Search
CUST004303,Pooja Yadav,6616328396,N/A,500077,Hyderabad,Telangana,2025-03-02,Referral
CUST004304,Krishna Das,6891621529,kavita.ansari153@yahoo.com,625085,Madurai,Tamil Nadu,2024-03-27,Referral
CUST004305,Isha Banerjee,8612206671,zoya.ansari381@outlook.com,400033,Mumbai,Maharashtra,2025-04-12,Organic Search
CUST004306,Imran Verma,8723647483,ishaan.desai12@outlook.com,713061,Asansol,West Bengal,2023-10-17,Organic Search
CUST004307,Mohammed Singh,7224884581,mohammed.ansari889@yahoo.com,302058,Jaipur,Rajasthan,2025-07-12,Referral
CUST004308,Sunita Rathore,8513532759,N/A,641064,Coimbatore,Tamil Nadu,2024-11-14,Organic Search
CUST004309,Arjun Ansari,8283866470,lakshmi.rao424@yahoo.com,380059,Ahmedabad,Gujarat,2025-03-17,Instagram Ads
CUST004310,Imran Pillai,7144908172,zoya.rathore61@yahoo.com,834091,Ranchi,Jharkhand,2024-07-01,WhatsApp Reseller
CUST004311,Aadhya Ansari,8691757840,N/A,580007,Hubli,Karnataka,2025-07-30,Facebook Ads
CUST004312,Vivaan Banerjee,Missing,sunita.chatterjee616@rediffmail.com,313093,Udaipur,Rajasthan,2024-12-17,Instagram Ads
CUST004313,Myra Khan,6530816957,N/A,208058,Kanpur,Uttar Pradesh,2024-01-15,Unknown
CUST004314,Saanvi Verma,6220638707,N/A,751015,Bhubaneswar,Odisha,2024-09-06,Organic Search
CUST004315,Amit Khan,9464157480,ayesha.reddy86@outlook.com,700067,Kolkata,West Bengal,2025-09-17,Unknown
CUST004316,Kiara Chatterjee,6387487164,ravi.ansari629@gmail.com,71300,Asansol,West Bengal,2024-05-17,Instagram Ads
CUST004317,Vihaan Rao,9589149765,rajesh.sharma732@gmail.com,400073,Mumbai,Maharashtra,2024-02-24,Facebook Ads
CUST004318,Vikas Rathore,8707977004,farhan.ansari159@outlook.com,625079,Madurai,Tamil Nadu,2024-06-15,Facebook Ads
CUST004319,Gurpreet Singh,6320814018,N/A,800025,Patna,Bihar,2024-04-04,Referral
CUST004320,Simran Rao,Check Number,N/A,734053,Siliguri,West Bengal,2025-07-05,Facebook Ads
CUST004321,Rohit Iyer,7866318929,mohammed.menon257@rediffmail.com,58000,Hubli,Karnataka,2024-10-20,Instagram Ads
CUST004322,Aadhya Verma,6646417313,aditya.shah626@rediffmail.com,695088,Thiruvananthapuram,Kerala,2025-12-03,Organic Search
CUST004323,Harpreet Banerjee,6041451749,N/A,781093,Guwahati,Assam,2025-08-18,Instagram Ads
CUST004324,Reyansh Shah,8393138955,sai.ansari479@rediffmail.com,695043,Thiruvananthapuram,Kerala,2026-01-22,Facebook Ads
CUST004325,Krishna Rathore,7266528264,N/A,625018,Madurai,Tamil Nadu,2024-05-28,WhatsApp Reseller
CUST004326,Ayesha Rathore,8413220710,priya.kumar361@outlook.com,695074,Thiruvananthapuram,Kerala,2024-04-17,WhatsApp Reseller
CUST004327,Krishna Bhatt,9192922142,kavita.iyer709@outlook.com,395053,Surat,Gujarat,2024-02-11,Referral
CUST004328,Vihaan Rathore,9834618845,myra.das700@rediffmail.com,282038,Agra,Uttar Pradesh,2025-10-25,WhatsApp Reseller
CUST004329,Geeta Agarwal,9970040853,jaspreet.chauhan364@outlook.com,400036,Mumbai,Maharashtra,2025-11-11,Instagram Ads
CUST004330,Aarav Chauhan,7314576110,diya.mukherjee87@rediffmail.com,282035,Agra,Uttar Pradesh,2025-01-07,Facebook Ads
CUST004331,Sunil Mishra,7285864271,vikas.bhatt38@gmail.com,302030,Jaipur,Rajasthan,2024-11-23,Organic Search
CUST004332,Sai Malhotra,7198740621,riya.chauhan981@yahoo.com,842069,Muzaffarpur,Bihar,2025-10-20,Organic Search
CUST004333,Amit Das,9526142207,diya.agarwal957@outlook.com,452004,Indore,Madhya Pradesh,2025-02-24,Referral
CUST004334,Farhan Reddy,7634960708,imran.singh603@rediffmail.com,625021,Madurai,Tamil Nadu,2026-01-13,Referral
CUST004335,Aadhya Joshi,6830223779,neha.naidu927@yahoo.com,842080,Muzaffarpur,Bihar,2025-03-09,WhatsApp Reseller
CUST004336,Ishaan Nair,6703548071,pankaj.desai241@gmail.com,83403, Ranchi ,Jharkhand,2023-09-13,Instagram Ads
CUST004337,Kavita Mukherjee,6413270439,N/A,834024,Ranchi,Jharkhand,2025-06-22,Referral
CUST004338,Aadhya Rathore,6295656359,anil.reddy701@gmail.com,422084,Nashik,Maharashtra,2024-05-03,WhatsApp Reseller
CUST004339,Sunita Khan,9471494974,rajesh.pillai169@yahoo.com,342098,Jodhpur,Rajasthan,2024-05-05,Referral
CUST004340,Sneha Nair,9804890729,harpreet.reddy111@yahoo.com,506064,Warangal,Telangana,2024-05-14,Referral
CUST004341,Aarav Khan,7563443121,ramesh.malhotra722@gmail.com,143059,Amritsar,Punjab,2023-10-22,WhatsApp Reseller
CUST004342,Ravi Sheikh,7870076259,sandeep.yadav184@gmail.com,834023, Ranchi ,Jharkhand,2026-01-02,Instagram Ads
CUST004343,Pooja Khan,8683633319,myra.reddy246@yahoo.com,110085,New Delhi,Delhi,2024-05-25,WhatsApp Reseller
CUST004344,Myra Menon,7015506752,N/A,313083,Udaipur,Rajasthan,2024-09-22,Organic Search
CUST004345,Pooja Shah,9906522720,kavita.ansari997@gmail.com,842011,Muzaffarpur,Bihar,2025-05-15,Instagram Ads
CUST004346,Pooja Iyer,9200805080,N/A,580042,Hubli,Karnataka,2024-12-02,WhatsApp Reseller
CUST004347,Ishaan Kumar,8973866616,arjun.bhatt33@outlook.com,313086,Udaipur,Rajasthan,2024-03-14,Unknown
CUST004348,Farhan Iyer,8795619572,simran.agarwal790@outlook.com,360097,Rajkot,Gujarat,2023-09-30,Facebook Ads
CUST004349,Ravi Ansari,9543885380,saanvi.iyer219@yahoo.com,560082,Bengaluru,Karnataka,2024-02-24,Organic Search
CUST004350,Krishna Malhotra,8002999077,rekha.kumar934@gmail.com,380095,Ahmedabad,Gujarat,2024-08-04,Organic Search
CUST004351,Rohit Rathore,8886915030,N/A,641021,Coimbatore,Tamil Nadu,2025-04-02,Referral
CUST004352,Geeta Reddy,7793589441,deepak.kumar345@rediffmail.com,411099,Pune,Maharashtra,2025-09-01,Facebook Ads
CUST004353,Rohit Menon,8027494060,sandeep.rathore243@outlook.com,380005,Ahmedabad,Gujarat,2024-07-02,Organic Search
CUST004354,Harpreet Yadav,9122373922,N/A,462082,Bhopal,Madhya Pradesh,2024-09-15,Facebook Ads
CUST004355,Ramesh Verma,6298078121,N/A,600071,Chennai,Tamil Nadu,2023-09-23,Organic Search
CUST004356,Aditya Nair,6568343471,N/A,700045,Kolkata,West Bengal,2025-12-10,Facebook Ads
CUST004357,Priya Banerjee,6268837157,neha.sharma415@yahoo.com,506038,Warangal,Telangana,2023-12-28,Referral
CUST004358,Imran Desai,8493763131,N/A,625074,Madurai,Tamil Nadu,2025-06-12,Instagram Ads
CUST004359,Pankaj Das,7316586470,ramesh.sharma87@outlook.com,831032,Jamshedpur,Jharkhand,2024-04-09,WhatsApp Reseller
CUST004360,Simran Banerjee,8635415305,kavita.yadav248@outlook.com,834047,Ranchi,Jharkhand,2025-04-13,Facebook Ads
CUST004361,Tanvi Das,8126739086,isha.agarwal813@rediffmail.com,452083,Indore,Madhya Pradesh,2025-11-27,Referral
CUST004362,Simran Chatterjee,8003532445,N/A,302011,Jaipur,Rajasthan,2025-01-24,Organic Search
CUST004363,Saanvi Naidu,9867197132,isha.kumar238@yahoo.com,570091,Mysuru,Karnataka,2024-10-24,Facebook Ads
CUST004364,Ravi Bhatt,7290756818,amit.gupta583@rediffmail.com,500060,Hyderabad,Telangana,2024-03-09,Organic Search
CUST004365,Suresh Singh,Missing,N/A,695082,Thiruvananthapuram,Kerala,2024-05-24,WhatsApp Reseller
CUST004366,Farhan Verma,9870893616,amit.kumar167@yahoo.com,143081,Amritsar,Punjab,2025-04-11,Organic Search
CUST004367,Aadhya Menon,9460015516,sunita.patel552@outlook.com,452029,Indore,Madhya Pradesh,2025-02-07,Organic Search
CUST004368,Jaspreet Gupta,9656738575,vikas.gupta991@rediffmail.com,834021,Ranchi,Jharkhand,2025-03-27,Unknown
CUST004369,Isha Pillai,Missing,mohammed.bhatt218@gmail.com,474007,Gwalior,Madhya Pradesh,2025-10-06,Referral
CUST004370,Deepak Yadav,6837006586,N/A,462093,Bhopal,Madhya Pradesh,2025-10-08,Organic Search
CUST004371,Vivaan Banerjee,9972900643,N/A,751019,Bhubaneswar,Odisha,2025-09-09,WhatsApp Reseller
CUST004372,Gurpreet Agarwal,9052768373,priya.rao530@outlook.com,160073,Chandigarh,Chandigarh,2024-12-15,Instagram Ads
CUST004373,Mohammed Khan,7853387657,rohit.iyer30@yahoo.com,823045,Gaya,Bihar,2025-09-09,WhatsApp Reseller
CUST004374,Ravi Verma,7782915950,jaspreet.singh436@yahoo.com,313099,Udaipur,Rajasthan,2024-12-29,Facebook Ads
CUST004375,Zoya Chauhan,8842952496,N/A,452080,Indore,Madhya Pradesh,2025-12-20,Referral
CUST004376,Kavita Menon,7350425853,tanvi.joshi747@outlook.com,700043,Kolkata,West Bengal,2025-12-17,Facebook Ads
CUST004377,Rajesh Reddy,8638856853,jaspreet.shah707@yahoo.com,834045,Ranchi,Jharkhand,2025-02-04,Facebook Ads
CUST004378,Sunita Naidu,7368131434,priya.patel818@rediffmail.com,753028,Cuttack,Odisha,2025-09-17,WhatsApp Reseller
CUST004379,Tanvi Rao,6060322969,aadhya.menon892@gmail.com,221098,Varanasi,Uttar Pradesh,2024-03-17,Organic Search
CUST004380,Rohit Chatterjee,8164653019,N/A,695039,Thiruvananthapuram,Kerala,2024-11-20,Unknown
CUST004381,Zoya Patel,9288525302,suresh.chauhan200@gmail.com,734057,Siliguri,West Bengal,2025-11-02,WhatsApp Reseller
CUST004382,Sunil Verma,8403901034,diya.patel810@rediffmail.com,834007,Ranchi,Jharkhand,2025-05-26,Organic Search
CUST004383,Aadhya Khan,6336798328,N/A,141082, Ludhiana ,Punjab,2025-09-25,Facebook Ads
CUST004384,Rajesh Sheikh,7255744456,zoya.joshi232@rediffmail.com,834007,Ranchi,Jharkhand,2025-03-24,Organic Search
CUST004385,Deepak Bhatt,9113014444,vihaan.das957@outlook.com,462002,Bhopal,Madhya Pradesh,2024-07-19,Organic Search
CUST004386,Priya Iyer,6659379301,N/A,110091, New Delhi ,Delhi,2024-01-16,Unknown
CUST004387,Kiara Desai,8686748475,harpreet.kumar853@gmail.com,751042,Bhubaneswar,Odisha,2025-03-28,Organic Search
CUST004388,Aarav Sheikh,8277130597,N/A,842084,Muzaffarpur,Bihar,2024-09-22,Instagram Ads
CUST004389,Saanvi Pillai,Check Number,jaspreet.rathore622@outlook.com,121001,Faridabad,Haryana,2025-08-12,Referral
CUST004390,Simran Chauhan,6228044241,N/A,781091,Guwahati,Assam,2023-09-26,Instagram Ads
CUST004391,Amit Das,7482277893,N/A,700027,Kolkata,West Bengal,2025-07-19,WhatsApp Reseller
CUST004392,Aarav Sharma,6938761473,N/A,422051,Nashik,Maharashtra,2023-11-11,WhatsApp Reseller
CUST004393,Tanvi Nair,8555014530,geeta.ansari769@yahoo.com,75300,Cuttack,Odisha,2025-01-15,Referral
CUST004394,Vikas Nair,9555044622,aarav.menon695@yahoo.com,831076,Jamshedpur,Jharkhand,2024-11-07,Instagram Ads
CUST004395,Kavita Verma,6202802132,neha.sheikh8@gmail.com,201050, Ghaziabad ,Uttar Pradesh,2023-09-30,Organic Search
CUST004396,Riya Nair,6555078613,N/A,452006,Indore,Madhya Pradesh,2024-04-10,Unknown
CUST004397,Aditya Sheikh,6727809085,imran.bhatt794@rediffmail.com,452004,Indore,Madhya Pradesh,2025-08-11,Instagram Ads
CUST004398,Ayesha Patel,8134999255,farhan.desai380@yahoo.com,600078, Chennai ,Tamil Nadu,2024-06-25,Facebook Ads
CUST004399,Myra Das,8736375995,neha.menon759@outlook.com,695075,Thiruvananthapuram,Kerala,2024-01-03,Referral
CUST004400,Sai Mishra,9540356874,N/A,226025,Lucknow,Uttar Pradesh,2024-12-12,Referral
CUST004401,Sandeep Gupta,6017922566,neha.gupta540@outlook.com,122033,Gurugram,Haryana,2025-09-05,WhatsApp Reseller
CUST004402,Neha Khan,6685806984,sneha.khan602@rediffmail.com,440061,Nagpur,Maharashtra,2025-01-09,Unknown
CUST004403,Sneha Chauhan,8627720807,sneha.joshi817@yahoo.com,201047,Ghaziabad,Uttar Pradesh,2025-09-01,Organic Search
CUST004404,Sai Patel,9413209635,simran.menon468@yahoo.com,600018,Chennai,Tamil Nadu,2024-12-23,Referral
CUST004405,Rajesh Shah,6521525741,rohit.agarwal804@gmail.com,208034,Kanpur,Uttar Pradesh,2023-09-30,Organic Search
CUST004406,Imran Joshi,9232610027,saanvi.singh708@rediffmail.com,395095,Surat,Gujarat,2024-10-21,Referral
CUST004407,Sai Verma,6537098617,N/A,160083,Chandigarh,Chandigarh,2024-03-13,Facebook Ads
CUST004408,Suresh Gupta,Missing,N/A,506041,Warangal,Telangana,2025-04-05,Facebook Ads
CUST004409,Ayesha Chauhan,9376373354,N/A,641067,Coimbatore,Tamil Nadu,2024-05-24,WhatsApp Reseller
CUST004410,Manoj Ansari,9155535135,rajesh.patel896@gmail.com,121053,Faridabad,Haryana,2026-01-24,WhatsApp Reseller
CUST004411,Lakshmi Iyer,Check Number,deepak.joshi483@outlook.com,474098,Gwalior,Madhya Pradesh,2024-12-11,Organic Search
CUST004412,Krishna Verma,7429664312,shreya.joshi332@gmail.com,411011,Pune,Maharashtra,2024-08-13,Referral
CUST004413,Sunil Sharma,9972809957,N/A,400000,Mumbai,Maharashtra,2025-12-11,Instagram Ads
CUST004414,Sunita Yadav,7971647990,pooja.kumar720@yahoo.com,395046,Surat,Gujarat,2025-05-13,Facebook Ads
CUST004415,Vihaan Patel,7914967331,N/A,834046,Ranchi,Jharkhand,2024-03-04,WhatsApp Reseller
CUST004416,Kavita Yadav,6956393865,aditya.iyer851@outlook.com,440014,Nagpur,Maharashtra,2025-03-10,WhatsApp Reseller
CUST004417,Diya Singh,6613657059,pooja.sheikh562@yahoo.com,342076,Jodhpur,Rajasthan,2024-07-27,WhatsApp Reseller
CUST004418,Aarav Singh,Check Number,N/A,313017,Udaipur,Rajasthan,2025-02-16,Organic Search
CUST004419,Farhan Chauhan,9574580282,aditya.pillai857@yahoo.com,600XX2,Chennai,Tamil Nadu,2023-12-29,Facebook Ads
CUST004420,Rohit Agarwal,6915726521,ramesh.mukherjee700@yahoo.com,625026,Madurai,Tamil Nadu,2025-12-15,Instagram Ads
CUST004421,Rekha Khan,Missing,amit.sheikh813@rediffmail.com,600048,Chennai,Tamil Nadu,2024-04-12,Facebook Ads
CUST004422,Isha Ansari,6882436758,ayesha.yadav161@yahoo.com,700010,Kolkata,West Bengal,2024-07-08,Unknown
CUST004423,Myra Sheikh,Missing,ramesh.shah722@gmail.com,506015,Warangal,Telangana,2025-03-27,Instagram Ads
CUST004424,Reyansh Sheikh,9384175022,N/A,800073,Patna,Bihar,2025-10-03,Unknown
CUST004425,Gurpreet Reddy,6903240072,N/A,751057,Bhubaneswar,Odisha,2024-01-13,Instagram Ads
CUST004426,Diya Chauhan,8557463990,N/A,800054,Patna,Bihar,2024-04-11,Facebook Ads
CUST004427,Myra Kumar,6341927133,N/A,641015,Coimbatore,Tamil Nadu,2025-02-26,Referral
CUST004428,Sunita Das,9643913261,imran.verma615@yahoo.com,713000,Asansol,West Bengal,2024-06-30,Referral
CUST004429,Reyansh Khan,9095263627,N/A,143053,Amritsar,Punjab,2024-07-05,WhatsApp Reseller
CUST004430,Aadhya Ansari,8708747652,N/A,452035,Indore,Madhya Pradesh,2024-08-08,Referral
CUST004431,Kiara Iyer,9897444687,neha.shah8@rediffmail.com,110020,New Delhi,Delhi,2025-03-20,Organic Search
CUST004432,Pankaj Yadav,6709117786,tanvi.das618@outlook.com,122048,Gurugram,Haryana,2024-09-19,WhatsApp Reseller
CUST004433,Rohit Gupta,8704099264,N/A,823047,Gaya,Bihar,2024-05-24,Facebook Ads
CUST004434,Suresh Singh,8017955989,N/A,73400,Siliguri,West Bengal,2025-11-29,WhatsApp Reseller
CUST004435,Myra Reddy,9417271477,pankaj.banerjee13@yahoo.com,58009,Hubli,Karnataka,2024-01-24,Organic Search
CUST004436,Vikas Desai,6024263632,kavita.iyer472@outlook.com,422001,Nashik,Maharashtra,2025-04-07,Organic Search
CUST004437,Harpreet Ansari,7841273106,N/A,121099,Faridabad,Haryana,2024-02-25,Organic Search
CUST004438,Sunita Verma,6021005809,kavita.pillai966@yahoo.com,226095,Lucknow,Uttar Pradesh,2024-10-05,Organic Search
CUST004439,Pooja Agarwal,8367176534,kavita.nair374@yahoo.com,462096,Bhopal,Madhya Pradesh,2025-12-27,Unknown
CUST004440,Isha Rao,7031011274,tanvi.chatterjee297@gmail.com,440067,Nagpur,Maharashtra,2023-11-12,Referral
CUST004441,Diya Gupta,8797618574,ramesh.yadav961@yahoo.com,560021,Bengaluru,Karnataka,2024-01-10,Referral
CUST004442,Amit Gupta,6243831141,sunil.sheikh354@outlook.com,360092,Rajkot,Gujarat,2024-04-16,Referral
CUST004443,Amit Rao,9530482721,aditya.menon195@outlook.com,69509,Thiruvananthapuram,Kerala,2023-09-24,WhatsApp Reseller
CUST004444,Aditya Bhatt,7207355620,isha.kumar600@rediffmail.com,625047,Madurai,Tamil Nadu,2025-05-17,WhatsApp Reseller
CUST004445,Anil Iyer,8707173021,harpreet.sharma107@yahoo.com,360075,Rajkot,Gujarat,2023-10-26,Organic Search
CUST004446,Lakshmi Iyer,6052068106,suresh.singh200@outlook.com,700086,Kolkata,West Bengal,2024-05-18,Instagram Ads
CUST004447,Arjun Sheikh,7347704729,ananya.reddy805@gmail.com,500072,Hyderabad,Telangana,2023-09-11,WhatsApp Reseller
CUST004448,Krishna Joshi,7108144093,suresh.malhotra807@rediffmail.com,751061,Bhubaneswar,Odisha,2024-07-24,WhatsApp Reseller
CUST004449,Myra Das,9142546330,N/A,800043,Patna,Bihar,2024-12-31,Organic Search
CUST004450,Pooja Banerjee,8614266053,N/A,121092,Faridabad,Haryana,2024-02-04,WhatsApp Reseller
CUST004451,Anil Banerjee,9443428811,ravi.rao983@yahoo.com,753089,Cuttack,Odisha,2025-07-06,Referral
CUST004452,Diya Ansari,6648878983,N/A,506023,Warangal,Telangana,2025-09-26,WhatsApp Reseller
CUST004453,Amit Ansari,Missing,simran.mishra916@outlook.com,580042,Hubli,Karnataka,2025-03-15,Organic Search
CUST004454,Suresh Joshi,6346984198,imran.mukherjee933@yahoo.com,282029,Agra,Uttar Pradesh,2025-11-18,Organic Search
CUST004455,Vihaan Khan,8614880193,saanvi.das609@yahoo.com,700094, Kolkata ,West Bengal,2024-04-20,Facebook Ads
CUST004456,Imran Ansari,9753594645,diya.sheikh440@yahoo.com,452099,Indore,Madhya Pradesh,2025-10-05,Facebook Ads
CUST004457,Manoj Ansari,9020415583,krishna.ansari616@gmail.com,226052,Lucknow,Uttar Pradesh,2023-12-13,Referral
CUST004458,Jaspreet Kumar,Check Number,ishaan.malhotra654@rediffmail.com,34207,Jodhpur,Rajasthan,2025-11-28,WhatsApp Reseller
CUST004459,Aditya Verma,7253112904,simran.patel906@outlook.com,751001,Bhubaneswar,Odisha,2023-12-02,WhatsApp Reseller
CUST004460,Saanvi Bhatt,Missing,zoya.nair873@gmail.com,734051,Siliguri,West Bengal,2025-11-18,Unknown
CUST004461,Diya Rao,Missing,reyansh.singh841@gmail.com,411085,Pune,Maharashtra,2023-12-15,Referral
CUST004462,Mohammed Singh,8978443761,sandeep.kumar373@rediffmail.com,800020,Patna,Bihar,2024-04-21,Unknown
CUST004463,Reyansh Iyer,7415791929,ramesh.joshi275@outlook.com,781049,Guwahati,Assam,2023-10-13,WhatsApp Reseller
CUST004464,Arjun Agarwal,6804399692,krishna.mishra447@yahoo.com,462014,Bhopal,Madhya Pradesh,2025-02-03,Referral
CUST004465,Zoya Ansari,Missing,neha.rathore442@outlook.com,313030,Udaipur,Rajasthan,2024-01-19,Instagram Ads
CUST004466,Kiara Patel,6682419753,N/A,580028,Hubli,Karnataka,2025-09-08,Facebook Ads
CUST004467,Vivaan Reddy,9418162309,aditya.chauhan524@outlook.com,713010,Asansol,West Bengal,2023-10-15,Facebook Ads
CUST004468,Diya Iyer,6639677392,kiara.khan957@yahoo.com,751015,Bhubaneswar,Odisha,2023-12-17,Unknown
CUST004469,Sai Bhatt,7017199106,jaspreet.sheikh482@rediffmail.com,226070,Lucknow,Uttar Pradesh,2025-05-31,Organic Search
CUST004470,Pankaj Patel,Missing,farhan.desai216@gmail.com,800016,Patna,Bihar,2024-01-05,Facebook Ads
CUST004471,Reyansh Pillai,8890016780,vikas.reddy623@rediffmail.com,121081,Faridabad,Haryana,2024-07-15,Referral
CUST004472,Amit Ansari,6168897274,ayesha.gupta226@outlook.com,302052,Jaipur,Rajasthan,2024-10-09,Instagram Ads
CUST004473,Ravi Naidu,7112178590,reyansh.kumar865@outlook.com,360018,Rajkot,Gujarat,2024-10-12,WhatsApp Reseller
CUST004474,Farhan Desai,8709265064,rohit.malhotra205@outlook.com,800012,Patna,Bihar,2026-01-16,Organic Search
CUST004475,Suresh Pillai,7294111686,shreya.malhotra811@gmail.com,395076,Surat,Gujarat,2025-08-01,Referral
CUST004476,Harpreet Verma,Check Number,myra.bhatt905@rediffmail.com,600081,Chennai,Tamil Nadu,2024-08-28,Referral
CUST004477,Krishna Sheikh,6644433584,ramesh.mishra758@gmail.com,208070,Kanpur,Uttar Pradesh,2023-11-15,Referral
CUST004478,Geeta Naidu,8698110474,imran.bhatt918@yahoo.com,282065,Agra,Uttar Pradesh,2025-06-04,Unknown
CUST004479,Reyansh Mishra,8432181264,aditya.agarwal467@rediffmail.com,500097,Hyderabad,Telangana,2025-12-02,Unknown
CUST004480,Rajesh Menon,Check Number,rajesh.rathore147@outlook.com,625076,Madurai,Tamil Nadu,2024-11-21,Unknown
CUST004481,Priya Mukherjee,6362276792,rajesh.verma984@rediffmail.com,302009,Jaipur,Rajasthan,2025-02-26,Organic Search
CUST004482,Pooja Pillai,7636905073,N/A,474056,Gwalior,Madhya Pradesh,2024-01-05,Facebook Ads
CUST004483,Ravi Naidu,7160380807,N/A,221026,Varanasi,Uttar Pradesh,2023-09-17,Instagram Ads
CUST004484,Shreya Mukherjee,7188097901,myra.bhatt946@outlook.com,751093,Bhubaneswar,Odisha,2024-10-08,Referral
CUST004485,Ishaan Kumar,6019298809,N/A,781045,Guwahati,Assam,2025-10-21,WhatsApp Reseller
CUST004486,Vikas Rao,8626132216,diya.joshi15@gmail.com,122012,Gurugram,Haryana,2024-09-07,Facebook Ads
CUST004487,Myra Das,9253844366,N/A,625096,Madurai,Tamil Nadu,2025-11-22,Facebook Ads
CUST004488,Aditya Khan,9950087233,N/A,201068,Ghaziabad,Uttar Pradesh,2023-10-09,Referral
CUST004489,Aadhya Gupta,7288198264,N/A,221035,Varanasi,Uttar Pradesh,2023-09-14,WhatsApp Reseller
CUST004490,Gurpreet Sheikh,8651001803,N/A,781023,Guwahati,Assam,2024-08-28,Unknown
CUST004491,Farhan Kumar,6713979672,N/A,360023,Rajkot,Gujarat,2025-06-06,Instagram Ads
CUST004492,Vikas Naidu,7572563700,N/A,380008,Ahmedabad,Gujarat,2023-12-09,Organic Search
CUST004493,Kiara Yadav,Check Number,pooja.patel641@rediffmail.com,313098,Udaipur,Rajasthan,2024-04-03,Unknown
CUST004494,Priya Mishra,7557382407,simran.reddy817@outlook.com,400097,Mumbai,Maharashtra,2024-12-16,WhatsApp Reseller
CUST004495,Rekha Malhotra,8059206337,isha.malhotra837@outlook.com,47401,Gwalior,Madhya Pradesh,2024-09-02,Organic Search
CUST004496,Sunita Reddy,6628230880,N/A,753099,Cuttack,Odisha,2024-07-13,Organic Search
CUST004497,Ravi Banerjee,8532843578,simran.rathore269@outlook.com,221014,Varanasi,Uttar Pradesh,2025-01-01,Instagram Ads
CUST004498,Aarav Khan,6345304533,simran.bhatt323@outlook.com,751047,Bhubaneswar,Odisha,2024-09-11,Organic Search
CUST004499,Farhan Menon,8859625608,N/A,682045,Kochi,Kerala,2025-07-26,WhatsApp Reseller
CUST004500,Sai Shah,9644329076,ishaan.iyer900@rediffmail.com,313075,Udaipur,Rajasthan,2025-04-26,Unknown
CUST004501,Manoj Naidu,8067814464,anil.malhotra938@rediffmail.com,282075,Agra,Uttar Pradesh,2024-06-30,Instagram Ads
CUST004502,Gurpreet Malhotra,6615343366,reyansh.ansari180@gmail.com,751006,Bhubaneswar,Odisha,2023-12-26,Referral
CUST004503,Kavita Iyer,7417946522,N/A,411086,Pune,Maharashtra,2023-11-06,Referral
CUST004504,Kiara Patel,7546622308,krishna.chatterjee531@yahoo.com,734060,Siliguri,West Bengal,2025-11-06,Instagram Ads
CUST004505,Deepak Chatterjee,9965931491,deepak.verma473@outlook.com,751059,Bhubaneswar,Odisha,2024-03-03,Referral
CUST004506,Rohit Verma,7562364063,aadhya.yadav11@rediffmail.com,342060,Jodhpur,Rajasthan,2025-03-27,Organic Search
CUST004507,Myra Gupta,6277613867,kiara.khan572@yahoo.com,500085,Hyderabad,Telangana,2025-12-12,Instagram Ads
CUST004508,Arjun Naidu,8855056353,simran.yadav453@outlook.com,360037, Rajkot ,Gujarat,2024-02-10,Unknown
CUST004509,Anil Iyer,8117139386,vihaan.malhotra791@rediffmail.com,823095,Gaya,Bihar,2025-09-04,WhatsApp Reseller
CUST004510,Kavita Singh,6823329419,ayesha.rao3@gmail.com,143070, Amritsar ,Punjab,2023-11-15,Instagram Ads
CUST004511,Geeta Mukherjee,6507831269,harpreet.reddy591@outlook.com,625061,Madurai,Tamil Nadu,2024-01-23,Facebook Ads
CUST004512,Sunita Rathore,7390052238,pooja.gupta923@yahoo.com,160097,Chandigarh,Chandigarh,2024-01-16,Organic Search
CUST004513,Suresh Gupta,9087371161,krishna.nair374@yahoo.com,143002,Amritsar,Punjab,2024-11-15,WhatsApp Reseller
CUST004514,Aadhya Patel,9162834754,aarav.bhatt930@yahoo.com,400034,Mumbai,Maharashtra,2023-09-08,Organic Search
CUST004515,Manoj Yadav,Missing,N/A,400079,Mumbai,Maharashtra,2024-07-29,Referral
CUST004516,Pankaj Sheikh,6490018710,krishna.patel649@outlook.com,781056,Guwahati,Assam,2024-03-10,Referral
CUST004517,Kavita Sheikh,6319398103,N/A,462042,Bhopal,Madhya Pradesh,2025-08-16,Organic Search
CUST004518,Kiara Nair,7872913103,ayesha.reddy920@gmail.com,400069,Mumbai,Maharashtra,2024-09-21,Unknown
CUST004519,Sunil Khan,8693440788,suresh.ansari111@yahoo.com,695072,Thiruvananthapuram,Kerala,2024-03-02,Unknown
CUST004520,Ramesh Khan,8012361660,myra.desai462@gmail.com,380040,Ahmedabad,Gujarat,2025-09-19,Instagram Ads
CUST004521,Gurpreet Naidu,7341577501,N/A,580052,Hubli,Karnataka,2024-02-12,Referral
CUST004522,Geeta Sheikh,9509244873,sunita.patel991@yahoo.com,64108,Coimbatore,Tamil Nadu,2023-12-14,Instagram Ads
CUST004523,Vihaan Ansari,Check Number,simran.malhotra26@gmail.com,753034,Cuttack,Odisha,2025-12-27,Referral
CUST004524,Rohit Sheikh,7609539349,aarav.banerjee484@rediffmail.com,560057,Bengaluru,Karnataka,2024-10-14,Unknown
CUST004525,Amit Malhotra,9133926289,riya.rathore201@outlook.com,452093,Indore,Madhya Pradesh,2024-07-30,Instagram Ads
CUST004526,Isha Sheikh,8525241616,N/A,753030,Cuttack,Odisha,2025-09-18,Unknown
CUST004527,Shreya Gupta,6326733441,aadhya.mishra573@yahoo.com,282036,Agra,Uttar Pradesh,2025-03-12,Organic Search
CUST004528,Krishna Ansari,7031331033,N/A,474009,Gwalior,Madhya Pradesh,2024-09-22,Facebook Ads
CUST004529,Sunil Singh,7988325501,N/A,160058,Chandigarh,Chandigarh,2024-11-18,Facebook Ads
CUST004530,Imran Reddy,9760132684,sai.khan282@gmail.com,380005,Ahmedabad,Gujarat,2025-09-15,Facebook Ads
CUST004531,Suresh Chauhan,6051513490,gurpreet.kumar543@yahoo.com,342086,Jodhpur,Rajasthan,2025-07-17,Referral
CUST004532,Imran Ansari,7996133172,aadhya.shah510@gmail.com,580007,Hubli,Karnataka,2025-10-29,Unknown
CUST004533,Saanvi Bhatt,Check Number,lakshmi.yadav267@yahoo.com,226018,Lucknow,Uttar Pradesh,2025-07-10,WhatsApp Reseller
CUST004534,Manoj Singh,9091894420,ishaan.khan746@rediffmail.com,695016,Thiruvananthapuram,Kerala,2024-02-01,Instagram Ads
CUST004535,Sunita Ansari,9267890442,aarav.shah449@outlook.com,695032, Thiruvananthapuram ,Kerala,2025-01-11,Facebook Ads
CUST004536,Deepak Sheikh,7516454653,riya.khan672@gmail.com,226003,Lucknow,Uttar Pradesh,2025-11-26,Facebook Ads
CUST004537,Aarav Patel,6735377712,pankaj.naidu134@gmail.com,695065,Thiruvananthapuram,Kerala,2025-10-13,Instagram Ads
CUST004538,Aarav Das,Check Number,manoj.reddy160@gmail.com,753069,Cuttack,Odisha,2025-01-27,WhatsApp Reseller
CUST004539,Shreya Naidu,7713279033,ananya.chatterjee698@yahoo.com,831005,Jamshedpur,Jharkhand,2023-08-28,Referral
CUST004540,Sunil Rao,7308606427,N/A,411037,Pune,Maharashtra,2024-08-06,Referral
CUST004541,Shreya Kumar,9286559027,ravi.naidu464@gmail.com,302094,Jaipur,Rajasthan,2023-10-25,WhatsApp Reseller
CUST004542,Pooja Bhatt,6728645518,arjun.das694@yahoo.com,422025,Nashik,Maharashtra,2024-07-08,WhatsApp Reseller
CUST004543,Harpreet Khan,7055541398,reyansh.iyer822@outlook.com,122011,Gurugram,Haryana,2024-02-20,Facebook Ads
CUST004544,Lakshmi Agarwal,7707343327,N/A,221031,Varanasi,Uttar Pradesh,2025-02-07,Organic Search
CUST004545,Vikas Patel,8917922803,N/A,560058,Bengaluru,Karnataka,2024-03-31,Referral
CUST004546,Ramesh Naidu,9756434682,N/A,753027,Cuttack,Odisha,2023-10-05,WhatsApp Reseller
CUST004547,Suresh Naidu,6042749986,N/A,221071, Varanasi ,Uttar Pradesh,2025-01-31,Instagram Ads
CUST004548,Ravi Ansari,7242036671,rohit.verma71@outlook.com,713042,Asansol,West Bengal,2025-12-15,Unknown
CUST004549,Geeta Pillai,6341642716,isha.chauhan848@gmail.com,842080,Muzaffarpur,Bihar,2023-11-14,Unknown
CUST004550,Saanvi Joshi,9831748276,N/A,221079,Varanasi,Uttar Pradesh,2025-04-07,Facebook Ads
CUST004551,Shreya Sharma,8651851663,tanvi.kumar370@rediffmail.com,342074,Jodhpur,Rajasthan,2025-02-17,Referral
CUST004552,Kavita Chauhan,8682124320,N/A,700091,Kolkata,West Bengal,2025-08-01,Organic Search
CUST004553,Rajesh Kumar,6319102654,N/A,380083, Ahmedabad ,Gujarat,2024-12-20,WhatsApp Reseller
CUST004554,Isha Rao,8008879174,aarav.chauhan375@yahoo.com,201048,Ghaziabad,Uttar Pradesh,2024-07-10,Facebook Ads
CUST004555,Aarav Bhatt,6309966229,kiara.ansari308@outlook.com,395015,Surat,Gujarat,2024-03-18,Facebook Ads
CUST004556,Geeta Ansari,9426493907,kiara.kumar617@outlook.com,734091,Siliguri,West Bengal,2025-08-25,Instagram Ads
CUST004557,Riya Banerjee,Missing,amit.bhatt892@gmail.com,506038,Warangal,Telangana,2025-07-01,WhatsApp Reseller
CUST004558,Aadhya Mukherjee,7858512990,aditya.verma92@rediffmail.com,823077,Gaya,Bihar,2025-03-26,WhatsApp Reseller
CUST004559,Ramesh Sheikh,9259834995,suresh.reddy493@yahoo.com,39506,Surat,Gujarat,2024-11-14,Referral
CUST004560,Vikas Yadav,6783434838,N/A,834056,Ranchi,Jharkhand,2025-07-20,WhatsApp Reseller
CUST004561,Farhan Rao,7137420282,shreya.malhotra741@gmail.com,800070,Patna,Bihar,2024-02-23,Facebook Ads
CUST004562,Diya Sheikh,7213191075,sunita.joshi633@outlook.com,360067,Rajkot,Gujarat,2025-05-29,Unknown
CUST004563,Imran Malhotra,8942172608,N/A,160072,Chandigarh,Chandigarh,2024-02-17,Unknown
CUST004564,Aarav Mishra,Check Number,geeta.reddy561@yahoo.com,208090,Kanpur,Uttar Pradesh,2025-09-30,Referral
CUST004565,Isha Ansari,9706756149,pooja.ansari523@rediffmail.com,201046,Ghaziabad,Uttar Pradesh,2024-07-03,Instagram Ads
CUST004566,Neha Sharma,9488190960,ravi.menon759@gmail.com,226083,Lucknow,Uttar Pradesh,2025-02-12,Organic Search
CUST004567,Jaspreet Malhotra,9319684708,riya.mukherjee39@yahoo.com,201027,Ghaziabad,Uttar Pradesh,2024-07-19,WhatsApp Reseller
CUST004568,Ananya Naidu,8325658993,riya.singh450@yahoo.com,713004, Asansol ,West Bengal,2023-12-07,Referral
CUST004569,Sneha Rao,6036915542,vihaan.patel446@outlook.com,20808,Kanpur,Uttar Pradesh,2023-10-07,Facebook Ads
CUST004570,Tanvi Verma,8659131638,diya.bhatt562@outlook.com,201099,Ghaziabad,Uttar Pradesh,2025-11-02,WhatsApp Reseller
CUST004571,Manoj Shah,8574998947,myra.joshi811@gmail.com,143023,Amritsar,Punjab,2025-03-27,WhatsApp Reseller
CUST004572,Sunil Gupta,9555677942,neha.desai959@gmail.com,580079,Hubli,Karnataka,2024-05-06,Instagram Ads
CUST004573,Vihaan Mukherjee,Check Number,N/A,823068,Gaya,Bihar,2023-10-16,Unknown
CUST004574,Vikas Ansari,6226854027,ishaan.nair892@rediffmail.com,141078,Ludhiana,Punjab,2024-09-20,Unknown
CUST004575,Manoj Gupta,7407786538,isha.nair882@outlook.com,143068,Amritsar,Punjab,2025-10-16,WhatsApp Reseller
CUST004576,Krishna Banerjee,8724221315,N/A,600000,Chennai,Tamil Nadu,2024-10-04,Referral
CUST004577,Sunil Singh,7604089975,suresh.mukherjee581@outlook.com,221031,Varanasi,Uttar Pradesh,2024-02-26,WhatsApp Reseller
CUST004578,Deepak Rao,8470408063,ishaan.ansari521@yahoo.com,422023,Nashik,Maharashtra,2025-11-23,Organic Search
CUST004579,Diya Shah,8450784902,pankaj.banerjee372@gmail.com,302053,Jaipur,Rajasthan,2025-11-13,Referral
CUST004580,Ananya Agarwal,6668623812,N/A,400080,Mumbai,Maharashtra,2023-11-20,Referral
CUST004581,Amit Singh,9904546437,kavita.sheikh706@gmail.com,282036,Agra,Uttar Pradesh,2023-11-17,Organic Search
CUST004582,Zoya Sheikh,9124465808,manoj.kumar113@outlook.com,560014,Bengaluru,Karnataka,2024-07-27,Unknown
CUST004583,Sneha Kumar,8433974808,harpreet.chauhan452@gmail.com,560051,Bengaluru,Karnataka,2023-10-05,Facebook Ads
CUST004584,Imran Naidu,7968772918,harpreet.agarwal976@rediffmail.com,800056,Patna,Bihar,2023-10-18,Organic Search
CUST004585,Lakshmi Banerjee,Missing,N/A,625039,Madurai,Tamil Nadu,2025-09-06,Referral
CUST004586,Ananya Iyer,7245265628,kavita.joshi467@outlook.com,226062,Lucknow,Uttar Pradesh,2025-09-07,WhatsApp Reseller
CUST004587,Jaspreet Reddy,8887138111,N/A,734054,Siliguri,West Bengal,2024-06-27,Referral
CUST004588,Zoya Nair,Missing,reyansh.banerjee454@yahoo.com,380059,Ahmedabad,Gujarat,2025-10-12,Facebook Ads
CUST004589,Kavita Naidu,8623870703,rajesh.patel969@yahoo.com,110034,New Delhi,Delhi,2024-02-06,Organic Search
CUST004590,Rekha Agarwal,6188505354,ananya.mukherjee373@yahoo.com,695094,Thiruvananthapuram,Kerala,2025-08-31,WhatsApp Reseller
CUST004591,Zoya Gupta,9254290743,harpreet.agarwal530@yahoo.com,226040,Lucknow,Uttar Pradesh,2024-10-24,Referral
CUST004592,Anil Shah,6412150684,manoj.agarwal162@gmail.com,474095,Gwalior,Madhya Pradesh,2025-07-10,Instagram Ads
CUST004593,Rohit Yadav,6986264059,ananya.yadav338@rediffmail.com,781005,Guwahati,Assam,2025-08-04,WhatsApp Reseller
CUST004594,Neha Rathore,6846707272,sandeep.pillai498@rediffmail.com,201007,Ghaziabad,Uttar Pradesh,2023-11-09,Organic Search
CUST004595,Ravi Sharma,8069422181,N/A,110067,New Delhi,Delhi,2026-01-23,Facebook Ads
CUST004596,Zoya Kumar,9106508728,aarav.joshi537@yahoo.com,831094,Jamshedpur,Jharkhand,2025-04-06,Unknown
CUST004597,Sunita Pillai,7335364386,aditya.sheikh248@yahoo.com,800023,Patna,Bihar,2024-02-26,Unknown
CUST004598,Kavita Iyer,8061294510,reyansh.mishra750@outlook.com,226098,Lucknow,Uttar Pradesh,2024-12-19,Unknown
CUST004599,Imran Yadav,7228107336,N/A,734095,Siliguri,West Bengal,2025-10-11,Organic Search
CUST004600,Rekha Singh,Missing,shreya.agarwal483@gmail.com,160075,Chandigarh,Chandigarh,2023-12-23,Unknown
CUST004601,Simran Nair,Check Number,ravi.chauhan372@gmail.com,781054,Guwahati,Assam,2024-01-07,Facebook Ads
CUST004602,Zoya Agarwal,Missing,N/A,781023,Guwahati,Assam,2024-05-21,Organic Search
CUST004603,Ayesha Bhatt,Missing,isha.rao812@yahoo.com,160044,Chandigarh,Chandigarh,2025-10-27,Facebook Ads
CUST004604,Rajesh Kumar,6821127293,krishna.agarwal307@outlook.com,781057,Guwahati,Assam,2025-03-20,Unknown
CUST004605,Jaspreet Sharma,7817781703,sai.iyer993@rediffmail.com,823009,Gaya,Bihar,2025-07-14,Organic Search
CUST004606,Sunita Ansari,7256292892,geeta.gupta668@gmail.com,360028,Rajkot,Gujarat,2024-11-27,WhatsApp Reseller
CUST004607,Mohammed Joshi,6732099807,priya.rathore546@rediffmail.com,302052,Jaipur,Rajasthan,2023-08-23,Instagram Ads
CUST004608,Ravi Rathore,Missing,N/A,411000,Pune,Maharashtra,2025-02-22,Unknown
CUST004609,Jaspreet Desai,9952552142,deepak.rathore376@gmail.com,580040,Hubli,Karnataka,2025-06-22,Referral
CUST004610,Geeta Patel,9362805324,aditya.verma298@outlook.com,751061,Bhubaneswar,Odisha,2024-04-24,Organic Search
CUST004611,Krishna Mishra,9043913246,ravi.rao334@gmail.com,360059,Rajkot,Gujarat,2024-12-01,WhatsApp Reseller
CUST004612,Farhan Khan,7531411247,vikas.naidu273@rediffmail.com,842056,Muzaffarpur,Bihar,2025-05-13,Referral
CUST004613,Arjun Ansari,6840635087,harpreet.yadav751@outlook.com,121055,Faridabad,Haryana,2025-04-14,Unknown
CUST004614,Imran Bhatt,8933930936,vivaan.mishra554@yahoo.com,734070,Siliguri,West Bengal,2025-03-09,Referral
CUST004615,Riya Sheikh,7469162730,riya.gupta939@yahoo.com,313099,Udaipur,Rajasthan,2024-12-16,Organic Search
CUST004616,Priya Mukherjee,9194112363,simran.reddy294@rediffmail.com,506061,Warangal,Telangana,2025-11-28,Instagram Ads
CUST004617,Myra Ansari,8333902965,sneha.yadav189@gmail.com,682029,Kochi,Kerala,2024-01-23,WhatsApp Reseller
CUST004618,Zoya Chatterjee,6334826452,aarav.naidu27@rediffmail.com,734027,Siliguri,West Bengal,2024-08-15,Unknown
CUST004619,Mohammed Kumar,Check Number,N/A,500071,Hyderabad,Telangana,2024-06-29,Organic Search
CUST004620,Zoya Mishra,Missing,amit.singh532@outlook.com,695063,Thiruvananthapuram,Kerala,2023-08-17,Instagram Ads
CUST004621,Aarav Agarwal,7509397114,deepak.yadav655@outlook.com,110037,New Delhi,Delhi,2025-01-15,Unknown
CUST004622,Deepak Agarwal,8387475162,deepak.khan106@yahoo.com,342079,Jodhpur,Rajasthan,2024-09-14,WhatsApp Reseller
CUST004623,Reyansh Das,7471960417,N/A,360005, Rajkot ,Gujarat,2024-04-11,Unknown
CUST004624,Lakshmi Chatterjee,8410167222,ramesh.yadav350@rediffmail.com,302065,Jaipur,Rajasthan,2024-11-21,Instagram Ads
CUST004625,Isha Menon,9684927056,mohammed.das477@gmail.com,360089,Rajkot,Gujarat,2025-11-07,WhatsApp Reseller
CUST004626,Ishaan Rao,6662595821,amit.iyer212@gmail.com,208055,Kanpur,Uttar Pradesh,2025-03-08,Organic Search
CUST004627,Amit Sheikh,7519862786,anil.gupta848@rediffmail.com,282069,Agra,Uttar Pradesh,2023-10-28,Instagram Ads
CUST004628,Sunita Iyer,7101010071,N/A,625097,Madurai,Tamil Nadu,2025-05-25,Referral
CUST004629,Kiara Nair,Check Number,N/A,110047,New Delhi,Delhi,2024-01-29,Unknown
CUST004630,Ravi Chatterjee,9280615916,suresh.singh704@yahoo.com,452085,Indore,Madhya Pradesh,2023-09-13,Facebook Ads
CUST004631,Aditya Yadav,7404251497,aadhya.menon273@outlook.com,452042,Indore,Madhya Pradesh,2025-04-10,Facebook Ads
CUST004632,Isha Malhotra,Missing,lakshmi.das501@gmail.com,713011,Asansol,West Bengal,2025-07-26,Facebook Ads
CUST004633,Ayesha Singh,8159472841,mohammed.agarwal529@rediffmail.com,600097,Chennai,Tamil Nadu,2023-12-30,Facebook Ads
CUST004634,Vikas Agarwal,Missing,aditya.chatterjee525@rediffmail.com,570044,Mysuru,Karnataka,2025-07-23,Referral
CUST004635,Gurpreet Naidu,7823287159,N/A,122043,Gurugram,Haryana,2024-10-15,Referral
CUST004636,Geeta Rathore,6909043370,arjun.rao627@outlook.com,474023,Gwalior,Madhya Pradesh,2023-12-14,Organic Search
CUST004637,Sunita Shah,7676117961,harpreet.mishra441@outlook.com,800013,Patna,Bihar,2024-09-23,Referral
CUST004638,Krishna Joshi,Missing,vikas.joshi863@yahoo.com,395070,Surat,Gujarat,2024-10-19,Organic Search
CUST004639,Rajesh Verma,8674885188,saanvi.banerjee227@outlook.com,122020,Gurugram,Haryana,2024-03-11,WhatsApp Reseller
CUST004640,Reyansh Chauhan,8556369347,rajesh.ansari950@rediffmail.com,313089,Udaipur,Rajasthan,2025-10-22,Referral
CUST004641,Reyansh Sheikh,6352331907,anil.mishra1@gmail.com,302031,Jaipur,Rajasthan,2025-01-03,WhatsApp Reseller
CUST004642,Vivaan Nair,6180196226,riya.rao768@gmail.com,823043,Gaya,Bihar,2024-07-20,WhatsApp Reseller
CUST004643,Kavita Yadav,9749513498,pankaj.joshi873@yahoo.com,713081,Asansol,West Bengal,2025-10-14,Organic Search
CUST004644,Manoj Rao,9219461106,imran.sharma664@yahoo.com,682058,Kochi,Kerala,2024-02-15,Organic Search
CUST004645,Imran Yadav,9033563483,pankaj.pillai383@yahoo.com,500054,Hyderabad,Telangana,2025-04-14,Referral
CUST004646,Pooja Mukherjee,8717726691,N/A,641007,Coimbatore,Tamil Nadu,2023-09-26,Instagram Ads
CUST004647,Lakshmi Ansari,Missing,kiara.chauhan376@yahoo.com,751094,Bhubaneswar,Odisha,2024-06-10,Unknown
CUST004648,Amit Gupta,8317958252,sandeep.shah580@gmail.com,753014,Cuttack,Odisha,2025-07-04,Unknown
CUST004649,Vihaan Malhotra,6743464818,kavita.malhotra263@yahoo.com,282045,Agra,Uttar Pradesh,2023-11-11,WhatsApp Reseller
CUST004650,Amit Menon,6528509656,mohammed.singh557@gmail.com,474099,Gwalior,Madhya Pradesh,2024-10-17,Facebook Ads
CUST004651,Kavita Joshi,9939980682,N/A,302XX8,Jaipur,Rajasthan,2025-06-22,Referral
CUST004652,Sunil Khan,Missing,farhan.sharma481@gmail.com,560083,Bengaluru,Karnataka,2025-04-10,Referral
CUST004653,Diya Malhotra,7810210251,kavita.patel806@yahoo.com,842012,Muzaffarpur,Bihar,2024-09-13,Organic Search
CUST004654,Neha Patel,7179825075,ananya.sharma684@gmail.com,625077,Madurai,Tamil Nadu,2024-08-20,Referral
CUST004655,Saanvi Pillai,9536520539,aditya.iyer681@rediffmail.com,160036,Chandigarh,Chandigarh,2024-03-30,WhatsApp Reseller
CUST004656,Vihaan Chatterjee,8595121286,anil.joshi846@yahoo.com,474005,Gwalior,Madhya Pradesh,2025-07-01,Referral
CUST004657,Sai Chatterjee,Missing,amit.chatterjee408@gmail.com,411097,Pune,Maharashtra,2025-06-17,Facebook Ads
CUST004658,Rekha Iyer,7282142778,lakshmi.das935@outlook.com,122032,Gurugram,Haryana,2024-03-29,WhatsApp Reseller
CUST004659,Reyansh Sharma,9564232454,N/A,226043,Lucknow,Uttar Pradesh,2024-01-06,Facebook Ads
CUST004660,Rohit Banerjee,8893599851,N/A,342055,Jodhpur,Rajasthan,2024-11-05,Unknown
CUST004661,Saanvi Chauhan,9735950849,ayesha.das443@outlook.com,500004,Hyderabad,Telangana,2024-05-24,WhatsApp Reseller
CUST004662,Ayesha Yadav,7979151430,arjun.agarwal509@outlook.com,560070,Bengaluru,Karnataka,2023-10-10,Unknown
CUST004663,Aarav Sharma,9178610649,neha.gupta439@yahoo.com,580025,Hubli,Karnataka,2024-02-10,Unknown
CUST004664,Vihaan Iyer,6174838361,kavita.singh225@yahoo.com,682036,Kochi,Kerala,2023-11-26,Organic Search
CUST004665,Riya Sharma,9475343576,priya.verma800@gmail.com,226026,Lucknow,Uttar Pradesh,2024-01-02,Instagram Ads
CUST004666,Saanvi Menon,8194956378,pooja.naidu374@gmail.com,695079,Thiruvananthapuram,Kerala,2023-12-30,Organic Search
CUST004667,Sai Mishra,Check Number,ravi.chatterjee982@gmail.com,208052, Kanpur ,Uttar Pradesh,2023-09-17,Facebook Ads
CUST004668,Ayesha Nair,8821023689,sai.joshi588@yahoo.com,422087,Nashik,Maharashtra,2024-02-19,WhatsApp Reseller
CUST004669,Ayesha Sharma,6991521595,ayesha.verma849@yahoo.com,400040,Mumbai,Maharashtra,2024-04-04,Unknown
CUST004670,Lakshmi Banerjee,8183946695,vivaan.rathore292@gmail.com,302082,Jaipur,Rajasthan,2025-08-01,Referral
CUST004671,Sneha Reddy,7743508340,amit.nair776@gmail.com,560001,Bengaluru,Karnataka,2023-12-20,Referral
CUST004672,Sunil Pillai,8894445531,zoya.mukherjee628@gmail.com,751064,Bhubaneswar,Odisha,2024-07-27,Instagram Ads
CUST004673,Amit Mukherjee,6727495916,N/A,800013,Patna,Bihar,2024-07-06,Unknown
CUST004674,Sunita Das,9259130003,deepak.chatterjee181@rediffmail.com,422041,Nashik,Maharashtra,2024-03-02,Organic Search
CUST004675,Jaspreet Khan,7751999369,simran.das103@outlook.com,302040,Jaipur,Rajasthan,2025-06-17,Instagram Ads
CUST004676,Farhan Gupta,Missing,ishaan.menon573@rediffmail.com,570071,Mysuru,Karnataka,2025-11-17,Referral
CUST004677,Rekha Reddy,9810324717,mohammed.banerjee333@outlook.com,500004,Hyderabad,Telangana,2025-04-25,WhatsApp Reseller
CUST004678,Aadhya Chatterjee,6925773475,sunil.malhotra804@gmail.com,342093,Jodhpur,Rajasthan,2025-09-06,Unknown
CUST004679,Lakshmi Nair,6987691749,aarav.banerjee378@yahoo.com,506056,Warangal,Telangana,2025-11-12,Instagram Ads
CUST004680,Tanvi Patel,7101614811,rajesh.iyer966@rediffmail.com,781063,Guwahati,Assam,2023-12-25,Organic Search
CUST004681,Aditya Malhotra,Missing,sai.yadav304@rediffmail.com,713012,Asansol,West Bengal,2025-12-23,Organic Search
CUST004682,Ishaan Desai,Missing,sai.naidu157@yahoo.com,395034,Surat,Gujarat,2025-09-22,Unknown
CUST004683,Myra Rathore,6265007540,kiara.singh132@yahoo.com,201080,Ghaziabad,Uttar Pradesh,2026-01-10,WhatsApp Reseller
CUST004684,Suresh Reddy,7065519497,suresh.reddy435@yahoo.com,625020,Madurai,Tamil Nadu,2025-08-11,Organic Search
CUST004685,Simran Kumar,7187045037,pooja.menon952@gmail.com,500032,Hyderabad,Telangana,2024-04-01,Instagram Ads
CUST004686,Farhan Sheikh,8933316965,kiara.joshi858@yahoo.com,625040,Madurai,Tamil Nadu,2023-10-11,Referral
CUST004687,Rekha Banerjee,7694882595,N/A,831068,Jamshedpur,Jharkhand,2025-12-19,Referral
CUST004688,Imran Desai,Missing,sunita.rathore810@yahoo.com,440013,Nagpur,Maharashtra,2024-03-08,Instagram Ads
CUST004689,Neha Das,9558485923,manoj.mishra19@rediffmail.com,625023,Madurai,Tamil Nadu,2024-09-28,Organic Search
CUST004690,Sunil Bhatt,7358914092,N/A,440090,Nagpur,Maharashtra,2024-02-03,Instagram Ads
CUST004691,Imran Sheikh,6339004645,sandeep.malhotra489@outlook.com,226050,Lucknow,Uttar Pradesh,2025-10-30,Referral
CUST004692,Gurpreet Patel,7975998432,vihaan.yadav568@rediffmail.com,201005,Ghaziabad,Uttar Pradesh,2024-10-15,Instagram Ads
CUST004693,Sunita Mishra,6202109149,ravi.sheikh662@outlook.com,360095,Rajkot,Gujarat,2024-04-07,Facebook Ads
CUST004694,Aditya Sharma,8168645746,sunita.patel858@gmail.com,143046,Amritsar,Punjab,2025-09-20,WhatsApp Reseller
CUST004695,Pooja Ansari,9567984750,ishaan.rao274@outlook.com,751014,Bhubaneswar,Odisha,2025-08-05,Referral
CUST004696,Aadhya Singh,9223175513,ananya.chauhan412@outlook.com,781055,Guwahati,Assam,2024-08-01,Instagram Ads
CUST004697,Sunita Sharma,Missing,ramesh.reddy608@outlook.com,122001,Gurugram,Haryana,2023-12-08,Facebook Ads
CUST004698,Deepak Bhatt,Missing,zoya.verma915@yahoo.com,570087,Mysuru,Karnataka,2024-12-20,Organic Search
CUST004699,Kiara Joshi,9861592064,ananya.naidu121@gmail.com,342082,Jodhpur,Rajasthan,2023-10-22,WhatsApp Reseller
CUST004700,Ramesh Khan,9039322349,gurpreet.patel956@outlook.com,411073,Pune,Maharashtra,2024-05-14,Organic Search
CUST004701,Aarav Malhotra,9020349342,harpreet.reddy45@rediffmail.com,440064, Nagpur ,Maharashtra,2024-08-10,Facebook Ads
CUST004702,Aditya Naidu,6869193649,amit.reddy767@outlook.com,226006,Lucknow,Uttar Pradesh,2025-11-26,Instagram Ads
CUST004703,Sai Verma,7126753624,vikas.rathore935@rediffmail.com,506050,Warangal,Telangana,2024-05-15,Instagram Ads
CUST004704,Sai Chauhan,9635542011,N/A,474053,Gwalior,Madhya Pradesh,2024-05-21,Facebook Ads
CUST004705,Aadhya Das,6530610843,ananya.nair761@gmail.com,452085,Indore,Madhya Pradesh,2025-10-05,Facebook Ads
CUST004706,Pooja Rao,9401517143,rohit.rathore168@rediffmail.com,734046,Siliguri,West Bengal,2025-04-10,Facebook Ads
CUST004707,Krishna Das,9498767468,isha.shah632@gmail.com,440098,Nagpur,Maharashtra,2024-01-02,Instagram Ads
CUST004708,Aadhya Pillai,Missing,arjun.rathore960@rediffmail.com,713086,Asansol,West Bengal,2024-05-27,Facebook Ads
CUST004709,Jaspreet Sharma,Missing,N/A,110074,New Delhi,Delhi,2025-11-19,Unknown
CUST004710,Mohammed Malhotra,8092431481,priya.chatterjee642@gmail.com,560023,Bengaluru,Karnataka,2025-05-05,Organic Search
CUST004711,Reyansh Das,Missing,ananya.patel120@gmail.com,500065,Hyderabad,Telangana,2025-03-22,Instagram Ads
CUST004712,Aarav Sharma,9568546834,N/A,143061,Amritsar,Punjab,2025-12-31,Facebook Ads
CUST004713,Gurpreet Verma,8376836168,N/A,500082,Hyderabad,Telangana,2025-11-27,Organic Search
CUST004714,Pooja Pillai,9236587846,ravi.pillai608@gmail.com,221004,Varanasi,Uttar Pradesh,2025-03-12,Instagram Ads
CUST004715,Rajesh Sharma,6057883850,sneha.ansari834@gmail.com,121087,Faridabad,Haryana,2026-01-06,Referral
CUST004716,Amit Rao,6888250660,sunil.yadav290@outlook.com,823069,Gaya,Bihar,2024-09-17,Referral
CUST004717,Geeta Menon,6745539345,sai.das236@yahoo.com,226035,Lucknow,Uttar Pradesh,2024-02-17,WhatsApp Reseller
CUST004718,Rohit Yadav,9632942474,pankaj.nair730@yahoo.com,121073,Faridabad,Haryana,2025-08-06,Facebook Ads
CUST004719,Amit Mukherjee,8592694694,myra.nair804@outlook.com,800025, Patna ,Bihar,2025-06-29,Instagram Ads
CUST004720,Sai Malhotra,6847071085,priya.verma906@outlook.com,462098,Bhopal,Madhya Pradesh,2024-07-17,WhatsApp Reseller
CUST004721,Saanvi Shah,8162762267,jaspreet.desai629@gmail.com,110013,New Delhi,Delhi,2024-07-10,Referral
CUST004722,Rajesh Malhotra,6174104339,N/A,380084,Ahmedabad,Gujarat,2024-03-21,Referral
CUST004723,Krishna Sheikh,9360052493,N/A,452021,Indore,Madhya Pradesh,2026-01-08,Unknown
CUST004724,Tanvi Chatterjee,7215573279,simran.khan483@gmail.com,600012,Chennai,Tamil Nadu,2025-08-12,WhatsApp Reseller
CUST004725,Aadhya Reddy,6950807101,farhan.shah340@rediffmail.com,141074,Ludhiana,Punjab,2025-08-04,Organic Search
CUST004726,Aadhya Mishra,8082959460,pooja.malhotra120@yahoo.com,422098,Nashik,Maharashtra,2024-02-01,Facebook Ads
CUST004727,Zoya Verma,9713697198,mohammed.gupta217@rediffmail.com,11002,New Delhi,Delhi,2025-01-28,WhatsApp Reseller
CUST004728,Pankaj Reddy,7044615563,N/A,313041,Udaipur,Rajasthan,2024-04-19,Facebook Ads
CUST004729,Rajesh Mishra,8746127505,shreya.reddy842@outlook.com,360077,Rajkot,Gujarat,2023-11-25,Facebook Ads
CUST004730,Arjun Agarwal,6128077212,N/A,440010,Nagpur,Maharashtra,2023-09-26,WhatsApp Reseller
CUST004731,Priya Naidu,7461746967,suresh.sharma211@rediffmail.com,411053,Pune,Maharashtra,2024-03-04,Instagram Ads
CUST004732,Ananya Rathore,6412927565,sai.shah838@rediffmail.com,570058,Mysuru,Karnataka,2025-09-22,Unknown
CUST004733,Vihaan Banerjee,8235913567,N/A,734076,Siliguri,West Bengal,2024-04-19,Referral
CUST004734,Neha Kumar,7445361051,sai.sharma105@rediffmail.com,842014,Muzaffarpur,Bihar,2024-10-03,Unknown
CUST004735,Imran Singh,7964289216,N/A,700033,Kolkata,West Bengal,2025-02-14,Facebook Ads
CUST004736,Isha Agarwal,8287582930,simran.das984@yahoo.com,208004,Kanpur,Uttar Pradesh,2024-08-15,Referral
CUST004737,Neha Kumar,6391595960,amit.joshi290@rediffmail.com,201084,Ghaziabad,Uttar Pradesh,2025-09-30,Unknown
CUST004738,Shreya Nair,9500456166,deepak.reddy700@rediffmail.com,753017,Cuttack,Odisha,2024-01-07,Unknown
CUST004739,Kavita Bhatt,7500004636,sai.ansari280@rediffmail.com,201063,Ghaziabad,Uttar Pradesh,2024-07-27,Facebook Ads
CUST004740,Deepak Chauhan,9269222553,lakshmi.nair892@gmail.com,42204,Nashik,Maharashtra,2024-11-22,Unknown
CUST004741,Ayesha Reddy,7857375684,ravi.kumar367@gmail.com,695008,Thiruvananthapuram,Kerala,2024-01-16,Instagram Ads
CUST004742,Isha Ansari,7271959328,vivaan.malhotra841@rediffmail.com,400XX8,Mumbai,Maharashtra,2025-03-17,Unknown
CUST004743,Anil Sharma,8177565702,ravi.patel554@yahoo.com,831079,Jamshedpur,Jharkhand,2024-10-08,Facebook Ads
CUST004744,Sandeep Joshi,6811979750,mohammed.joshi795@gmail.com,201077,Ghaziabad,Uttar Pradesh,2025-02-21,Instagram Ads
CUST004745,Tanvi Kumar,6672981394,N/A,462041,Bhopal,Madhya Pradesh,2024-08-17,Facebook Ads
CUST004746,Zoya Naidu,6552041979,mohammed.malhotra479@outlook.com,570001,Mysuru,Karnataka,2024-11-03,Instagram Ads
CUST004747,Arjun Desai,8940216143,gurpreet.chauhan825@gmail.com,143012,Amritsar,Punjab,2024-07-25,Unknown
CUST004748,Mohammed Shah,9616741483,deepak.rao517@gmail.com,713045,Asansol,West Bengal,2025-09-04,Instagram Ads
CUST004749,Aditya Verma,Check Number,sai.das834@outlook.com,221059,Varanasi,Uttar Pradesh,2024-05-19,Instagram Ads
CUST004750,Harpreet Desai,7052179583,rohit.kumar12@outlook.com,600061,Chennai,Tamil Nadu,2023-12-04,Unknown
CUST004751,Riya Kumar,7658017486,vikas.rathore347@yahoo.com,141069,Ludhiana,Punjab,2025-11-20,Facebook Ads
CUST004752,Rekha Singh,Check Number,ravi.reddy867@gmail.com,221045,Varanasi,Uttar Pradesh,2023-12-24,WhatsApp Reseller
CUST004753,Aadhya Rathore,6733911983,diya.das744@yahoo.com,411096,Pune,Maharashtra,2024-12-26,Referral
CUST004754,Lakshmi Patel,7204408344,priya.joshi447@outlook.com,143077,Amritsar,Punjab,2024-08-30,Organic Search
CUST004755,Krishna Sheikh,6484423422,jaspreet.reddy546@yahoo.com,69506,Thiruvananthapuram,Kerala,2024-09-16,Instagram Ads
CUST004756,Vihaan Chatterjee,9844731468,sandeep.mukherjee512@gmail.com,302053,Jaipur,Rajasthan,2025-01-09,Instagram Ads
CUST004757,Vihaan Ansari,8790815893,ishaan.ansari33@yahoo.com,143095,Amritsar,Punjab,2023-11-25,Facebook Ads
CUST004758,Ishaan Ansari,7791600533,vivaan.mukherjee352@outlook.com,141007,Ludhiana,Punjab,2025-06-03,Instagram Ads
CUST004759,Anil Desai,Missing,aarav.sheikh805@rediffmail.com,831055,Jamshedpur,Jharkhand,2025-12-30,WhatsApp Reseller
CUST004760,Ramesh Kumar,6877342203,sandeep.verma255@yahoo.com,462011,Bhopal,Madhya Pradesh,2025-12-13,Organic Search
CUST004761,Rajesh Mukherjee,Missing,N/A,625080, Madurai ,Tamil Nadu,2025-02-07,Facebook Ads
CUST004762,Arjun Patel,Check Number,shreya.yadav514@gmail.com,831095,Jamshedpur,Jharkhand,2024-05-14,Unknown
CUST004763,Neha Ansari,7764683189,rohit.mukherjee823@gmail.com,282047,Agra,Uttar Pradesh,2024-01-10,Facebook Ads
CUST004764,Jaspreet Iyer,7013270893,harpreet.verma458@gmail.com,823037,Gaya,Bihar,2023-10-28,Organic Search
CUST004765,Deepak Sharma,9592446026,N/A,121067,Faridabad,Haryana,2024-10-21,Instagram Ads
CUST004766,Rekha Das,7491887474,neha.rao590@yahoo.com,500057,Hyderabad,Telangana,2026-01-28,WhatsApp Reseller
CUST004767,Rajesh Rao,6571834241,sandeep.mukherjee563@yahoo.com,422070,Nashik,Maharashtra,2024-08-12,Unknown
CUST004768,Ravi Ansari,8093801266,krishna.pillai518@yahoo.com,734XX8,Siliguri,West Bengal,2023-10-26,Referral
CUST004769,Isha Sheikh,Missing,zoya.das186@rediffmail.com,800001,Patna,Bihar,2025-01-25,Unknown
CUST004770,Isha Mishra,9281090620,ananya.chauhan217@gmail.com,160030,Chandigarh,Chandigarh,2025-09-20,Facebook Ads
CUST004771,Aditya Reddy,6112976407,aditya.khan347@gmail.com,452068,Indore,Madhya Pradesh,2024-06-13,Unknown
CUST004772,Sai Desai,Check Number,rekha.shah684@gmail.com,842052,Muzaffarpur,Bihar,2025-04-14,Facebook Ads
CUST004773,Suresh Naidu,7359366293,pankaj.ansari641@outlook.com,682001,Kochi,Kerala,2023-12-06,Unknown
CUST004774,Imran Khan,8799172780,riya.naidu466@yahoo.com,440099,Nagpur,Maharashtra,2024-08-30,Organic Search
CUST004775,Rohit Menon,7421426774,tanvi.mishra106@gmail.com,713040,Asansol,West Bengal,2025-01-11,WhatsApp Reseller
CUST004776,Manoj Patel,6863825436,N/A,834047,Ranchi,Jharkhand,2025-01-22,Facebook Ads
CUST004777,Sneha Kumar,6360579792,ishaan.nair508@yahoo.com,560025,Bengaluru,Karnataka,2024-07-09,Facebook Ads
CUST004778,Vivaan Iyer,8457282618,anil.banerjee506@yahoo.com,143044,Amritsar,Punjab,2024-01-09,WhatsApp Reseller
CUST004779,Aarav Gupta,8622171467,krishna.joshi554@gmail.com,462043,Bhopal,Madhya Pradesh,2025-01-08,Referral
CUST004780,Ananya Singh,8179575811,kiara.yadav960@gmail.com,282052,Agra,Uttar Pradesh,2024-12-14,Organic Search
CUST004781,Deepak Pillai,9145839187,mohammed.gupta276@rediffmail.com,160053,Chandigarh,Chandigarh,2023-12-03,Organic Search
CUST004782,Isha Shah,6894499707,sandeep.chatterjee936@rediffmail.com,600022,Chennai,Tamil Nadu,2025-05-06,Instagram Ads
CUST004783,Sunita Menon,7538496125,N/A,682089,Kochi,Kerala,2024-06-17,Facebook Ads
CUST004784,Rekha Sheikh,6625983913,N/A,360082, Rajkot ,Gujarat,2024-10-09,Referral
CUST004785,Ayesha Ansari,9464439920,ramesh.singh815@gmail.com,580034,Hubli,Karnataka,2024-04-21,Organic Search
CUST004786,Rekha Patel,9877550718,aarav.patel383@rediffmail.com,842005,Muzaffarpur,Bihar,2024-09-12,Facebook Ads
CUST004787,Neha Desai,8556707091,suresh.gupta494@gmail.com,313068,Udaipur,Rajasthan,2025-04-10,Instagram Ads
CUST004788,Sunil Das,9580948301,sunil.bhatt348@gmail.com,600043,Chennai,Tamil Nadu,2026-01-02,Unknown
CUST004789,Manoj Menon,Missing,gurpreet.kumar778@rediffmail.com,122001,Gurugram,Haryana,2025-11-19,WhatsApp Reseller
CUST004790,Sunil Verma,6251190244,sai.reddy403@gmail.com,781017,Guwahati,Assam,2024-04-21,Organic Search
CUST004791,Aarav Menon,7248356116,shreya.singh461@yahoo.com,342065,Jodhpur,Rajasthan,2023-08-26,Referral
CUST004792,Myra Rathore,7268763773,aditya.pillai199@outlook.com,395015,Surat,Gujarat,2023-12-10,Organic Search
CUST004793,Riya Agarwal,7275288209,pankaj.malhotra477@rediffmail.com,400078,Mumbai,Maharashtra,2023-09-12,WhatsApp Reseller
CUST004794,Vihaan Khan,6915883452,mohammed.iyer418@outlook.com,781043,Guwahati,Assam,2024-10-09,WhatsApp Reseller
CUST004795,Aadhya Naidu,7089671919,suresh.verma923@gmail.com,121049,Faridabad,Haryana,2025-04-18,Facebook Ads
CUST004796,Riya Chatterjee,9086582713,suresh.chauhan442@rediffmail.com,474075,Gwalior,Madhya Pradesh,2024-01-13,WhatsApp Reseller
CUST004797,Simran Das,6915977814,amit.malhotra572@outlook.com,753058,Cuttack,Odisha,2024-11-28,Organic Search
CUST004798,Kavita Singh,7304658863,sai.patel857@rediffmail.com,395084,Surat,Gujarat,2025-08-08,Unknown
CUST004799,Sandeep Banerjee,6479843126,sunita.rao254@outlook.com,342066,Jodhpur,Rajasthan,2025-12-28,Organic Search
CUST004800,Kavita Rao,6077485101,mohammed.singh445@outlook.com,682084,Kochi,Kerala,2025-11-02,Organic Search
CUST004801,Gurpreet Sharma,6415203882,ananya.yadav338@outlook.com,753051,Cuttack,Odisha,2024-01-22,Referral
CUST004802,Manoj Khan,9105991237,sunita.kumar511@gmail.com,800066,Patna,Bihar,2024-08-23,Facebook Ads
CUST004803,Neha Malhotra,8690647640,aarav.menon654@rediffmail.com,400089,Mumbai,Maharashtra,2025-03-04,Unknown
CUST004804,Rohit Gupta,9064416220,ayesha.joshi656@rediffmail.com,560066,Bengaluru,Karnataka,2024-06-13,Instagram Ads
CUST004805,Vikas Pillai,6480573588,N/A,221051,Varanasi,Uttar Pradesh,2024-09-10,Organic Search
CUST004806,Rekha Kumar,7903188135,N/A,440086,Nagpur,Maharashtra,2024-06-12,WhatsApp Reseller
CUST004807,Aarav Sheikh,8286444947,tanvi.agarwal686@outlook.com,360037,Rajkot,Gujarat,2024-08-08,WhatsApp Reseller
CUST004808,Deepak Verma,7417942450,aditya.nair63@gmail.com,201044,Ghaziabad,Uttar Pradesh,2025-03-28,Instagram Ads
CUST004809,Simran Kumar,8276366870,N/A,400025,Mumbai,Maharashtra,2024-01-15,Organic Search
CUST004810,Vihaan Mishra,7689222898,saanvi.naidu186@outlook.com,342061,Jodhpur,Rajasthan,2023-10-15,WhatsApp Reseller
CUST004811,Aadhya Mukherjee,6765955900,aadhya.desai726@rediffmail.com,395XX1,Surat,Gujarat,2025-11-28,Unknown
CUST004812,Pooja Sharma,8191458929,isha.joshi866@yahoo.com,208090,Kanpur,Uttar Pradesh,2024-01-26,WhatsApp Reseller
CUST004813,Aadhya Banerjee,6313071695,farhan.banerjee703@gmail.com,570044,Mysuru,Karnataka,2023-12-04,Instagram Ads
CUST004814,Suresh Desai,6148975484,anil.desai293@outlook.com,831055,Jamshedpur,Jharkhand,2025-09-13,WhatsApp Reseller
CUST004815,Kiara Rao,6071072645,diya.shah172@gmail.com,641017,Coimbatore,Tamil Nadu,2024-06-09,Instagram Ads
CUST004816,Pankaj Malhotra,9270464878,deepak.khan525@outlook.com,226069,Lucknow,Uttar Pradesh,2024-10-16,Unknown
CUST004817,Aadhya Sheikh,6627778928,rekha.singh158@rediffmail.com,462030,Bhopal,Madhya Pradesh,2025-08-01,WhatsApp Reseller
CUST004818,Ishaan Kumar,9991791646,N/A,713041,Asansol,West Bengal,2025-12-07,WhatsApp Reseller
CUST004819,Deepak Chauhan,8939621835,rohit.pillai271@gmail.com,560013,Bengaluru,Karnataka,2025-09-22,Organic Search
CUST004820,Kavita Kumar,9649229206,amit.naidu253@rediffmail.com,395046,Surat,Gujarat,2025-11-05,Referral
CUST004821,Rajesh Bhatt,9555106116,rajesh.das843@rediffmail.com,842096,Muzaffarpur,Bihar,2025-06-19,Facebook Ads
CUST004822,Sunil Malhotra,9128822753,tanvi.bhatt424@yahoo.com,800008,Patna,Bihar,2023-09-17,Organic Search
CUST004823,Harpreet Pillai,9722454846,N/A,474089,Gwalior,Madhya Pradesh,2025-12-15,Facebook Ads
CUST004824,Imran Ansari,8021903244,myra.nair152@yahoo.com,201089,Ghaziabad,Uttar Pradesh,2025-05-07,Facebook Ads
CUST004825,Anil Nair,7829885249,N/A,226012,Lucknow,Uttar Pradesh,2024-09-23,Referral
CUST004826,Rohit Banerjee,6196846873,imran.yadav846@gmail.com,842071,Muzaffarpur,Bihar,2025-05-19,Facebook Ads
CUST004827,Isha Mukherjee,Missing,krishna.sheikh313@gmail.com,781087,Guwahati,Assam,2024-10-14,Facebook Ads
CUST004828,Zoya Bhatt,7636903680,sunita.rao770@outlook.com,570097,Mysuru,Karnataka,2025-06-08,WhatsApp Reseller
CUST004829,Rekha Pillai,6708604429,N/A,221009,Varanasi,Uttar Pradesh,2025-06-29,Facebook Ads
CUST004830,Isha Yadav,8593041861,sunita.malhotra672@outlook.com,734065,Siliguri,West Bengal,2025-02-22,Instagram Ads
CUST004831,Kiara Mishra,9314791439,imran.pillai496@outlook.com,462011,Bhopal,Madhya Pradesh,2023-12-22,Unknown
CUST004832,Riya Bhatt,Check Number,N/A,34202,Jodhpur,Rajasthan,2023-10-07,Instagram Ads
CUST004833,Pooja Agarwal,9794332031,sandeep.sharma745@outlook.com,734019,Siliguri,West Bengal,2024-05-26,Facebook Ads
CUST004834,Aarav Das,8149171792,myra.khan610@yahoo.com,302016,Jaipur,Rajasthan,2025-05-25,WhatsApp Reseller
CUST004835,Reyansh Rao,6365841075,pankaj.gupta752@gmail.com,121099,Faridabad,Haryana,2024-12-26,Organic Search
CUST004836,Kiara Kumar,7168885116,deepak.singh376@rediffmail.com,122017,Gurugram,Haryana,2024-03-16,Referral
CUST004837,Aditya Reddy,Missing,amit.sheikh855@outlook.com,570039,Mysuru,Karnataka,2023-12-01,Facebook Ads
CUST004838,Aadhya Rathore,8409743441,N/A,695062,Thiruvananthapuram,Kerala,2025-12-31,WhatsApp Reseller
CUST004839,Vivaan Bhatt,6823860420,harpreet.desai55@gmail.com,342099,Jodhpur,Rajasthan,2025-11-22,Organic Search
CUST004840,Sneha Agarwal,6889874315,tanvi.khan164@yahoo.com,201017,Ghaziabad,Uttar Pradesh,2024-06-01,Referral
CUST004841,Ravi Malhotra,9593777573,anil.banerjee790@yahoo.com,440088,Nagpur,Maharashtra,2023-09-07,Referral
CUST004842,Geeta Agarwal,Check Number,rekha.reddy51@yahoo.com,600004,Chennai,Tamil Nadu,2024-03-12,Instagram Ads
CUST004843,Zoya Sheikh,7853193486,sneha.malhotra735@outlook.com,440092,Nagpur,Maharashtra,2025-11-03,Unknown
CUST004844,Diya Singh,9920086872,N/A,160058,Chandigarh,Chandigarh,2024-11-05,Facebook Ads
CUST004845,Sai Menon,8591932279,anil.das76@outlook.com,641083,Coimbatore,Tamil Nadu,2023-11-21,Unknown
CUST004846,Suresh Malhotra,6085119766,N/A,700096,Kolkata,West Bengal,2024-03-21,Referral
CUST004847,Mohammed Agarwal,8743671528,isha.kumar437@rediffmail.com,422055,Nashik,Maharashtra,2025-03-27,Organic Search
CUST004848,Aditya Shah,9625632019,anil.verma609@rediffmail.com,823076,Gaya,Bihar,2026-01-28,Facebook Ads
CUST004849,Ravi Banerjee,9397684574,N/A,753058,Cuttack,Odisha,2023-11-13,Referral
CUST004850,Simran Pillai,9330980026,zoya.agarwal36@gmail.com,506079,Warangal,Telangana,2024-07-08,Unknown
CUST004851,Riya Shah,9355387214,vivaan.sharma919@yahoo.com,842092,Muzaffarpur,Bihar,2024-07-09,Referral
CUST004852,Suresh Rao,9468212279,N/A,400062, Mumbai ,Maharashtra,2025-07-07,Facebook Ads
CUST004853,Harpreet Chauhan,7208025613,myra.pillai393@rediffmail.com,282055,Agra,Uttar Pradesh,2025-01-28,Unknown
CUST004854,Sunita Singh,7923418686,vikas.iyer869@yahoo.com,700074,Kolkata,West Bengal,2024-07-29,Instagram Ads
CUST004855,Sandeep Ansari,9143748322,imran.iyer816@rediffmail.com,11008,New Delhi,Delhi,2024-11-15,Organic Search
CUST004856,Aarav Das,6886689265,sunil.agarwal345@gmail.com,506021,Warangal,Telangana,2024-03-18,Facebook Ads
CUST004857,Diya Reddy,6228669882,priya.reddy754@gmail.com,682026,Kochi,Kerala,2025-12-30,Unknown
CUST004858,Vikas Nair,7353392828,aadhya.das585@rediffmail.com,122069,Gurugram,Haryana,2025-08-09,Facebook Ads
CUST004859,Reyansh Bhatt,8239528966,pankaj.malhotra325@rediffmail.com,753089,Cuttack,Odisha,2024-06-15,Facebook Ads
CUST004860,Imran Chauhan,7273317841,jaspreet.joshi806@yahoo.com,695038,Thiruvananthapuram,Kerala,2024-12-29,Unknown
CUST004861,Kiara Singh,9559976791,diya.naidu32@yahoo.com,121036,Faridabad,Haryana,2024-03-01,WhatsApp Reseller
CUST004862,Sunita Mishra,8644848789,N/A,360073,Rajkot,Gujarat,2024-10-15,Referral
CUST004863,Sandeep Iyer,8466096484,neha.menon324@gmail.com,600053,Chennai,Tamil Nadu,2024-01-30,Unknown
CUST004864,Geeta Sheikh,8373893505,manoj.banerjee674@rediffmail.com,422003,Nashik,Maharashtra,2024-06-07,WhatsApp Reseller
CUST004865,Harpreet Joshi,6057964834,arjun.singh769@rediffmail.com,580029,Hubli,Karnataka,2025-06-08,WhatsApp Reseller
CUST004866,Ramesh Naidu,8397623978,sai.agarwal665@gmail.com,474041,Gwalior,Madhya Pradesh,2025-11-05,WhatsApp Reseller
CUST004867,Simran Agarwal,7340440112,mohammed.verma501@outlook.com,823034, Gaya ,Bihar,2025-04-11,WhatsApp Reseller
CUST004868,Rekha Ansari,6413378014,zoya.chatterjee343@gmail.com,342042,Jodhpur,Rajasthan,2024-03-24,WhatsApp Reseller
CUST004869,Isha Chatterjee,7449839229,sunita.iyer927@outlook.com,700033,Kolkata,West Bengal,2025-09-03,Instagram Ads
CUST004870,Aditya Reddy,8140575995,N/A,695015,Thiruvananthapuram,Kerala,2023-12-20,Unknown
CUST004871,Krishna Singh,7603846757,shreya.singh593@yahoo.com,734045,Siliguri,West Bengal,2024-01-22,Referral
CUST004872,Gurpreet Pillai,8750227197,suresh.khan852@gmail.com,143024,Amritsar,Punjab,2025-09-08,WhatsApp Reseller
CUST004873,Vikas Rathore,9128405554,N/A,580077,Hubli,Karnataka,2025-03-25,Organic Search
CUST004874,Krishna Nair,6614538747,krishna.chatterjee340@yahoo.com,282045,Agra,Uttar Pradesh,2024-06-18,Facebook Ads
CUST004875,Riya Gupta,6453733686,aditya.sheikh259@gmail.com,625016,Madurai,Tamil Nadu,2023-10-19,Organic Search
CUST004876,Ayesha Agarwal,6941101450,ravi.naidu827@gmail.com,695063,Thiruvananthapuram,Kerala,2024-06-16,WhatsApp Reseller
CUST004877,Isha Yadav,8948220277,neha.pillai105@gmail.com,580030,Hubli,Karnataka,2025-11-30,Facebook Ads
CUST004878,Neha Bhatt,8719921281,kavita.ansari980@rediffmail.com,141011,Ludhiana,Punjab,2024-10-28,Referral
CUST004879,Reyansh Verma,9035155795,ravi.iyer756@yahoo.com,208093,Kanpur,Uttar Pradesh,2026-01-13,Referral
CUST004880,Anil Shah,8084076697,reyansh.malhotra991@outlook.com,842056,Muzaffarpur,Bihar,2024-12-30,Facebook Ads
CUST004881,Jaspreet Rao,7672300791,priya.banerjee942@gmail.com,380000,Ahmedabad,Gujarat,2024-01-16,WhatsApp Reseller
CUST004882,Ananya Patel,9848990086,ramesh.chauhan366@yahoo.com,302058,Jaipur,Rajasthan,2024-10-29,Referral
CUST004883,Anil Menon,8793834138,N/A,823035,Gaya,Bihar,2025-08-09,Unknown
CUST004884,Shreya Iyer,6538829723,krishna.malhotra562@rediffmail.com,842086,Muzaffarpur,Bihar,2024-05-08,Referral
CUST004885,Pooja Gupta,8339821041,N/A,302087,Jaipur,Rajasthan,2024-03-24,Instagram Ads
CUST004886,Myra Naidu,9028116750,rohit.sharma780@yahoo.com,282050,Agra,Uttar Pradesh,2025-07-29,Facebook Ads
CUST004887,Priya Desai,9128539331,N/A,143093,Amritsar,Punjab,2024-10-29,WhatsApp Reseller
CUST004888,Riya Ansari,6360291961,N/A,121063,Faridabad,Haryana,2026-01-03,Unknown
CUST004889,Manoj Sheikh,6548500310,N/A,700036,Kolkata,West Bengal,2024-03-20,Instagram Ads
CUST004890,Ayesha Reddy,6340948844,anil.khan777@rediffmail.com,713028,Asansol,West Bengal,2023-10-12,Organic Search
CUST004891,Mohammed Reddy,7371175763,zoya.reddy682@yahoo.com,462013,Bhopal,Madhya Pradesh,2023-10-17,Facebook Ads
CUST004892,Rohit Rao,9499895956,deepak.mukherjee66@rediffmail.com,440019,Nagpur,Maharashtra,2023-12-23,Referral
CUST004893,Simran Malhotra,6299572293,saanvi.malhotra208@outlook.com,753083,Cuttack,Odisha,2025-08-27,WhatsApp Reseller
CUST004894,Geeta Rao,6238545148,reyansh.das466@yahoo.com,380016,Ahmedabad,Gujarat,2025-02-09,Unknown
CUST004895,Aditya Sheikh,Missing,jaspreet.reddy477@outlook.com,440002,Nagpur,Maharashtra,2024-07-02,Facebook Ads
CUST004896,Myra Naidu,Check Number,N/A,713035,Asansol,West Bengal,2024-04-03,WhatsApp Reseller
CUST004897,Tanvi Kumar,7052734791,vivaan.patel133@rediffmail.com,208099,Kanpur,Uttar Pradesh,2026-01-14,Organic Search
CUST004898,Simran Naidu,7084444037,simran.menon228@outlook.com,411083,Pune,Maharashtra,2024-10-20,Unknown
CUST004899,Rohit Gupta,8345811665,deepak.shah956@yahoo.com,302068,Jaipur,Rajasthan,2024-07-29,WhatsApp Reseller
CUST004900,Imran Singh,7374040694,imran.khan466@gmail.com,842045,Muzaffarpur,Bihar,2024-05-14,Referral
CUST004901,Aditya Rao,8174126831,diya.rao145@yahoo.com,781072,Guwahati,Assam,2024-03-01,WhatsApp Reseller
CUST004902,Sandeep Mukherjee,8577515473,isha.ansari129@rediffmail.com,695071,Thiruvananthapuram,Kerala,2025-06-23,Referral
CUST004903,Kiara Menon,9504012809,anil.malhotra228@rediffmail.com,50609,Warangal,Telangana,2025-09-07,Instagram Ads
CUST004904,Saanvi Mishra,7372315702,priya.gupta331@gmail.com,342095,Jodhpur,Rajasthan,2025-01-04,Organic Search
CUST004905,Pankaj Kumar,6430445762,simran.kumar210@yahoo.com,20809,Kanpur,Uttar Pradesh,2024-06-18,Referral
CUST004906,Anil Das,8482974615,isha.sheikh238@outlook.com,39501,Surat,Gujarat,2025-12-15,Unknown
CUST004907,Aadhya Chatterjee,7271595769,saanvi.menon757@rediffmail.com,121085,Faridabad,Haryana,2024-03-26,WhatsApp Reseller
CUST004908,Sandeep Patel,6431008224,N/A,600066,Chennai,Tamil Nadu,2024-02-08,Instagram Ads
CUST004909,Sai Iyer,6885616971,shreya.patel316@rediffmail.com,800028,Patna,Bihar,2025-02-18,Instagram Ads
CUST004910,Diya Ansari,8882961185,N/A,713097,Asansol,West Bengal,2024-07-21,Instagram Ads
CUST004911,Rajesh Das,7581445422,myra.das915@gmail.com,734092, Siliguri ,West Bengal,2024-04-04,WhatsApp Reseller
CUST004912,Ravi Patel,9878105404,anil.das643@yahoo.com,753064,Cuttack,Odisha,2024-09-20,WhatsApp Reseller
CUST004913,Isha Malhotra,6375077279,N/A,700013,Kolkata,West Bengal,2023-10-03,Facebook Ads
CUST004914,Isha Nair,7001091940,saanvi.menon900@outlook.com,682064,Kochi,Kerala,2025-01-03,WhatsApp Reseller
CUST004915,Saanvi Iyer,8464399449,sunil.rao680@outlook.com,302004,Jaipur,Rajasthan,2024-09-13,Referral
CUST004916,Farhan Rao,7641996645,neha.pillai230@outlook.com,751099,Bhubaneswar,Odisha,2025-12-12,Referral
CUST004917,Vihaan Gupta,7446658912,N/A,500050,Hyderabad,Telangana,2024-10-31,WhatsApp Reseller
CUST004918,Krishna Ansari,8611933484,sandeep.mishra58@gmail.com,282033,Agra,Uttar Pradesh,2023-08-24,Referral
CUST004919,Tanvi Sheikh,9439211921,vihaan.shah113@gmail.com,474056,Gwalior,Madhya Pradesh,2024-08-06,Facebook Ads
CUST004920,Sunita Khan,6138904062,geeta.malhotra310@gmail.com,751088,Bhubaneswar,Odisha,2026-02-01,WhatsApp Reseller
CUST004921,Imran Shah,9962586663,priya.pillai595@outlook.com,122049,Gurugram,Haryana,2023-11-23,Facebook Ads
CUST004922,Farhan Reddy,8908587941,N/A,143092,Amritsar,Punjab,2026-01-03,WhatsApp Reseller
CUST004923,Pooja Rao,7988333616,anil.verma21@outlook.com,625080,Madurai,Tamil Nadu,2024-11-28,Organic Search
CUST004924,Imran Rao,6883429038,anil.naidu859@rediffmail.com,641025,Coimbatore,Tamil Nadu,2024-02-08,Referral
CUST004925,Ravi Shah,6031002679,N/A,506086,Warangal,Telangana,2023-11-16,Referral
CUST004926,Sunita Yadav,6601742906,N/A,682040,Kochi,Kerala,2024-06-15,Instagram Ads
CUST004927,Anil Sharma,6158848014,N/A,831042,Jamshedpur,Jharkhand,2025-03-30,Instagram Ads
CUST004928,Tanvi Joshi,8149034794,ayesha.iyer414@yahoo.com,462018,Bhopal,Madhya Pradesh,2025-12-18,Referral
CUST004929,Deepak Mishra,8931531141,myra.agarwal241@gmail.com,834027,Ranchi,Jharkhand,2023-11-05,Instagram Ads
CUST004930,Lakshmi Naidu,6530633773,manoj.sharma901@yahoo.com,141093, Ludhiana ,Punjab,2024-04-29,Unknown
CUST004931,Aadhya Joshi,8117908757,geeta.khan476@rediffmail.com,823021,Gaya,Bihar,2026-01-04,WhatsApp Reseller
CUST004932,Aarav Bhatt,8850911532,N/A,440070,Nagpur,Maharashtra,2025-11-11,Unknown
CUST004933,Aarav Iyer,8571267728,N/A,38007,Ahmedabad,Gujarat,2025-12-15,Unknown
CUST004934,Geeta Menon,8255396116,pooja.rao853@outlook.com,46206,Bhopal,Madhya Pradesh,2025-12-26,Unknown
CUST004935,Anil Chauhan,6964537573,priya.kumar897@outlook.com,700005,Kolkata,West Bengal,2024-08-15,WhatsApp Reseller
CUST004936,Myra Sharma,6937175992,geeta.malhotra68@gmail.com,208057,Kanpur,Uttar Pradesh,2024-03-05,Instagram Ads
CUST004937,Simran Reddy,8942323617,lakshmi.shah799@outlook.com,823081,Gaya,Bihar,2025-08-24,Organic Search
CUST004938,Sneha Chatterjee,9075221850,amit.patel21@outlook.com,60005,Chennai,Tamil Nadu,2025-04-12,Organic Search
CUST004939,Sunil Shah,7917999890,lakshmi.rathore248@gmail.com,122088,Gurugram,Haryana,2025-05-11,Organic Search
CUST004940,Aditya Malhotra,6987161020,gurpreet.chatterjee643@gmail.com,342011,Jodhpur,Rajasthan,2024-09-13,WhatsApp Reseller
CUST004941,Simran Joshi,6415584153,deepak.iyer958@outlook.com,302085,Jaipur,Rajasthan,2025-09-22,Referral
CUST004942,Farhan Bhatt,9504658475,N/A,380022,Ahmedabad,Gujarat,2024-02-14,Organic Search
CUST004943,Suresh Singh,9712290700,kavita.agarwal356@rediffmail.com,842017,Muzaffarpur,Bihar,2023-12-08,Instagram Ads
CUST004944,Vihaan Agarwal,7271766641,N/A,160076,Chandigarh,Chandigarh,2024-12-19,Unknown
CUST004945,Priya Sheikh,9361261263,saanvi.reddy383@gmail.com,221091,Varanasi,Uttar Pradesh,2025-01-31,Organic Search
CUST004946,Jaspreet Agarwal,7626056141,rohit.nair310@gmail.com,600008,Chennai,Tamil Nadu,2025-06-30,Unknown
CUST004947,Simran Sheikh,8250876397,N/A,302028,Jaipur,Rajasthan,2024-07-01,Organic Search
CUST004948,Neha Singh,6245199173,myra.gupta427@outlook.com,751091,Bhubaneswar,Odisha,2024-08-29,Facebook Ads
CUST004949,Rajesh Joshi,6918249067,imran.reddy244@outlook.com,625031, Madurai ,Tamil Nadu,2024-01-09,Organic Search
CUST004950,Diya Das,9468850162,arjun.ansari977@rediffmail.com,713065,Asansol,West Bengal,2024-11-09,Referral
CUST004951,Imran Bhatt,6942215057,neha.chatterjee337@gmail.com,342079, Jodhpur ,Rajasthan,2025-08-04,WhatsApp Reseller
CUST004952,Jaspreet Malhotra,6577790554,aditya.naidu113@rediffmail.com,462065,Bhopal,Madhya Pradesh,2025-12-24,Referral
CUST004953,Manoj Joshi,7335655948,geeta.mukherjee340@rediffmail.com,734033,Siliguri,West Bengal,2023-09-29,Organic Search
CUST004954,Pooja Rao,8292305611,diya.chauhan148@outlook.com,411057,Pune,Maharashtra,2023-10-09,Facebook Ads
CUST004955,Priya Sharma,9558039858,vikas.patel659@gmail.com,57000,Mysuru,Karnataka,2023-09-18,Instagram Ads
CUST004956,Aadhya Kumar,8755142033,myra.nair496@gmail.com,122034,Gurugram,Haryana,2025-04-15,Unknown
CUST004957,Gurpreet Mishra,8576941586,N/A,580080,Hubli,Karnataka,2023-12-29,WhatsApp Reseller
CUST004958,Sandeep Shah,9945554812,N/A,122090,Gurugram,Haryana,2025-08-09,Referral
CUST004959,Isha Rathore,8462969347,N/A,695032,Thiruvananthapuram,Kerala,2024-04-30,WhatsApp Reseller
CUST004960,Aadhya Chatterjee,7388700079,sai.menon897@yahoo.com,506079,Warangal,Telangana,2024-01-20,Instagram Ads
CUST004961,Vivaan Naidu,6874185195,sneha.banerjee540@rediffmail.com,713098,Asansol,West Bengal,2025-09-12,Referral
CUST004962,Kavita Bhatt,6042883222,pooja.mishra901@outlook.com,75301,Cuttack,Odisha,2023-09-26,Facebook Ads
CUST004963,Pankaj Gupta,7769722460,krishna.ansari961@yahoo.com,395071,Surat,Gujarat,2024-05-14,Referral
CUST004964,Zoya Kumar,7614768428,N/A,452009,Indore,Madhya Pradesh,2025-03-29,Instagram Ads
CUST004965,Mohammed Kumar,7927863211,lakshmi.chatterjee72@yahoo.com,625082,Madurai,Tamil Nadu,2026-01-28,WhatsApp Reseller
CUST004966,Priya Bhatt,8537483448,N/A,462039,Bhopal,Madhya Pradesh,2025-07-20,Unknown
CUST004967,Deepak Malhotra,8506755057,mohammed.nair787@rediffmail.com,201038,Ghaziabad,Uttar Pradesh,2025-12-03,Unknown
CUST004968,Diya Kumar,9256147686,rohit.iyer587@yahoo.com,440062,Nagpur,Maharashtra,2025-08-26,WhatsApp Reseller
CUST004969,Harpreet Sharma,9479114246,shreya.iyer39@gmail.com,313002,Udaipur,Rajasthan,2026-01-18,Organic Search
CUST004970,Kavita Mishra,9889608522,pankaj.malhotra437@yahoo.com,800033,Patna,Bihar,2023-10-05,WhatsApp Reseller
CUST004971,Priya Banerjee,8065094310,harpreet.menon934@gmail.com,160051,Chandigarh,Chandigarh,2026-01-20,Facebook Ads
CUST004972,Sneha Mishra,Check Number,rajesh.singh102@yahoo.com,201074, Ghaziabad ,Uttar Pradesh,2023-12-03,Facebook Ads
CUST004973,Aadhya Singh,7377874618,geeta.kumar773@yahoo.com,834073,Ranchi,Jharkhand,2025-07-24,Instagram Ads
CUST004974,Shreya Naidu,7365675430,mohammed.ansari202@outlook.com,342098,Jodhpur,Rajasthan,2024-01-28,Facebook Ads
CUST004975,Gurpreet Agarwal,7037597553,N/A,682076,Kochi,Kerala,2024-06-12,Referral
CUST004976,Diya Patel,9715658653,sunil.agarwal251@yahoo.com,226079,Lucknow,Uttar Pradesh,2024-10-29,Referral
CUST004977,Lakshmi Nair,6847540172,vikas.sharma713@yahoo.com,208093,Kanpur,Uttar Pradesh,2024-12-31,Referral
CUST004978,Myra Mishra,9624324499,ravi.naidu802@outlook.com,695082,Thiruvananthapuram,Kerala,2025-10-12,Referral
CUST004979,Aadhya Naidu,8219724567,amit.sharma389@gmail.com,713007,Asansol,West Bengal,2025-12-09,Unknown
CUST004980,Lakshmi Naidu,6604447461,vivaan.joshi156@gmail.com,121010,Faridabad,Haryana,2024-10-16,Unknown
CUST004981,Rajesh Kumar,Missing,N/A,580001,Hubli,Karnataka,2024-05-14,Referral
CUST004982,Jaspreet Kumar,7243936364,rajesh.kumar463@gmail.com,68205,Kochi,Kerala,2025-06-02,Facebook Ads
CUST004983,Geeta Gupta,9033944540,aadhya.chauhan161@yahoo.com,411058,Pune,Maharashtra,2025-04-28,Facebook Ads
CUST004984,Rekha Sharma,9826381522,kavita.naidu567@yahoo.com,110035,New Delhi,Delhi,2024-03-29,Facebook Ads
CUST004985,Krishna Nair,Check Number,N/A,380094,Ahmedabad,Gujarat,2025-12-10,WhatsApp Reseller
CUST004986,Vikas Rathore,6609730511,ayesha.malhotra9@outlook.com,422053,Nashik,Maharashtra,2024-07-29,WhatsApp Reseller
CUST004987,Vikas Sheikh,6412749257,rekha.naidu897@yahoo.com,842042,Muzaffarpur,Bihar,2024-07-02,Unknown
CUST004988,Neha Mukherjee,9739419770,N/A,282053,Agra,Uttar Pradesh,2023-09-15,Referral
CUST004989,Geeta Singh,8801007914,ayesha.banerjee455@outlook.com,500096,Hyderabad,Telangana,2024-07-15,WhatsApp Reseller
CUST004990,Zoya Desai,9721011962,ramesh.mukherjee14@outlook.com,121012,Faridabad,Haryana,2025-10-18,WhatsApp Reseller
CUST004991,Ravi Iyer,6689464917,krishna.ansari914@outlook.com,221052,Varanasi,Uttar Pradesh,2024-05-14,Unknown
CUST004992,Pankaj Kumar,Missing,jaspreet.sheikh711@rediffmail.com,201026,Ghaziabad,Uttar Pradesh,2025-09-02,Referral
CUST004993,Amit Chatterjee,8448912478,aditya.malhotra142@gmail.com,141017,Ludhiana,Punjab,2024-01-05,Organic Search
CUST004994,Sai Singh,8720207955,N/A,560023,Bengaluru,Karnataka,2026-01-23,Unknown
CUST004995,Rohit Verma,6766704264,sunita.bhatt53@rediffmail.com,570000,Mysuru,Karnataka,2025-03-10,Referral
CUST004996,Isha Singh,9423645562,priya.kumar165@outlook.com,302092,Jaipur,Rajasthan,2023-10-21,Instagram Ads
CUST004997,Ravi Rao,7849453525,harpreet.ansari102@gmail.com,221029, Varanasi ,Uttar Pradesh,2025-10-29,Facebook Ads
CUST004998,Manoj Menon,6865062985,anil.kumar215@yahoo.com,380095,Ahmedabad,Gujarat,2023-11-25,Unknown
CUST004999,Ishaan Desai,9974364967,aadhya.gupta351@outlook.com,400025,Mumbai,Maharashtra,2023-11-05,WhatsApp Reseller
CUST005000,Krishna Chatterjee,8742881006,N/A,122021,Gurugram,Haryana,2025-07-19,Referral
CUST005001,Priya Malhotra,8759451134,N/A,143060,Amritsar,Punjab,2025-07-01,Instagram Ads
CUST005002,Ramesh Reddy,9337259266,aarav.reddy901@gmail.com,31301, Udaipur ,Rajasthan,2024-10-05,Organic Search
CUST005003,Aditya Sharma,9234203095,N/A,143023,Amritsar,Punjab,2025-12-15,Organic Search
CUST005004,Neha Patel,8508373769,farhan.malhotra438@gmail.com,713023,Asansol,West Bengal,2024-05-01,Referral
CUST005005,Neha Patel,8365443592,ayesha.mukherjee242@outlook.com,411037,Pune,Maharashtra,2025-12-07,Referral
CUST005006,Geeta Iyer,6161143393,priya.naidu685@yahoo.com,682027,Kochi,Kerala,2023-10-30,Facebook Ads
CUST005007,Manoj Chatterjee,6157794090,rajesh.pillai861@outlook.com,781028,Guwahati,Assam,2024-08-27,Facebook Ads
CUST005008,Aarav Chauhan,8123611136,sunita.desai214@gmail.com,474094,Gwalior,Madhya Pradesh,2023-11-14,Referral
CUST005009,Farhan Agarwal,9674885442,saanvi.gupta468@gmail.com,713086,Asansol,West Bengal,2023-11-26,Organic Search
CUST005010,Geeta Mishra,6503051000,harpreet.rao944@yahoo.com,823022, Gaya ,Bihar,2025-01-31,Unknown
CUST005011,Sunita Menon,7107146838,sai.desai9@yahoo.com,208036,Kanpur,Uttar Pradesh,2025-10-21,Facebook Ads
CUST005012,Diya Sheikh,7922306517,N/A,422006,Nashik,Maharashtra,2025-01-04,Facebook Ads
CUST005013,Gurpreet Das,6747914525,sandeep.verma683@yahoo.com,395072,Surat,Gujarat,2023-11-26,Unknown
CUST005014,Myra Mukherjee,6176471794,imran.desai655@gmail.com,110098,New Delhi,Delhi,2023-10-22,Facebook Ads
CUST005015,Mohammed Agarwal,7274253242,N/A,713075,Asansol,West Bengal,2024-04-07,WhatsApp Reseller
CUST005016,Pankaj Sharma,6862028418,N/A,700068,Kolkata,West Bengal,2025-12-18,Facebook Ads
CUST005017,Riya Mishra,6883695633,N/A,500088,Hyderabad,Telangana,2024-12-27,Instagram Ads
CUST005018,Pankaj Nair,7384438963,priya.menon887@gmail.com,600034,Chennai,Tamil Nadu,2025-01-22,Organic Search
CUST005019,Aditya Naidu,8097777747,N/A,800084,Patna,Bihar,2025-02-01,Referral
CUST005020,Manoj Patel,6813659467,imran.chauhan215@rediffmail.com,122036,Gurugram,Haryana,2024-05-09,Facebook Ads
CUST005021,Vihaan Menon,6716132490,vihaan.chauhan855@gmail.com,506016,Warangal,Telangana,2023-09-14,Instagram Ads
CUST005022,Anil Das,8063158628,N/A,751010,Bhubaneswar,Odisha,2024-09-07,Instagram Ads
CUST005023,Sunita Pillai,7924065421,rohit.agarwal37@yahoo.com,282030,Agra,Uttar Pradesh,2024-11-13,Facebook Ads
CUST005024,Ananya Iyer,7546629997,aadhya.singh858@outlook.com,682080,Kochi,Kerala,2024-05-30,WhatsApp Reseller
CUST005025,Simran Sharma,9840884351,aditya.shah649@yahoo.com,580041,Hubli,Karnataka,2023-09-15,Organic Search
CUST005026,Anil Rao,6866005407,vikas.yadav755@yahoo.com,506072,Warangal,Telangana,2024-01-13,WhatsApp Reseller
CUST005027,Diya Patel,8778982767,aditya.mishra987@rediffmail.com,302054,Jaipur,Rajasthan,2025-09-12,Facebook Ads
CUST005028,Jaspreet Khan,7452414117,isha.ansari39@rediffmail.com,360091,Rajkot,Gujarat,2025-03-05,WhatsApp Reseller
CUST005029,Simran Patel,9114516726,N/A,842025,Muzaffarpur,Bihar,2025-01-05,Facebook Ads
CUST005030,Priya Patel,6496091447,aadhya.rathore14@rediffmail.com,226079,Lucknow,Uttar Pradesh,2025-11-29,Facebook Ads
CUST005031,Kiara Iyer,7618482018,zoya.yadav351@rediffmail.com,141039,Ludhiana,Punjab,2024-07-09,Organic Search
CUST005032,Saanvi Pillai,7824466831,ishaan.khan102@gmail.com,400051,Mumbai,Maharashtra,2024-01-02,Unknown
CUST005033,Geeta Chauhan,8910534213,rajesh.desai984@outlook.com,143055,Amritsar,Punjab,2023-11-25,Instagram Ads
CUST005034,Sai Iyer,8931002298,N/A,580043,Hubli,Karnataka,2024-07-19,Referral
CUST005035,Kavita Patel,8492442491,priya.malhotra392@yahoo.com,201055,Ghaziabad,Uttar Pradesh,2025-06-19,Organic Search
CUST005036,Suresh Khan,7621178643,sunita.pillai467@yahoo.com,302080,Jaipur,Rajasthan,2023-09-22,Unknown
CUST005037,Rohit Sheikh,9379230137,N/A,842021,Muzaffarpur,Bihar,2024-05-01,Organic Search
CUST005038,Pooja Yadav,6132350213,ishaan.das539@rediffmail.com,823078,Gaya,Bihar,2023-10-13,Organic Search
CUST005039,Tanvi Yadav,6869420680,N/A,781041,Guwahati,Assam,2025-06-12,Referral
CUST005040,Myra Shah,7169138853,vivaan.rathore532@rediffmail.com,560063,Bengaluru,Karnataka,2025-02-23,Organic Search
CUST005041,Farhan Sharma,7737520906,arjun.nair666@outlook.com,641082,Coimbatore,Tamil Nadu,2026-01-28,Instagram Ads
CUST005042,Farhan Reddy,9949593682,N/A,823001,Gaya,Bihar,2025-12-04,Facebook Ads
CUST005043,Anil Kumar,9317443860,aadhya.verma198@gmail.com,411055,Pune,Maharashtra,2024-03-28,WhatsApp Reseller
CUST005044,Lakshmi Shah,8833279307,aditya.verma448@outlook.com,160024,Chandigarh,Chandigarh,2025-10-14,Facebook Ads
CUST005045,Aadhya Joshi,7409111609,N/A,302079,Jaipur,Rajasthan,2025-04-09,Referral
CUST005046,Kiara Sheikh,9769850007,N/A,64103,Coimbatore,Tamil Nadu,2025-03-12,Organic Search
CUST005047,Sneha Bhatt,Check Number,arjun.rathore459@rediffmail.com,560021,Bengaluru,Karnataka,2023-09-20,Facebook Ads
CUST005048,Vikas Joshi,Missing,sai.mishra864@rediffmail.com,600082,Chennai,Tamil Nadu,2024-02-06,Unknown
CUST005049,Vikas Verma,7344537607,N/A,313079,Udaipur,Rajasthan,2024-12-18,Facebook Ads
CUST005050,Pankaj Mishra,8887064491,kiara.patel56@yahoo.com,641062,Coimbatore,Tamil Nadu,2024-10-03,Instagram Ads
CUST005051,Ravi Menon,6721982198,pankaj.yadav810@yahoo.com,395011,Surat,Gujarat,2024-10-31,Organic Search
CUST005052,Harpreet Rathore,7375761182,riya.bhatt947@gmail.com,580078,Hubli,Karnataka,2024-09-04,Instagram Ads
CUST005053,Lakshmi Pillai,8346169500,aarav.patel346@yahoo.com,208039,Kanpur,Uttar Pradesh,2023-10-09,Unknown
CUST005054,Lakshmi Naidu,6729671784,shreya.agarwal894@rediffmail.com,800079,Patna,Bihar,2024-04-25,Instagram Ads
CUST005055,Ishaan Iyer,8423902879,rohit.yadav686@outlook.com,625031,Madurai,Tamil Nadu,2024-10-01,WhatsApp Reseller
CUST005056,Rajesh Rathore,6340335978,N/A,800046,Patna,Bihar,2025-09-18,Organic Search
CUST005057,Ananya Shah,7469648851,saanvi.desai231@gmail.com,143084,Amritsar,Punjab,2025-12-25,Organic Search
CUST005058,Deepak Bhatt,8463999891,anil.ansari764@gmail.com,400015,Mumbai,Maharashtra,2025-09-15,Unknown
CUST005059,Neha Nair,6891200908,kiara.chauhan746@rediffmail.com,474072, Gwalior ,Madhya Pradesh,2024-09-21,Instagram Ads
CUST005060,Sunita Menon,Missing,N/A,834063,Ranchi,Jharkhand,2025-06-29,WhatsApp Reseller
CUST005061,Vihaan Ansari,9140725240,ananya.agarwal266@gmail.com,600076,Chennai,Tamil Nadu,2025-03-03,Instagram Ads
CUST005062,Simran Joshi,9413841774,manoj.agarwal283@yahoo.com,208058,Kanpur,Uttar Pradesh,2025-06-19,WhatsApp Reseller
CUST005063,Kavita Mishra,7090071978,riya.das492@gmail.com,342068,Jodhpur,Rajasthan,2025-04-17,Organic Search
CUST005064,Sneha Desai,Missing,suresh.patel505@yahoo.com,641049,Coimbatore,Tamil Nadu,2025-07-22,Unknown
CUST005065,Simran Iyer,Check Number,pankaj.joshi765@outlook.com,221047,Varanasi,Uttar Pradesh,2025-03-23,Organic Search
CUST005066,Rekha Das,7177622715,tanvi.gupta665@gmail.com,282023,Agra,Uttar Pradesh,2024-08-30,Organic Search
CUST005067,Zoya Mishra,9281118796,N/A,422087,Nashik,Maharashtra,2024-06-10,Organic Search
CUST005068,Amit Reddy,8087079774,mohammed.das350@gmail.com,682013,Kochi,Kerala,2025-04-05,Unknown
CUST005069,Rajesh Reddy,9827765451,kiara.verma923@outlook.com,834029,Ranchi,Jharkhand,2025-03-02,Organic Search
CUST005070,Jaspreet Malhotra,8446255635,N/A,682046,Kochi,Kerala,2024-06-26,Unknown
CUST005071,Sunita Nair,7886211155,N/A,570033,Mysuru,Karnataka,2024-04-15,Referral
CUST005072,Myra Rao,8222523481,vivaan.ansari939@rediffmail.com,695094,Thiruvananthapuram,Kerala,2023-12-23,Organic Search
CUST005073,Rohit Joshi,9720007816,krishna.gupta687@gmail.com,834083,Ranchi,Jharkhand,2025-07-19,Unknown
CUST005074,Mohammed Patel,8921465582,ananya.shah610@rediffmail.com,143002,Amritsar,Punjab,2024-06-21,Facebook Ads
CUST005075,Sunil Kumar,8143164913,gurpreet.das285@gmail.com,781097,Guwahati,Assam,2025-06-26,WhatsApp Reseller
CUST005076,Jaspreet Joshi,9344528085,priya.singh950@yahoo.com,570051,Mysuru,Karnataka,2024-06-09,Unknown
CUST005077,Rajesh Verma,9629463677,ananya.kumar614@yahoo.com,121033,Faridabad,Haryana,2025-01-19,WhatsApp Reseller
CUST005078,Isha Agarwal,6672090119,krishna.reddy728@yahoo.com,226024,Lucknow,Uttar Pradesh,2026-01-26,Instagram Ads
CUST005079,Aarav Patel,9870448559,tanvi.banerjee847@yahoo.com,380025,Ahmedabad,Gujarat,2025-06-22,WhatsApp Reseller
CUST005080,Rajesh Reddy,8256142938,arjun.chatterjee611@yahoo.com,160004,Chandigarh,Chandigarh,2024-04-07,Unknown
CUST005081,Diya Rathore,8789410977,sunil.menon485@gmail.com,834093,Ranchi,Jharkhand,2024-10-27,Organic Search
CUST005082,Rajesh Menon,6267599882,ananya.shah484@gmail.com,625084,Madurai,Tamil Nadu,2024-02-22,Organic Search
CUST005083,Imran Ansari,Check Number,manoj.sheikh796@yahoo.com,360077,Rajkot,Gujarat,2024-11-12,Facebook Ads
CUST005084,Sneha Gupta,Missing,aadhya.ansari644@outlook.com,842040,Muzaffarpur,Bihar,2024-06-08,WhatsApp Reseller
CUST005085,Kiara Ansari,7309335329,reyansh.naidu63@gmail.com,834084,Ranchi,Jharkhand,2023-08-25,Facebook Ads
CUST005086,Geeta Reddy,7082764127,harpreet.khan69@rediffmail.com,226090,Lucknow,Uttar Pradesh,2023-12-22,WhatsApp Reseller
CUST005087,Ananya Malhotra,Missing,N/A,700041,Kolkata,West Bengal,2024-04-25,Organic Search
CUST005088,Suresh Singh,6787719858,amit.naidu896@outlook.com,411009,Pune,Maharashtra,2024-07-26,Instagram Ads
CUST005089,Aditya Chatterjee,8017657849,riya.desai594@outlook.com,713081,Asansol,West Bengal,2025-02-04,Organic Search
CUST005090,Deepak Rao,9464307189,imran.yadav886@outlook.com,302061,Jaipur,Rajasthan,2024-08-29,Organic Search
CUST005091,Arjun Nair,7594675625,rohit.rao789@outlook.com,122023,Gurugram,Haryana,2025-03-17,Organic Search
CUST005092,Neha Bhatt,9435347137,N/A,380012,Ahmedabad,Gujarat,2024-09-25,Unknown
CUST005093,Priya Sheikh,8249931780,kiara.reddy526@gmail.com,208009,Kanpur,Uttar Pradesh,2025-10-27,Instagram Ads
CUST005094,Rekha Gupta,7029275960,N/A,695056,Thiruvananthapuram,Kerala,2023-10-24,Organic Search
CUST005095,Saanvi Mukherjee,6579231937,N/A,282071,Agra,Uttar Pradesh,2025-06-07,Unknown
CUST005096,Harpreet Joshi,6332023786,krishna.das184@gmail.com,823061,Gaya,Bihar,2025-11-15,WhatsApp Reseller
CUST005097,Isha Iyer,8098071524,zoya.verma260@outlook.com,781037,Guwahati,Assam,2024-09-02,Referral
CUST005098,Ishaan Sharma,9075277620,aditya.naidu64@yahoo.com,452069,Indore,Madhya Pradesh,2024-03-31,Unknown
CUST005099,Pooja Desai,9627561838,priya.pillai386@yahoo.com,560053,Bengaluru,Karnataka,2025-04-22,Facebook Ads
CUST005100,Sai Patel,8775204747,diya.das130@outlook.com,753086,Cuttack,Odisha,2025-10-02,Organic Search
CUST005101,Gurpreet Banerjee,9264141246,riya.chatterjee971@yahoo.com,682075,Kochi,Kerala,2024-07-02,Referral
CUST005102,Gurpreet Pillai,8378942076,pankaj.mishra534@yahoo.com,143049,Amritsar,Punjab,2025-01-16,Instagram Ads
CUST005103,Ayesha Nair,8258055261,saanvi.pillai775@yahoo.com,682021,Kochi,Kerala,2025-07-16,Instagram Ads
CUST005104,Pankaj Verma,9258273400,pankaj.mukherjee359@gmail.com,302007,Jaipur,Rajasthan,2024-03-29,WhatsApp Reseller
CUST005105,Kavita Gupta,6546542269,mohammed.yadav698@rediffmail.com,141042,Ludhiana,Punjab,2026-01-19,Unknown
CUST005106,Rekha Chatterjee,9376379758,aadhya.sheikh362@yahoo.com,440037,Nagpur,Maharashtra,2025-11-17,Referral
CUST005107,Rekha Reddy,9543453972,pankaj.pillai577@rediffmail.com,753068,Cuttack,Odisha,2026-01-13,Facebook Ads
CUST005108,Rajesh Iyer,9814637073,zoya.sharma905@outlook.com,570064,Mysuru,Karnataka,2025-10-31,Referral
CUST005109,Ishaan Iyer,9781173712,tanvi.nair593@gmail.com,360000,Rajkot,Gujarat,2024-06-09,WhatsApp Reseller
CUST005110,Vihaan Chatterjee,8366427742,farhan.khan133@yahoo.com,781042,Guwahati,Assam,2024-06-13,WhatsApp Reseller
CUST005111,Reyansh Singh,7548236301,ravi.iyer148@rediffmail.com,422028,Nashik,Maharashtra,2025-08-13,Organic Search
CUST005112,Mohammed Banerjee,6682463454,mohammed.rao874@gmail.com,500065,Hyderabad,Telangana,2023-10-27,Instagram Ads
CUST005113,Simran Nair,6257791199,vikas.sheikh21@outlook.com,395083,Surat,Gujarat,2025-02-14,Organic Search
CUST005114,Vihaan Yadav,Missing,mohammed.malhotra577@rediffmail.com,500078,Hyderabad,Telangana,2023-09-22,Unknown
CUST005115,Geeta Nair,8383454211,priya.yadav549@gmail.com,842053,Muzaffarpur,Bihar,2025-09-24,Facebook Ads
CUST005116,Arjun Ansari,8253124011,geeta.singh867@rediffmail.com,474064,Gwalior,Madhya Pradesh,2024-03-03,Unknown
CUST005117,Kavita Shah,Check Number,suresh.mishra353@outlook.com,600077,Chennai,Tamil Nadu,2025-11-17,Organic Search
CUST005118,Anil Singh,Check Number,N/A,226027,Lucknow,Uttar Pradesh,2024-10-22,Facebook Ads
CUST005119,Priya Patel,9240649764,sunita.nair653@gmail.com,208057,Kanpur,Uttar Pradesh,2025-01-08,Unknown
CUST005120,Tanvi Singh,9689918624,saanvi.rathore665@outlook.com,395012,Surat,Gujarat,2025-10-10,Instagram Ads
CUST005121,Simran Sharma,6101938394,diya.agarwal206@outlook.com,695060,Thiruvananthapuram,Kerala,2025-12-12,Instagram Ads
CUST005122,Isha Malhotra,9088680110,deepak.pillai596@outlook.com,506008,Warangal,Telangana,2025-12-10,WhatsApp Reseller
CUST005123,Manoj Shah,9287956329,N/A,570084,Mysuru,Karnataka,2024-02-26,Unknown
CUST005124,Rohit Shah,6944128472,rohit.sharma290@yahoo.com,342011,Jodhpur,Rajasthan,2025-04-24,Unknown
CUST005125,Myra Yadav,7445267889,kiara.sheikh841@yahoo.com,560023,Bengaluru,Karnataka,2023-09-30,Instagram Ads
CUST005126,Rekha Rathore,8249043947,rekha.patel963@outlook.com,110082,New Delhi,Delhi,2024-09-21,Unknown
CUST005127,Neha Patel,6148137293,N/A,500026,Hyderabad,Telangana,2023-11-25,Referral
CUST005128,Saanvi Singh,6673435180,pooja.menon944@rediffmail.com,831033,Jamshedpur,Jharkhand,2023-10-04,Unknown
CUST005129,Ananya Verma,6922268808,priya.joshi283@gmail.com,842048,Muzaffarpur,Bihar,2023-09-17,Facebook Ads
CUST005130,Lakshmi Pillai,7335866644,pooja.gupta524@gmail.com,823093,Gaya,Bihar,2024-04-26,Organic Search
CUST005131,Suresh Iyer,7682933724,riya.naidu984@outlook.com,570088,Mysuru,Karnataka,2024-03-08,Unknown
CUST005132,Vikas Banerjee,Check Number,kavita.bhatt241@outlook.com,506066,Warangal,Telangana,2025-09-19,Instagram Ads
CUST005133,Ananya Patel,Missing,shreya.banerjee250@outlook.com,411038,Pune,Maharashtra,2024-05-26,Instagram Ads
CUST005134,Ananya Bhatt,Missing,sneha.nair758@rediffmail.com,474072,Gwalior,Madhya Pradesh,2024-04-22,Organic Search
CUST005135,Aadhya Desai,9288585349,lakshmi.menon284@gmail.com,834040,Ranchi,Jharkhand,2024-04-10,Unknown
CUST005136,Ayesha Mishra,6815686153,isha.iyer671@gmail.com,122038,Gurugram,Haryana,2025-04-17,Facebook Ads
CUST005137,Mohammed Banerjee,8037141790,priya.rathore407@yahoo.com,753087,Cuttack,Odisha,2025-06-26,Organic Search
CUST005138,Sneha Verma,Missing,ananya.bhatt619@yahoo.com,440062,Nagpur,Maharashtra,2023-08-27,WhatsApp Reseller
CUST005139,Neha Pillai,7970635660,priya.verma268@gmail.com,842027,Muzaffarpur,Bihar,2024-11-11,Referral
CUST005140,Vivaan Chauhan,8251897149,simran.pillai492@yahoo.com,800048,Patna,Bihar,2024-05-10,Organic Search
CUST005141,Sandeep Desai,9562427502,N/A,122000,Gurugram,Haryana,2025-12-11,Facebook Ads
CUST005142,Aadhya Iyer,9412216533,vihaan.shah343@outlook.com,641032,Coimbatore,Tamil Nadu,2024-05-27,Referral
CUST005143,Mohammed Ansari,7891210494,ishaan.khan826@rediffmail.com,226079,Lucknow,Uttar Pradesh,2025-12-19,Unknown
CUST005144,Suresh Gupta,7217406575,ravi.malhotra507@yahoo.com,734017,Siliguri,West Bengal,2024-01-01,Referral
CUST005145,Mohammed Rao,6302332959,rohit.ansari511@gmail.com,695015, Thiruvananthapuram ,Kerala,2023-10-02,Referral
CUST005146,Sunil Bhatt,8173592725,N/A,474078,Gwalior,Madhya Pradesh,2023-08-19,Unknown
CUST005147,Pankaj Sharma,8673626171,saanvi.gupta722@rediffmail.com,695014,Thiruvananthapuram,Kerala,2025-04-13,Organic Search
CUST005148,Riya Malhotra,9972743511,tanvi.singh924@gmail.com,221019,Varanasi,Uttar Pradesh,2025-11-05,Unknown
CUST005149,Rekha Singh,9270447210,N/A,625074, Madurai ,Tamil Nadu,2025-06-15,Organic Search
CUST005150,Farhan Rao,Missing,kavita.naidu261@gmail.com,400082,Mumbai,Maharashtra,2024-11-16,Unknown
CUST005151,Kavita Sharma,8158919467,mohammed.verma420@yahoo.com,411069,Pune,Maharashtra,2025-09-08,Facebook Ads
CUST005152,Sandeep Chauhan,7106543624,neha.bhatt342@gmail.com,700015,Kolkata,West Bengal,2025-09-18,Facebook Ads
CUST005153,Ishaan Rao,7551976873,zoya.sheikh45@yahoo.com,221065,Varanasi,Uttar Pradesh,2023-11-25,Instagram Ads
CUST005154,Farhan Agarwal,6449798592,amit.ansari992@rediffmail.com,823025, Gaya ,Bihar,2024-04-07,Unknown
CUST005155,Sunil Sheikh,6258160554,neha.banerjee328@rediffmail.com,560068,Bengaluru,Karnataka,2025-01-04,Organic Search
CUST005156,Anil Rao,7492097824,vihaan.das713@yahoo.com,380026,Ahmedabad,Gujarat,2024-10-14,Referral
CUST005157,Priya Gupta,9737793548,vivaan.chauhan20@gmail.com,452000,Indore,Madhya Pradesh,2024-11-22,Referral
CUST005158,Krishna Kumar,Missing,manoj.khan759@rediffmail.com,342066,Jodhpur,Rajasthan,2025-05-05,Unknown
CUST005159,Myra Sharma,9582280642,saanvi.nair851@outlook.com,141017,Ludhiana,Punjab,2025-08-13,Instagram Ads
CUST005160,Anil Joshi,7520078687,diya.bhatt855@gmail.com,440012,Nagpur,Maharashtra,2024-11-15,Unknown
CUST005161,Imran Gupta,6672632503,N/A,700004,Kolkata,West Bengal,2023-08-21,Unknown
CUST005162,Gurpreet Desai,7802562623,vikas.banerjee161@outlook.com,751040,Bhubaneswar,Odisha,2024-03-02,Unknown
CUST005163,Jaspreet Iyer,7447832624,N/A,143009,Amritsar,Punjab,2025-04-28,Organic Search
CUST005164,Sandeep Banerjee,8390574459,harpreet.patel196@yahoo.com,208088,Kanpur,Uttar Pradesh,2023-11-29,WhatsApp Reseller
CUST005165,Aadhya Mishra,6061128951,deepak.rathore740@gmail.com,440052,Nagpur,Maharashtra,2024-05-21,Organic Search
CUST005166,Jaspreet Patel,9874232812,reyansh.rao516@rediffmail.com,141048,Ludhiana,Punjab,2025-09-15,Facebook Ads
CUST005167,Lakshmi Patel,6071421718,N/A,713088,Asansol,West Bengal,2023-11-25,WhatsApp Reseller
CUST005168,Reyansh Rathore,Check Number,imran.pillai560@outlook.com,600089,Chennai,Tamil Nadu,2025-09-09,Referral
CUST005169,Geeta Das,9376024932,kavita.shah637@gmail.com,221043,Varanasi,Uttar Pradesh,2025-08-21,Referral
CUST005170,Sai Mukherjee,6872575504,sandeep.gupta661@gmail.com,800043,Patna,Bihar,2024-06-23,Organic Search
CUST005171,Manoj Singh,8545349972,ishaan.chauhan455@rediffmail.com,39501,Surat,Gujarat,2025-04-05,Instagram Ads
CUST005172,Amit Patel,6975324249,harpreet.kumar784@gmail.com,734093,Siliguri,West Bengal,2024-10-12,Unknown
CUST005173,Ananya Iyer,6598666746,rajesh.menon962@outlook.com,201025,Ghaziabad,Uttar Pradesh,2025-02-26,Facebook Ads
CUST005174,Lakshmi Sheikh,8202342442,rajesh.menon618@gmail.com,380058,Ahmedabad,Gujarat,2024-08-29,Referral
CUST005175,Geeta Kumar,7493045981,reyansh.mukherjee62@rediffmail.com,282075,Agra,Uttar Pradesh,2024-01-21,Instagram Ads
CUST005176,Arjun Joshi,8872398579,N/A,560075,Bengaluru,Karnataka,2024-04-03,Organic Search
CUST005177,Riya Joshi,7897778945,vihaan.mishra777@rediffmail.com,734012,Siliguri,West Bengal,2025-06-21,Referral
CUST005178,Arjun Das,7956196775,pankaj.sheikh258@rediffmail.com,313028,Udaipur,Rajasthan,2025-04-16,Facebook Ads
CUST005179,Rekha Mishra,6226782443,vivaan.ansari987@outlook.com,208060,Kanpur,Uttar Pradesh,2025-10-27,Instagram Ads
CUST005180,Manoj Naidu,Missing,N/A,600062,Chennai,Tamil Nadu,2024-04-08,Instagram Ads
CUST005181,Myra Bhatt,9082300746,N/A,600050,Chennai,Tamil Nadu,2024-11-03,Instagram Ads
CUST005182,Amit Iyer,6882222615,N/A,143091,Amritsar,Punjab,2025-10-05,Instagram Ads
CUST005183,Imran Iyer,8084323752,N/A,141043,Ludhiana,Punjab,2025-08-29,WhatsApp Reseller
CUST005184,Sandeep Singh,8265817197,N/A,831029,Jamshedpur,Jharkhand,2025-08-06,Referral
CUST005185,Shreya Chatterjee,6652674976,tanvi.rao314@gmail.com,121096,Faridabad,Haryana,2024-06-29,Referral
CUST005186,Vivaan Chauhan,6172410285,vihaan.mishra103@yahoo.com,110068,New Delhi,Delhi,2024-10-06,Unknown
CUST005187,Shreya Das,9772059380,sunita.banerjee96@rediffmail.com,160048,Chandigarh,Chandigarh,2024-05-31,Instagram Ads
CUST005188,Aadhya Naidu,7847011548,shreya.khan547@gmail.com,221042,Varanasi,Uttar Pradesh,2024-11-18,Instagram Ads
CUST005189,Vivaan Malhotra,8864094052,amit.ansari152@rediffmail.com,143023,Amritsar,Punjab,2024-08-11,Facebook Ads
CUST005190,Ravi Chauhan,8908601374,manoj.mishra54@gmail.com,842067,Muzaffarpur,Bihar,2025-08-05,Referral
CUST005191,Vikas Singh,6408436455,gurpreet.reddy758@yahoo.com,452086,Indore,Madhya Pradesh,2026-01-05,Organic Search
CUST005192,Sai Mishra,6004040973,arjun.naidu97@rediffmail.com,800039,Patna,Bihar,2023-09-08,Referral
CUST005193,Vihaan Reddy,8341207411,isha.kumar533@rediffmail.com,110087,New Delhi,Delhi,2025-07-12,Instagram Ads
CUST005194,Aarav Desai,9920692753,krishna.reddy753@rediffmail.com,141037,Ludhiana,Punjab,2025-12-08,Unknown
CUST005195,Harpreet Sharma,9176014621,zoya.banerjee713@outlook.com,713008,Asansol,West Bengal,2025-02-09,Unknown
CUST005196,Tanvi Sharma,7867950062,N/A,122008,Gurugram,Haryana,2025-04-14,WhatsApp Reseller
CUST005197,Priya Reddy,6281690454,sunil.sheikh174@gmail.com,781015,Guwahati,Assam,2024-12-25,Unknown
CUST005198,Pooja Das,8984107686,kavita.shah987@outlook.com,641049,Coimbatore,Tamil Nadu,2024-01-26,Unknown
CUST005199,Aditya Banerjee,9906527538,sandeep.nair324@rediffmail.com,208069,Kanpur,Uttar Pradesh,2025-08-16,Unknown
CUST005200,Ramesh Khan,6001712506,aarav.chauhan134@outlook.com,452099,Indore,Madhya Pradesh,2023-10-14,WhatsApp Reseller
CUST005201,Amit Chatterjee,6123590426,deepak.rao271@yahoo.com,753086,Cuttack,Odisha,2023-09-06,Instagram Ads
CUST005202,Priya Pillai,6609835841,vikas.menon564@rediffmail.com,600079,Chennai,Tamil Nadu,2025-09-17,Instagram Ads
CUST005203,Harpreet Bhatt,7509155732,rohit.patel249@yahoo.com,500004,Hyderabad,Telangana,2024-08-11,Facebook Ads
CUST005204,Tanvi Joshi,7900059054,krishna.mishra236@outlook.com,506046,Warangal,Telangana,2024-06-05,Referral
CUST005205,Shreya Gupta,6326733441,aadhya.mishra573@yahoo.com,282036,Agra,Uttar Pradesh,2025-03-12,Organic Search
CUST005206,Vihaan Desai,9211384704,N/A,734006,Siliguri,West Bengal,2025-01-02,Unknown
CUST005207,Sandeep Bhatt,7382205025,rekha.verma155@rediffmail.com,282097,Agra,Uttar Pradesh,2025-02-19,Instagram Ads
CUST005208,Suresh Mukherjee,7760617125,vihaan.agarwal462@rediffmail.com,160073, Chandigarh ,Chandigarh,2024-09-24,Facebook Ads
CUST005209,Zoya Iyer,9325942328,neha.naidu401@yahoo.com,700024,Kolkata,West Bengal,2023-09-13,Referral
CUST005210,Sunita Rathore,8513532759,N/A,641064,Coimbatore,Tamil Nadu,2024-11-14,Organic Search
CUST005211,Neha Ansari,7550172727,vikas.nair953@yahoo.com,641072,Coimbatore,Tamil Nadu,2024-12-26,Facebook Ads
CUST005212,Sneha Iyer,8673322912,sunil.chatterjee361@outlook.com,751056,Bhubaneswar,Odisha,2026-01-22,Facebook Ads
CUST005213,Myra Kumar,8041627422,tanvi.rao115@gmail.com,713097,Asansol,West Bengal,2025-06-21,Instagram Ads
CUST005214,Neha Agarwal,7556612824,kavita.kumar569@outlook.com,440096,Nagpur,Maharashtra,2023-09-30,Referral
CUST005215,Saanvi Nair,Missing,kavita.khan816@outlook.com,160021,Chandigarh,Chandigarh,2025-01-12,WhatsApp Reseller
CUST005216,Suresh Khan,6362639838,N/A,400000,Mumbai,Maharashtra,2025-07-12,Facebook Ads
CUST005217,Vivaan Rathore,8793802839,deepak.rao557@gmail.com,625067,Madurai,Tamil Nadu,2025-11-09,Organic Search
CUST005218,Vihaan Malhotra,8567677619,ishaan.iyer579@outlook.com,160012,Chandigarh,Chandigarh,2024-06-20,Organic Search
CUST005219,Mohammed Shah,9616741483,deepak.rao517@gmail.com,713045,Asansol,West Bengal,2025-09-04,Instagram Ads
CUST005220,Sunil Agarwal,6656272980,N/A,360054,Rajkot,Gujarat,2023-11-05,Instagram Ads
CUST005221,Imran Khan,7569997125,N/A,831048,Jamshedpur,Jharkhand,2024-03-09,Referral
CUST005222,Geeta Singh,8801007914,ayesha.banerjee455@outlook.com,500096,Hyderabad,Telangana,2024-07-15,WhatsApp Reseller
CUST005223,Reyansh Ansari,9913098107,isha.banerjee290@outlook.com,440095,Nagpur,Maharashtra,2025-09-08,Instagram Ads
CUST005224,Pankaj Agarwal,8666920729,ishaan.naidu772@yahoo.com,342092,Jodhpur,Rajasthan,2025-01-02,WhatsApp Reseller
CUST005225,Ravi Singh,8876085764,vivaan.reddy873@outlook.com,781025,Guwahati,Assam,2024-03-09,WhatsApp Reseller
CUST005226,Ramesh Bhatt,7057275622,krishna.mishra327@yahoo.com,110071,New Delhi,Delhi,2025-02-14,Facebook Ads
CUST005227,Ananya Agarwal,8360569043,simran.das716@rediffmail.com,122096,Gurugram,Haryana,2025-07-29,Instagram Ads
CUST005228,Isha Chatterjee,7449839229,sunita.iyer927@outlook.com,700033,Kolkata,West Bengal,2025-09-03,Instagram Ads
CUST005229,Diya Kumar,9256147686,rohit.iyer587@yahoo.com,440062,Nagpur,Maharashtra,2025-08-26,WhatsApp Reseller
CUST005230,Vihaan Sheikh,7854040261,ayesha.naidu533@rediffmail.com,452007,Indore,Madhya Pradesh,2025-07-29,Unknown
CUST005231,Manoj Shah,8051431641,sunil.shah876@gmail.com,411055,Pune,Maharashtra,2024-05-18,Unknown
CUST005232,Neha Yadav,7833813852,aadhya.chatterjee616@gmail.com,143062,Amritsar,Punjab,2025-11-28,Instagram Ads
CUST005233,Sneha Rathore,9807390049,aditya.sheikh593@outlook.com,625057,Madurai,Tamil Nadu,2025-04-21,Organic Search
CUST005234,Aditya Iyer,6114576832,ananya.gupta585@yahoo.com,580057,Hubli,Karnataka,2024-10-04,Instagram Ads
CUST005235,Vikas Gupta,9892930907,N/A,506006,Warangal,Telangana,2024-09-06,Unknown
CUST005236,Tanvi Desai,9080869782,N/A,641084,Coimbatore,Tamil Nadu,2024-10-21,Organic Search
CUST005237,Krishna Das,6891621529,kavita.ansari153@yahoo.com,625085,Madurai,Tamil Nadu,2024-03-27,Referral
CUST005238,Shreya Ansari,8993919001,ishaan.rathore276@gmail.com,440092,Nagpur,Maharashtra,2024-07-14,Unknown
CUST005239,Sunita Verma,8468356521,N/A,440048,Nagpur,Maharashtra,2024-07-04,Instagram Ads
CUST005240,Lakshmi Khan,6699382145,N/A,440073,Nagpur,Maharashtra,2024-02-11,Facebook Ads
CUST005241,Rajesh Agarwal,9017278539,kavita.sheikh746@outlook.com,580043,Hubli,Karnataka,2025-02-18,Instagram Ads
CUST005242,Krishna Kumar,7068243233,N/A,201075,Ghaziabad,Uttar Pradesh,2025-01-31,Referral
CUST005243,Gurpreet Chauhan,8370526351,priya.banerjee192@outlook.com,474050,Gwalior,Madhya Pradesh,2025-06-02,Facebook Ads
CUST005244,Harpreet Agarwal,9426629912,N/A,122075,Gurugram,Haryana,2025-06-26,Organic Search
CUST005245,Harpreet Sharma,9176014621,zoya.banerjee713@outlook.com,713008,Asansol,West Bengal,2025-02-09,Unknown
CUST005246,Sneha Pillai,6802678224,harpreet.naidu617@yahoo.com,411099,Pune,Maharashtra,2025-12-02,Organic Search
CUST005247,Aarav Banerjee,7550325017,ayesha.chatterjee262@yahoo.com,208023,Kanpur,Uttar Pradesh,2026-01-11,Facebook Ads
CUST005248,Gurpreet Chatterjee,Missing,sunita.chatterjee13@gmail.com,823094,Gaya,Bihar,2026-01-27,Unknown
CUST005249,Ravi Naidu,9292543551,N/A,50004,Hyderabad,Telangana,2025-09-16,Unknown
CUST005250,Shreya Sharma,8651851663,tanvi.kumar370@rediffmail.com,342074,Jodhpur,Rajasthan,2025-02-17,Referral
CUST005251,Pankaj Desai,7466297254,farhan.iyer814@rediffmail.com,400075,Mumbai,Maharashtra,2023-11-18,Instagram Ads
CUST005252,Kiara Singh,8057644974,gurpreet.verma2@yahoo.com,700071,Kolkata,West Bengal,2025-07-30,Unknown
CUST005253,Saanvi Yadav,9540197311,ananya.sharma865@yahoo.com,141021,Ludhiana,Punjab,2024-01-10,Organic Search
CUST005254,Rajesh Reddy,9827765451,kiara.verma923@outlook.com,834029,Ranchi,Jharkhand,2025-03-02,Organic Search
CUST005255,Rajesh Rao,7800436475,suresh.yadav921@rediffmail.com,313094,Udaipur,Rajasthan,2024-12-23,Organic Search
CUST005256,Manoj Chatterjee,6645605956,sneha.nair949@gmail.com,713080,Asansol,West Bengal,2025-11-23,Referral
CUST005257,Mohammed Das,8796229511,N/A,282048,Agra,Uttar Pradesh,2025-01-26,Referral
CUST005258,Geeta Kumar,7493045981,reyansh.mukherjee62@rediffmail.com,282075,Agra,Uttar Pradesh,2024-01-21,Instagram Ads
CUST005259,Arjun Shah,6966645057,vivaan.reddy446@yahoo.com,440075,Nagpur,Maharashtra,2025-07-05,Instagram Ads
CUST005260,Shreya Nair,8300465229,diya.joshi24@outlook.com,422029,Nashik,Maharashtra,2025-11-02,WhatsApp Reseller
CUST005261,Harpreet Sharma,9479114246,shreya.iyer39@gmail.com,313002,Udaipur,Rajasthan,2026-01-18,Organic Search
CUST005262,Rohit Malhotra,8766656749,aditya.malhotra128@outlook.com,500020,Hyderabad,Telangana,2025-07-16,Unknown
CUST005263,Geeta Rao,7081079934,farhan.gupta890@yahoo.com,208003,Kanpur,Uttar Pradesh,2025-04-07,Organic Search
CUST005264,Kiara Chatterjee,8470674091,ayesha.sharma158@outlook.com,121XX6,Faridabad,Haryana,2024-10-29,Referral
CUST005265,Lakshmi Patel,6071421718,N/A,713088,Asansol,West Bengal,2023-11-25,WhatsApp Reseller
CUST005266,Vikas Patel,7429671114,aadhya.chauhan723@rediffmail.com,422028,Nashik,Maharashtra,2025-09-25,WhatsApp Reseller
CUST005267,Arjun Bhatt,6331465657,krishna.menon430@outlook.com,842065,Muzaffarpur,Bihar,2024-05-29,WhatsApp Reseller
CUST005268,Kiara Bhatt,7056201901,N/A,440073,Nagpur,Maharashtra,2025-03-11,Instagram Ads
CUST005269,Gurpreet Patel,7387300603,lakshmi.desai455@rediffmail.com,110029,New Delhi,Delhi,2025-03-03,Organic Search
CUST005270,Aditya Verma,Check Number,sai.das834@outlook.com,221059,Varanasi,Uttar Pradesh,2024-05-19,Instagram Ads
CUST005271,Harpreet Mukherjee,9626923395,harpreet.rao9@gmail.com,834080,Ranchi,Jharkhand,2025-12-31,Instagram Ads
CUST005272,Sai Bhatt,Missing,N/A,422030,Nashik,Maharashtra,2024-02-19,Referral
CUST005273,Pooja Banerjee,8614266053,N/A,121092,Faridabad,Haryana,2024-02-04,WhatsApp Reseller
CUST005274,Krishna Mishra,9043913246,ravi.rao334@gmail.com,360059,Rajkot,Gujarat,2024-12-01,WhatsApp Reseller
CUST005275,Rohit Pillai,7108308320,anil.gupta312@yahoo.com,422073,Nashik,Maharashtra,2025-08-31,Referral
CUST005276,Ananya Naidu,8325658993,riya.singh450@yahoo.com,713004, Asansol ,West Bengal,2023-12-07,Referral
CUST005277,Rohit Gupta,8281435194,krishna.shah879@outlook.com,208068,Kanpur,Uttar Pradesh,2024-03-05,Referral
CUST005278,Vihaan Kumar,8533089233,sai.reddy374@gmail.com,160083,Chandigarh,Chandigarh,2025-10-14,Organic Search
CUST005279,Rajesh Das,7581445422,myra.das915@gmail.com,734092, Siliguri ,West Bengal,2024-04-04,WhatsApp Reseller
CUST005280,Rajesh Sharma,6057883850,sneha.ansari834@gmail.com,121087,Faridabad,Haryana,2026-01-06,Referral
CUST005281,Ravi Banerjee,9397684574,N/A,753058,Cuttack,Odisha,2023-11-13,Referral
CUST005282,Arjun Ansari,8283866470,lakshmi.rao424@yahoo.com,380059,Ahmedabad,Gujarat,2025-03-17,Instagram Ads
CUST005283,Tanvi Sharma,7867950062,N/A,122008,Gurugram,Haryana,2025-04-14,WhatsApp Reseller
CUST005284,Farhan Malhotra,9512054152,harpreet.chauhan514@outlook.com,110038,New Delhi,Delhi,2025-01-01,Organic Search
CUST005285,Imran Naidu,6610376329,kiara.rao812@gmail.com,342062,Jodhpur,Rajasthan,2024-05-10,WhatsApp Reseller
CUST005286,Ishaan Reddy,7159007132,aarav.das736@rediffmail.com,781033,Guwahati,Assam,2025-08-21,Organic Search
CUST005287,Farhan Joshi,7602536873,vihaan.shah152@yahoo.com,452035,Indore,Madhya Pradesh,2024-12-13,Organic Search
CUST005288,Pankaj Yadav,6709117786,tanvi.das618@outlook.com,122048,Gurugram,Haryana,2024-09-19,WhatsApp Reseller
CUST005289,Ramesh Shah,9022963165,krishna.sheikh185@rediffmail.com,160037, Chandigarh ,Chandigarh,2025-06-02,Referral
CUST005290,Vihaan Shah,6428632310,farhan.sheikh328@outlook.com,422033,Nashik,Maharashtra,2024-04-08,Organic Search
CUST005291,Reyansh Patel,6853747411,N/A,121041,Faridabad,Haryana,2025-08-26,Organic Search
CUST005292,Anil Nair,7829885249,N/A,226012,Lucknow,Uttar Pradesh,2024-09-23,Referral
CUST005293,Farhan Nair,9987622957,shreya.desai965@rediffmail.com,16004,Chandigarh,Chandigarh,2025-08-27,WhatsApp Reseller
CUST005294,Simran Naidu,6421162206,N/A,201091,Ghaziabad,Uttar Pradesh,2024-07-01,Instagram Ads
CUST005295,Kiara Naidu,9609483774,ishaan.desai830@yahoo.com,800036,Patna,Bihar,2025-10-23,Referral
CUST005296,Manoj Chatterjee,8651679212,N/A,713011,Asansol,West Bengal,2023-11-17,Referral
CUST005297,Reyansh Joshi,6465951120,kiara.desai834@gmail.com,201077,Ghaziabad,Uttar Pradesh,2025-11-24,Organic Search
CUST005298,Aditya Chauhan,9016316295,arjun.malhotra54@outlook.com,400074,Mumbai,Maharashtra,2025-09-23,Organic Search
CUST005299,Vikas Patel,6465346192,N/A,121074,Faridabad,Haryana,2025-10-18,Unknown
CUST005300,Ananya Bhatt,7334680072,sunil.naidu9@yahoo.com,560039,Bengaluru,Karnataka,2025-12-13,Organic Search
CUST005301,Vikas Patel,9115623067,arjun.ansari590@rediffmail.com,342004,Jodhpur,Rajasthan,2025-12-20,Facebook Ads
CUST005302,Shreya Shah,9880210936,harpreet.malhotra424@outlook.com,682059,Kochi,Kerala,2026-01-16,Organic Search
CUST005303,Saanvi Chatterjee,9168801771,rekha.pillai443@outlook.com,380005,Ahmedabad,Gujarat,2024-08-12,Facebook Ads
CUST005304,Kavita Iyer,6542144773,pooja.malhotra266@gmail.com,226085,Lucknow,Uttar Pradesh,2024-11-18,Facebook Ads
CUST005305,Aditya Verma,7253112904,simran.patel906@outlook.com,751001,Bhubaneswar,Odisha,2023-12-02,WhatsApp Reseller
CUST005306,Imran Agarwal,7875334808,arjun.reddy448@gmail.com,600039,Chennai,Tamil Nadu,2024-01-10,Unknown
CUST005307,Ramesh Shah,Check Number,N/A,580081,Hubli,Karnataka,2024-09-12,Instagram Ads
CUST005308,Farhan Rao,7137420282,shreya.malhotra741@gmail.com,800070,Patna,Bihar,2024-02-23,Facebook Ads
CUST005309,Manoj Rathore,8574443135,N/A,713094,Asansol,West Bengal,2024-10-05,WhatsApp Reseller
CUST005310,Sunita Sheikh,9790104328,sunil.rathore434@gmail.com,440030,Nagpur,Maharashtra,2025-04-14,Organic Search
CUST005311,Imran Bhatt,8637731252,kavita.pillai861@outlook.com,313015,Udaipur,Rajasthan,2024-06-02,Organic Search
CUST005312,Imran Rao,7029487478,diya.joshi162@outlook.com,208085,Kanpur,Uttar Pradesh,2025-06-05,Referral
CUST005313,Farhan Rao,7641996645,neha.pillai230@outlook.com,751099,Bhubaneswar,Odisha,2025-12-12,Referral
CUST005314,Mohammed Banerjee,7023766696,sandeep.patel584@rediffmail.com,834068,Ranchi,Jharkhand,2025-07-12,Referral
CUST005315,Aadhya Mukherjee,7858512990,aditya.verma92@rediffmail.com,823077,Gaya,Bihar,2025-03-26,WhatsApp Reseller
CUST005316,Sai Iyer,6885616971,shreya.patel316@rediffmail.com,800028,Patna,Bihar,2025-02-18,Instagram Ads
CUST005317,Arjun Patel,9069409600,ramesh.kumar266@yahoo.com,834098,Ranchi,Jharkhand,2025-02-28,Facebook Ads
CUST005318,Rajesh Agarwal,6727728276,N/A,700091,Kolkata,West Bengal,2026-01-05,Unknown
CUST005319,Ravi Mukherjee,8947396543,N/A,831005,Jamshedpur,Jharkhand,2024-02-22,Facebook Ads
CUST005320,Deepak Chauhan,8939621835,rohit.pillai271@gmail.com,560013,Bengaluru,Karnataka,2025-09-22,Organic Search
CUST005321,Kiara Patel,7546622308,krishna.chatterjee531@yahoo.com,734060,Siliguri,West Bengal,2025-11-06,Instagram Ads
CUST005322,Kavita Menon,8353344857,N/A,440079,Nagpur,Maharashtra,2025-10-19,Instagram Ads
CUST005323,Sunil Mishra,6286653581,anil.rao563@rediffmail.com,422059,Nashik,Maharashtra,2024-03-03,Instagram Ads
CUST005324,Rekha Pillai,9988290457,ishaan.rao491@gmail.com,831057,Jamshedpur,Jharkhand,2025-05-16,Referral
CUST005325,Geeta Shah,Missing,N/A,121002,Faridabad,Haryana,2024-01-08,Unknown
CUST005326,Kiara Nair,7872913103,ayesha.reddy920@gmail.com,400069,Mumbai,Maharashtra,2024-09-21,Unknown
CUST005327,Simran Sheikh,6139554340,tanvi.ansari81@outlook.com,380084,Ahmedabad,Gujarat,2023-11-10,Unknown
CUST005328,Aadhya Reddy,7126881228,amit.gupta490@gmail.com,500031,Hyderabad,Telangana,2023-11-04,Instagram Ads
CUST005329,Tanvi Kumar,7052734791,vivaan.patel133@rediffmail.com,208099,Kanpur,Uttar Pradesh,2026-01-14,Organic Search
CUST005330,Kavita Malhotra,8865584225,deepak.mishra400@rediffmail.com,422046,Nashik,Maharashtra,2024-01-17,Instagram Ads
CUST005331,Aadhya Sheikh,6627778928,rekha.singh158@rediffmail.com,462030,Bhopal,Madhya Pradesh,2025-08-01,WhatsApp Reseller
CUST005332,Rekha Banerjee,8076296965,jaspreet.das103@rediffmail.com,506009,Warangal,Telangana,2023-11-17,Instagram Ads
CUST005333,Zoya Pillai,8942193793,N/A,474088,Gwalior,Madhya Pradesh,2025-02-08,Organic Search
CUST005334,Suresh Yadav,6374128391,farhan.ansari823@outlook.com,452096,Indore,Madhya Pradesh,2023-12-18,Unknown
CUST005335,Kiara Patel,6337800684,riya.yadav285@yahoo.com,834029,Ranchi,Jharkhand,2025-12-27,Instagram Ads
CUST005336,Diya Patel,8778982767,aditya.mishra987@rediffmail.com,302054,Jaipur,Rajasthan,2025-09-12,Facebook Ads
CUST005337,Sandeep Singh,Missing,kavita.agarwal538@outlook.com,474049,Gwalior,Madhya Pradesh,2025-04-21,Referral
CUST005338,Arjun Iyer,6174748157,reyansh.desai891@rediffmail.com,831024, Jamshedpur ,Jharkhand,2023-12-03,Instagram Ads
CUST005339,Farhan Reddy,8159597752,reyansh.naidu576@yahoo.com,122019,Gurugram,Haryana,2025-03-18,Facebook Ads
CUST005340,Simran Joshi,8255614178,vikas.banerjee29@gmail.com,313095,Udaipur,Rajasthan,2025-03-29,Organic Search
CUST005341,Gurpreet Das,7493618324,arjun.verma170@rediffmail.com,208072,Kanpur,Uttar Pradesh,2025-04-12,Unknown
CUST005342,Kavita Bhatt,6042883222,pooja.mishra901@outlook.com,75301,Cuttack,Odisha,2023-09-26,Facebook Ads
CUST005343,Myra Menon,7015506752,N/A,313083,Udaipur,Rajasthan,2024-09-22,Organic Search
CUST005344,Mohammed Mishra,9918480000,sai.nair245@gmail.com,506087,Warangal,Telangana,2025-03-20,WhatsApp Reseller
CUST005345,Mohammed Banerjee,7357120574,N/A,313064,Udaipur,Rajasthan,2024-01-19,Unknown
CUST005346,Aarav Naidu,6133761915,sunita.sharma102@rediffmail.com,143014,Amritsar,Punjab,2024-03-23,Referral
CUST005347,Isha Patel,8685788434,manoj.mukherjee8@gmail.com,60005,Chennai,Tamil Nadu,2024-10-25,Unknown
CUST005348,Pankaj Singh,8483575314,aarav.rathore101@gmail.com,282051,Agra,Uttar Pradesh,2025-10-14,Facebook Ads
CUST005349,Rajesh Shah,8172897526,N/A,282097,Agra,Uttar Pradesh,2024-05-22,Facebook Ads
CUST005350,Sunita Iyer,7101010071,N/A,625097,Madurai,Tamil Nadu,2025-05-25,Referral
CUST005351,Aditya Nair,6954017749,saanvi.chatterjee280@rediffmail.com,834088,Ranchi,Jharkhand,2025-04-17,Unknown
CUST005352,Reyansh Gupta,7406368019,N/A,400040,Mumbai,Maharashtra,2025-01-28,Organic Search
CUST005353,Harpreet Patel,7179316250,imran.mukherjee203@yahoo.com,400079,Mumbai,Maharashtra,2023-10-20,Unknown
CUST005354,Harpreet Nair,7753624799,farhan.patel784@yahoo.com,800093,Patna,Bihar,2024-07-29,Referral
CUST005355,Anil Nair,9574122876,riya.iyer274@rediffmail.com,110009,New Delhi,Delhi,2023-09-17,Referral
CUST005356,Rajesh Kumar,6319102654,N/A,380083, Ahmedabad ,Gujarat,2024-12-20,WhatsApp Reseller
CUST005357,Ramesh Joshi,7576680895,N/A,342053,Jodhpur,Rajasthan,2025-09-29,Referral
CUST005358,Jaspreet Rathore,6384366113,lakshmi.bhatt730@rediffmail.com,422059,Nashik,Maharashtra,2025-04-25,Unknown
CUST005359,Deepak Mishra,6256265062,diya.reddy98@gmail.com,570019,Mysuru,Karnataka,2024-10-15,Organic Search
CUST005360,Gurpreet Agarwal,9052768373,priya.rao530@outlook.com,160073,Chandigarh,Chandigarh,2024-12-15,Instagram Ads
CUST005361,Ayesha Banerjee,6767699150,N/A,800076,Patna,Bihar,2023-09-15,WhatsApp Reseller
CUST005362,Reyansh Desai,6911359966,aditya.mukherjee663@outlook.com,440073,Nagpur,Maharashtra,2024-05-26,Unknown
CUST005363,Reyansh Mukherjee,8171479685,harpreet.sheikh611@gmail.com,226091,Lucknow,Uttar Pradesh,2024-04-09,Referral
CUST005364,Farhan Kumar,6189733247,tanvi.patel350@outlook.com,160029,Chandigarh,Chandigarh,2023-10-30,WhatsApp Reseller
CUST005365,Sneha Banerjee,9446532554,arjun.singh534@gmail.com,753088,Cuttack,Odisha,2023-08-31,Instagram Ads
CUST005366,Amit Pillai,6802821311,lakshmi.patel319@gmail.com,400038, Mumbai ,Maharashtra,2024-04-09,Organic Search
CUST005367,Simran Bhatt,7487396262,sai.rathore948@yahoo.com,625022,Madurai,Tamil Nadu,2025-03-29,Unknown
CUST005368,Zoya Das,8363776659,N/A,360029,Rajkot,Gujarat,2024-07-15,Facebook Ads
CUST005369,Pankaj Gupta,7769722460,krishna.ansari961@yahoo.com,395071,Surat,Gujarat,2024-05-14,Referral
CUST005370,Rohit Sheikh,7609539349,aarav.banerjee484@rediffmail.com,560057,Bengaluru,Karnataka,2024-10-14,Unknown
CUST005371,Reyansh Verma,9583879633,ravi.mishra288@outlook.com,411050,Pune,Maharashtra,2025-03-17,Facebook Ads
CUST005372,Aarav Ansari,6560557384,rajesh.banerjee7@gmail.com,462048,Bhopal,Madhya Pradesh,2025-11-21,Referral
CUST005373,Kavita Agarwal,7265599933,N/A,641094,Coimbatore,Tamil Nadu,2025-05-26,Unknown
CUST005374,Aditya Sharma,8168645746,sunita.patel858@gmail.com,143046,Amritsar,Punjab,2025-09-20,WhatsApp Reseller
CUST005375,Kiara Joshi,9673727259,vivaan.banerjee966@yahoo.com,110088,New Delhi,Delhi,2024-04-04,Unknown
CUST005376,Sneha Mukherjee,6834404963,sai.sheikh865@gmail.com,302034,Jaipur,Rajasthan,2024-05-13,Instagram Ads
CUST005377,Sneha Verma,8506271810,arjun.shah548@rediffmail.com,380095,Ahmedabad,Gujarat,2024-07-25,Unknown
CUST005378,Ravi Banerjee,7816409891,aadhya.desai45@gmail.com,201007,Ghaziabad,Uttar Pradesh,2025-12-21,Facebook Ads
CUST005379,Mohammed Naidu,6982053377,arjun.kumar541@rediffmail.com,160094,Chandigarh,Chandigarh,2026-01-20,Instagram Ads
CUST005380,Sunil Nair,7148851457,mohammed.banerjee47@rediffmail.com,641004,Coimbatore,Tamil Nadu,2024-06-01,Referral
CUST005381,Rekha Gupta,8815891862,N/A,500082,Hyderabad,Telangana,2023-09-23,Referral
CUST005382,Myra Naidu,6193547286,rajesh.sheikh402@yahoo.com,751002,Bhubaneswar,Odisha,2025-03-14,Instagram Ads
